year,epi_week,lga,confirmed_cases,data_source,date,rainfall_weekly,temp_mean,temp_max,temp_min,humidity_mean,pop_density,population,water_access,sanitation_access,open_defecation,mpi,elevation_m,dist_coast_km,dist_river_km
2018,1,Akoko North-East,0,WHO_literature,2018-01-01,0.0,20.947142857142858,28.54,12.91,54.51714285714286,285,187,62,48,28,0.312,387,187,8
2018,2,Akoko North-East,0,WHO_literature,2018-01-08,0.94,23.655714285714286,30.88,15.78,69.81428571428572,285,187,62,48,28,0.312,387,187,8
2018,3,Akoko North-East,0,WHO_literature,2018-01-15,0.0,23.397142857142857,31.31,16.21,56.38857142857143,285,187,62,48,28,0.312,387,187,8
2018,4,Akoko North-East,0,WHO_literature,2018-01-22,0.0,23.274285714285714,31.32,16.1,52.82142857142857,285,187,62,48,28,0.312,387,187,8
2018,5,Akoko North-East,0,WHO_literature,2018-01-29,1.48,24.334285714285716,34.28,16.29,57.041428571428575,285,187,62,48,28,0.312,387,187,8
2018,6,Akoko North-East,0,WHO_literature,2018-02-05,33.480000000000004,26.534285714285716,34.15,20.75,81.12428571428572,285,187,62,48,28,0.312,387,187,8
2018,7,Akoko North-East,0,WHO_literature,2018-02-12,23.71,26.142857142857142,33.21,20.82,78.99857142857142,285,187,62,48,28,0.312,387,187,8
2018,8,Akoko North-East,0,WHO_literature,2018-02-19,27.75,25.071428571428573,31.89,21.24,84.89428571428572,285,187,62,48,28,0.312,387,187,8
2018,9,Akoko North-East,0,WHO_literature,2018-02-26,2.88,25.755714285714284,33.49,21.4,81.88571428571429,285,187,62,48,28,0.312,387,187,8
2018,10,Akoko North-East,0,WHO_literature,2018-03-05,7.09,25.97142857142857,32.79,21.71,82.28,285,187,62,48,28,0.312,387,187,8
2018,11,Akoko North-East,0,WHO_literature,2018-03-12,27.09,26.004285714285714,32.18,22.04,84.39714285714285,285,187,62,48,28,0.312,387,187,8
2018,12,Akoko North-East,0,WHO_literature,2018-03-19,12.61,25.592857142857145,33.15,21.28,83.39714285714285,285,187,62,48,28,0.312,387,187,8
2018,13,Akoko North-East,0,WHO_literature,2018-03-26,2.59,26.345714285714287,32.93,22.7,83.02571428571427,285,187,62,48,28,0.312,387,187,8
2018,14,Akoko North-East,0,WHO_literature,2018-04-02,7.71,25.904285714285713,31.61,21.8,84.37428571428572,285,187,62,48,28,0.312,387,187,8
2018,15,Akoko North-East,0,WHO_literature,2018-04-09,13.33,25.715714285714284,31.75,21.68,84.11857142857143,285,187,62,48,28,0.312,387,187,8
2018,16,Akoko North-East,0,WHO_literature,2018-04-16,25.92,25.68857142857143,31.31,22.45,86.00857142857141,285,187,62,48,28,0.312,387,187,8
2018,17,Akoko North-East,0,WHO_literature,2018-04-23,16.21,25.532857142857143,30.84,21.74,86.23571428571428,285,187,62,48,28,0.312,387,187,8
2018,18,Akoko North-East,0,WHO_literature,2018-04-30,21.54,25.919999999999998,30.88,22.32,85.90714285714286,285,187,62,48,28,0.312,387,187,8
2018,19,Akoko North-East,0,WHO_literature,2018-05-07,44.160000000000004,24.81714285714286,29.94,21.27,87.39,285,187,62,48,28,0.312,387,187,8
2018,20,Akoko North-East,0,WHO_literature,2018-05-14,40.18,25.26571428571429,30.02,21.38,87.69571428571429,285,187,62,48,28,0.312,387,187,8
2018,21,Akoko North-East,0,WHO_literature,2018-05-21,20.3,25.00142857142857,29.27,21.48,89.23142857142857,285,187,62,48,28,0.312,387,187,8
2018,22,Akoko North-East,0,WHO_literature,2018-05-28,40.22,25.16857142857143,30.65,22.05,88.0257142857143,285,187,62,48,28,0.312,387,187,8
2018,23,Akoko North-East,1,WHO_literature,2018-06-04,113.03,24.8,29.12,21.37,90.03571428571429,285,187,62,48,28,0.312,387,187,8
2018,24,Akoko North-East,1,WHO_literature,2018-06-11,27.75,24.64428571428571,29.31,20.74,88.97,285,187,62,48,28,0.312,387,187,8
2018,25,Akoko North-East,0,WHO_literature,2018-06-18,110.72,23.307142857142857,28.25,20.66,91.76857142857143,285,187,62,48,28,0.312,387,187,8
2018,26,Akoko North-East,1,WHO_literature,2018-06-25,101.85000000000001,23.84142857142857,28.28,20.29,88.77714285714286,285,187,62,48,28,0.312,387,187,8
2018,27,Akoko North-East,0,WHO_literature,2018-07-02,47.07,23.814285714285713,28.58,20.42,89.36285714285714,285,187,62,48,28,0.312,387,187,8
2018,28,Akoko North-East,1,WHO_literature,2018-07-09,28.11,24.27,29.45,20.91,88.56857142857143,285,187,62,48,28,0.312,387,187,8
2018,29,Akoko North-East,0,WHO_literature,2018-07-16,129.5,23.715714285714284,28.32,20.2,90.7242857142857,285,187,62,48,28,0.312,387,187,8
2018,30,Akoko North-East,0,WHO_literature,2018-07-23,87.44,24.17142857142857,29.38,20.81,89.5942857142857,285,187,62,48,28,0.312,387,187,8
2018,31,Akoko North-East,2,WHO_literature,2018-07-30,60.4,23.487142857142857,28.29,19.67,88.91142857142857,285,187,62,48,28,0.312,387,187,8
2018,32,Akoko North-East,1,WHO_literature,2018-08-06,25.92,23.928571428571427,28.38,20.38,89.23571428571428,285,187,62,48,28,0.312,387,187,8
2018,33,Akoko North-East,1,WHO_literature,2018-08-13,45.18,23.574285714285715,28.62,20.47,90.55999999999999,285,187,62,48,28,0.312,387,187,8
2018,34,Akoko North-East,0,WHO_literature,2018-08-20,125.3,23.131428571428575,28.5,20.21,92.65857142857143,285,187,62,48,28,0.312,387,187,8
2018,35,Akoko North-East,0,WHO_literature,2018-08-27,125.58,24.131428571428575,29.11,21.16,89.53714285714285,285,187,62,48,28,0.312,387,187,8
2018,36,Akoko North-East,0,WHO_literature,2018-09-03,183.88,23.542857142857144,27.78,21.05,92.60142857142857,285,187,62,48,28,0.312,387,187,8
2018,37,Akoko North-East,1,WHO_literature,2018-09-10,43.91,23.82,28.45,20.84,90.76285714285714,285,187,62,48,28,0.312,387,187,8
2018,38,Akoko North-East,0,WHO_literature,2018-09-17,72.61,24.527142857142856,29.04,21.3,90.23857142857142,285,187,62,48,28,0.312,387,187,8
2018,39,Akoko North-East,0,WHO_literature,2018-09-24,53.29,24.37142857142857,28.97,21.14,89.9042857142857,285,187,62,48,28,0.312,387,187,8
2018,40,Akoko North-East,0,WHO_literature,2018-10-01,22.61,24.364285714285717,29.42,21.27,90.67285714285715,285,187,62,48,28,0.312,387,187,8
2018,41,Akoko North-East,0,WHO_literature,2018-10-08,41.230000000000004,24.49142857142857,29.07,20.68,88.99142857142859,285,187,62,48,28,0.312,387,187,8
2018,42,Akoko North-East,2,WHO_literature,2018-10-15,38.84,24.99142857142857,30.55,20.49,86.95,285,187,62,48,28,0.312,387,187,8
2018,43,Akoko North-East,0,WHO_literature,2018-10-22,20.65,24.842857142857145,29.92,20.51,89.54285714285713,285,187,62,48,28,0.312,387,187,8
2018,44,Akoko North-East,0,WHO_literature,2018-10-29,50.95,25.12,30.16,21.3,88.49000000000001,285,187,62,48,28,0.312,387,187,8
2018,45,Akoko North-East,1,WHO_literature,2018-11-05,10.41,25.21857142857143,30.07,21.21,84.89714285714285,285,187,62,48,28,0.312,387,187,8
2018,46,Akoko North-East,0,WHO_literature,2018-11-12,10.16,25.47714285714286,30.63,19.87,78.99142857142859,285,187,62,48,28,0.312,387,187,8
2018,47,Akoko North-East,1,WHO_literature,2018-11-19,3.78,25.174285714285713,30.93,17.91,78.11,285,187,62,48,28,0.312,387,187,8
2018,48,Akoko North-East,0,WHO_literature,2018-11-26,0.07,24.95285714285714,30.73,18.75,78.45142857142856,285,187,62,48,28,0.312,387,187,8
2018,49,Akoko North-East,0,WHO_literature,2018-12-03,0.0,24.352857142857143,30.14,17.11,68.85571428571428,285,187,62,48,28,0.312,387,187,8
2018,50,Akoko North-East,0,WHO_literature,2018-12-10,0.25,24.34,31.2,17.46,66.71571428571428,285,187,62,48,28,0.312,387,187,8
2018,51,Akoko North-East,0,WHO_literature,2018-12-17,0.0,23.34857142857143,30.85,15.56,62.357142857142854,285,187,62,48,28,0.312,387,187,8
2018,52,Akoko North-East,0,WHO_literature,2018-12-24,0.0,22.728571428571428,29.25,15.33,61.22428571428571,285,187,62,48,28,0.312,387,187,8
2019,1,Akoko North-East,0,WHO_literature,2019-01-07,0.0,23.25857142857143,30.31,16.67,61.230000000000004,285,187,62,48,28,0.312,387,187,8
2019,2,Akoko North-East,0,WHO_literature,2019-01-14,0.0,23.322857142857142,31.28,16.85,65.3442857142857,285,187,62,48,28,0.312,387,187,8
2019,3,Akoko North-East,0,WHO_literature,2019-01-21,1.45,24.777142857142856,31.3,18.54,78.75285714285714,285,187,62,48,28,0.312,387,187,8
2019,4,Akoko North-East,0,WHO_literature,2019-01-28,10.92,25.428571428571427,32.01,19.19,77.12857142857142,285,187,62,48,28,0.312,387,187,8
2019,5,Akoko North-East,0,WHO_literature,2019-02-04,19.75,25.240000000000002,31.97,20.33,82.08285714285715,285,187,62,48,28,0.312,387,187,8
2019,6,Akoko North-East,0,WHO_literature,2019-02-11,1.72,25.074285714285715,31.45,18.27,70.60714285714286,285,187,62,48,28,0.312,387,187,8
2019,7,Akoko North-East,0,WHO_literature,2019-02-18,0.21000000000000002,24.58142857142857,32.56,17.68,59.08142857142857,285,187,62,48,28,0.312,387,187,8
2019,8,Akoko North-East,0,WHO_literature,2019-02-25,5.96,25.31714285714286,32.14,20.53,80.94142857142857,285,187,62,48,28,0.312,387,187,8
2019,9,Akoko North-East,0,WHO_literature,2019-03-04,8.81,24.91142857142857,31.96,20.19,80.11,285,187,62,48,28,0.312,387,187,8
2019,10,Akoko North-East,0,WHO_literature,2019-03-11,21.78,25.56142857142857,31.01,21.53,84.82285714285715,285,187,62,48,28,0.312,387,187,8
2019,11,Akoko North-East,0,WHO_literature,2019-03-18,3.5300000000000002,26.43,32.85,22.46,82.2942857142857,285,187,62,48,28,0.312,387,187,8
2019,12,Akoko North-East,0,WHO_literature,2019-03-25,9.37,26.292857142857144,33.31,22.22,83.51428571428572,285,187,62,48,28,0.312,387,187,8
2019,13,Akoko North-East,0,WHO_literature,2019-04-01,2.36,26.21,32.02,22.34,84.4057142857143,285,187,62,48,28,0.312,387,187,8
2019,14,Akoko North-East,0,WHO_literature,2019-04-08,7.449999999999999,27.165714285714284,34.36,22.91,81.38428571428572,285,187,62,48,28,0.312,387,187,8
2019,15,Akoko North-East,0,WHO_literature,2019-04-15,18.16,25.771428571428572,32.6,21.43,83.41142857142857,285,187,62,48,28,0.312,387,187,8
2019,16,Akoko North-East,0,WHO_literature,2019-04-22,4.8,26.398571428571426,33.1,21.41,83.13142857142857,285,187,62,48,28,0.312,387,187,8
2019,17,Akoko North-East,0,WHO_literature,2019-04-29,14.580000000000002,26.615714285714287,32.85,23.2,84.48428571428572,285,187,62,48,28,0.312,387,187,8
2019,18,Akoko North-East,0,WHO_literature,2019-05-06,12.48,26.235714285714288,30.68,23.14,86.2,285,187,62,48,28,0.312,387,187,8
2019,19,Akoko North-East,0,WHO_literature,2019-05-13,55.03,25.89428571428571,30.77,22.41,86.78714285714285,285,187,62,48,28,0.312,387,187,8
2019,20,Akoko North-East,0,WHO_literature,2019-05-20,37.25,25.215714285714284,30.69,21.84,87.01857142857143,285,187,62,48,28,0.312,387,187,8
2019,21,Akoko North-East,0,WHO_literature,2019-05-27,25.96,25.611428571428572,30.71,22.37,87.39571428571428,285,187,62,48,28,0.312,387,187,8
2019,22,Akoko North-East,1,WHO_literature,2019-06-03,55.589999999999996,25.07857142857143,29.33,21.98,88.57142857142857,285,187,62,48,28,0.312,387,187,8
2019,23,Akoko North-East,1,WHO_literature,2019-06-10,63.730000000000004,24.754285714285714,29.84,21.51,89.74285714285715,285,187,62,48,28,0.312,387,187,8
2019,24,Akoko North-East,0,WHO_literature,2019-06-17,18.57,24.99142857142857,29.68,21.79,87.87714285714286,285,187,62,48,28,0.312,387,187,8
2019,25,Akoko North-East,0,WHO_literature,2019-06-24,32.4,25.322857142857142,30.36,22.12,88.27285714285713,285,187,62,48,28,0.312,387,187,8
2019,26,Akoko North-East,0,WHO_literature,2019-07-01,161.19,24.41857142857143,29.06,20.48,88.11,285,187,62,48,28,0.312,387,187,8
2019,27,Akoko North-East,1,WHO_literature,2019-07-08,17.68,24.905714285714286,29.84,21.36,88.96000000000001,285,187,62,48,28,0.312,387,187,8
2019,28,Akoko North-East,0,WHO_literature,2019-07-15,62.25,23.78142857142857,29.55,19.97,89.08571428571429,285,187,62,48,28,0.312,387,187,8
2019,29,Akoko North-East,0,WHO_literature,2019-07-22,46.57,24.11285714285714,28.95,20.7,88.64428571428572,285,187,62,48,28,0.312,387,187,8
2019,30,Akoko North-East,2,WHO_literature,2019-07-29,86.44,24.087142857142858,28.16,21.44,90.13571428571427,285,187,62,48,28,0.312,387,187,8
2019,31,Akoko North-East,0,WHO_literature,2019-08-05,44.68,23.801428571428573,29.34,20.76,89.81428571428572,285,187,62,48,28,0.312,387,187,8
2019,32,Akoko North-East,0,WHO_literature,2019-08-12,53.8,23.771428571428572,28.59,21.19,90.37142857142858,285,187,62,48,28,0.312,387,187,8
2019,33,Akoko North-East,0,WHO_literature,2019-08-19,35.43,24.18285714285714,28.2,21.2,89.03999999999999,285,187,62,48,28,0.312,387,187,8
2019,34,Akoko North-East,0,WHO_literature,2019-08-26,107.44,23.36285714285714,28.54,20.28,90.58,285,187,62,48,28,0.312,387,187,8
2019,35,Akoko North-East,0,WHO_literature,2019-09-02,92.57,23.821428571428573,27.88,20.66,89.42571428571429,285,187,62,48,28,0.312,387,187,8
2019,36,Akoko North-East,1,WHO_literature,2019-09-09,57.36,24.06142857142857,29.48,21.12,90.72571428571429,285,187,62,48,28,0.312,387,187,8
2019,37,Akoko North-East,0,WHO_literature,2019-09-16,127.30000000000001,24.03,28.08,20.75,90.58285714285715,285,187,62,48,28,0.312,387,187,8
2019,38,Akoko North-East,0,WHO_literature,2019-09-23,110.67,24.351428571428574,28.72,21.09,90.33428571428571,285,187,62,48,28,0.312,387,187,8
2019,39,Akoko North-East,0,WHO_literature,2019-09-30,92.94,24.207142857142856,28.93,20.69,90.71714285714286,285,187,62,48,28,0.312,387,187,8
2019,40,Akoko North-East,0,WHO_literature,2019-10-07,114.86,23.599999999999998,28.44,20.46,90.65714285714286,285,187,62,48,28,0.312,387,187,8
2019,41,Akoko North-East,0,WHO_literature,2019-10-14,217.92000000000002,23.768571428571427,27.78,20.81,92.75142857142858,285,187,62,48,28,0.312,387,187,8
2019,42,Akoko North-East,0,WHO_literature,2019-10-21,104.07,24.217142857142857,29.16,20.6,90.35142857142857,285,187,62,48,28,0.312,387,187,8
2019,43,Akoko North-East,0,WHO_literature,2019-10-28,81.0,24.254285714285714,29.62,19.98,89.12571428571428,285,187,62,48,28,0.312,387,187,8
2019,44,Akoko North-East,1,WHO_literature,2019-11-04,42.2,24.22142857142857,28.29,20.52,89.26142857142858,285,187,62,48,28,0.312,387,187,8
2019,45,Akoko North-East,0,WHO_literature,2019-11-11,6.390000000000001,25.801428571428573,30.43,21.54,80.51428571428572,285,187,62,48,28,0.312,387,187,8
2019,46,Akoko North-East,1,WHO_literature,2019-11-18,30.06,25.34714285714286,30.38,21.51,85.58571428571429,285,187,62,48,28,0.312,387,187,8
2019,47,Akoko North-East,0,WHO_literature,2019-11-25,6.39,25.767142857142858,30.91,21.28,83.29714285714286,285,187,62,48,28,0.312,387,187,8
2019,48,Akoko North-East,0,WHO_literature,2019-12-02,1.87,25.3,30.96,19.67,76.94285714285715,285,187,62,48,28,0.312,387,187,8
2019,49,Akoko North-East,0,WHO_literature,2019-12-09,71.79,24.827142857142857,30.36,18.89,78.38142857142857,285,187,62,48,28,0.312,387,187,8
2019,50,Akoko North-East,0,WHO_literature,2019-12-16,2.75,24.494285714285716,30.33,18.25,69.05285714285715,285,187,62,48,28,0.312,387,187,8
2019,51,Akoko North-East,0,WHO_literature,2019-12-23,0.01,24.368571428571432,31.09,17.44,61.55571428571428,285,187,62,48,28,0.312,387,187,8
2019,52,Akoko North-East,0,WHO_literature,2019-12-30,0.0,23.247142857142858,30.45,15.37,56.88714285714286,285,187,62,48,28,0.312,387,187,8
2020,1,Akoko North-East,0,WHO_literature,2020-01-06,0.0,21.391428571428573,29.52,14.59,64.28142857142858,285,187,62,48,28,0.312,387,187,8
2020,2,Akoko North-East,0,WHO_literature,2020-01-13,0.06,24.118571428571432,30.82,17.57,68.11,285,187,62,48,28,0.312,387,187,8
2020,3,Akoko North-East,0,WHO_literature,2020-01-20,0.02,24.434285714285714,31.9,16.6,61.1,285,187,62,48,28,0.312,387,187,8
2020,4,Akoko North-East,0,WHO_literature,2020-01-27,0.0,22.462857142857143,30.85,12.22,53.221428571428575,285,187,62,48,28,0.312,387,187,8
2020,5,Akoko North-East,0,WHO_literature,2020-02-03,0.0,23.03142857142857,31.09,15.1,49.19285714285714,285,187,62,48,28,0.312,387,187,8
2020,6,Akoko North-East,0,WHO_literature,2020-02-10,0.0,24.212857142857143,31.82,15.73,60.54571428571428,285,187,62,48,28,0.312,387,187,8
2020,7,Akoko North-East,0,WHO_literature,2020-02-17,0.0,24.157142857142855,32.71,16.02,57.01285714285715,285,187,62,48,28,0.312,387,187,8
2020,8,Akoko North-East,0,WHO_literature,2020-02-24,0.0,25.84714285714286,33.65,19.52,74.64142857142858,285,187,62,48,28,0.312,387,187,8
2020,9,Akoko North-East,0,WHO_literature,2020-03-02,0.38,25.75714285714286,32.73,20.43,72.74142857142857,285,187,62,48,28,0.312,387,187,8
2020,10,Akoko North-East,0,WHO_literature,2020-03-09,8.26,26.31714285714286,34.49,20.18,80.45285714285716,285,187,62,48,28,0.312,387,187,8
2020,11,Akoko North-East,0,WHO_literature,2020-03-16,20.6,26.292857142857144,32.75,20.39,81.08,285,187,62,48,28,0.312,387,187,8
2020,12,Akoko North-East,0,WHO_literature,2020-03-23,8.299999999999999,26.537142857142857,32.29,22.76,83.99714285714286,285,187,62,48,28,0.312,387,187,8
2020,13,Akoko North-East,0,WHO_literature,2020-03-30,22.0,25.648571428571426,31.69,21.62,84.95857142857143,285,187,62,48,28,0.312,387,187,8
2020,14,Akoko North-East,0,WHO_literature,2020-04-06,19.18,25.835714285714285,31.08,22.87,86.94714285714285,285,187,62,48,28,0.312,387,187,8
2020,15,Akoko North-East,0,WHO_literature,2020-04-13,44.73,25.15142857142857,31.6,20.28,83.17285714285715,285,187,62,48,28,0.312,387,187,8
2020,16,Akoko North-East,0,WHO_literature,2020-04-20,2.11,27.068571428571428,33.45,21.91,81.92714285714285,285,187,62,48,28,0.312,387,187,8
2020,17,Akoko North-East,0,WHO_literature,2020-04-27,35.57,25.437142857142856,29.65,22.04,87.18999999999998,285,187,62,48,28,0.312,387,187,8
2020,18,Akoko North-East,0,WHO_literature,2020-05-04,42.57,25.541428571428572,31.04,21.8,88.71571428571428,285,187,62,48,28,0.312,387,187,8
2020,19,Akoko North-East,0,WHO_literature,2020-05-11,19.53,26.255714285714284,31.57,22.54,85.78142857142858,285,187,62,48,28,0.312,387,187,8
2020,20,Akoko North-East,0,WHO_literature,2020-05-18,19.48,25.611428571428572,30.72,21.76,86.26285714285714,285,187,62,48,28,0.312,387,187,8
2020,21,Akoko North-East,0,WHO_literature,2020-05-25,35.05,25.275714285714287,31.15,21.23,87.81428571428572,285,187,62,48,28,0.312,387,187,8
2020,22,Akoko North-East,0,WHO_literature,2020-06-01,54.93,24.958571428571428,29.09,21.67,89.49714285714286,285,187,62,48,28,0.312,387,187,8
2020,23,Akoko North-East,0,WHO_literature,2020-06-08,74.68,24.787142857142857,28.97,22.03,90.20428571428572,285,187,62,48,28,0.312,387,187,8
2020,24,Akoko North-East,0,WHO_literature,2020-06-15,64.32000000000001,24.46,29.32,21.26,89.60285714285715,285,187,62,48,28,0.312,387,187,8
2020,25,Akoko North-East,0,WHO_literature,2020-06-22,50.21,24.59,30.11,20.29,88.87857142857142,285,187,62,48,28,0.312,387,187,8
2020,26,Akoko North-East,1,WHO_literature,2020-06-29,68.91,24.451428571428572,28.87,21.53,89.31857142857143,285,187,62,48,28,0.312,387,187,8
2020,27,Akoko North-East,0,WHO_literature,2020-07-06,75.9,23.99142857142857,28.51,21.03,89.97857142857143,285,187,62,48,28,0.312,387,187,8
2020,28,Akoko North-East,0,WHO_literature,2020-07-13,74.05,23.805714285714284,28.28,20.9,90.71571428571428,285,187,62,48,28,0.312,387,187,8
2020,29,Akoko North-East,1,WHO_literature,2020-07-20,69.06,23.134285714285713,27.84,20.52,90.57285714285715,285,187,62,48,28,0.312,387,187,8
2020,30,Akoko North-East,0,WHO_literature,2020-07-27,61.839999999999996,23.54,28.15,20.89,90.19428571428571,285,187,62,48,28,0.312,387,187,8
2020,31,Akoko North-East,0,WHO_literature,2020-08-03,27.95,23.495714285714286,28.45,20.11,89.26142857142858,285,187,62,48,28,0.312,387,187,8
2020,32,Akoko North-East,0,WHO_literature,2020-08-10,6.25,22.55857142857143,28.28,18.13,88.01428571428572,285,187,62,48,28,0.312,387,187,8
2020,33,Akoko North-East,0,WHO_literature,2020-08-17,4.78,23.259999999999998,29.69,18.28,86.67428571428572,285,187,62,48,28,0.312,387,187,8
2020,34,Akoko North-East,0,WHO_literature,2020-08-24,35.73,23.87857142857143,29.64,20.65,89.48571428571428,285,187,62,48,28,0.312,387,187,8
2020,35,Akoko North-East,0,WHO_literature,2020-08-31,19.62,23.407142857142855,28.5,19.94,88.47142857142858,285,187,62,48,28,0.312,387,187,8
2020,36,Akoko North-East,0,WHO_literature,2020-09-07,165.73000000000002,23.58857142857143,28.82,20.51,90.41142857142857,285,187,62,48,28,0.312,387,187,8
2020,37,Akoko North-East,0,WHO_literature,2020-09-14,138.67000000000002,23.96857142857143,29.49,20.33,89.10000000000001,285,187,62,48,28,0.312,387,187,8
2020,38,Akoko North-East,0,WHO_literature,2020-09-21,88.53999999999999,24.011428571428574,28.43,20.78,89.77142857142857,285,187,62,48,28,0.312,387,187,8
2020,39,Akoko North-East,0,WHO_literature,2020-09-28,65.22,23.68,27.82,20.44,89.72142857142856,285,187,62,48,28,0.312,387,187,8
2020,40,Akoko North-East,0,WHO_literature,2020-10-05,58.769999999999996,24.002857142857142,28.56,20.63,90.09285714285714,285,187,62,48,28,0.312,387,187,8
2020,41,Akoko North-East,0,WHO_literature,2020-10-12,70.25,23.431428571428572,27.81,19.16,89.37,285,187,62,48,28,0.312,387,187,8
2020,42,Akoko North-East,0,WHO_literature,2020-10-19,50.07,24.544285714285714,29.91,20.65,88.85000000000001,285,187,62,48,28,0.312,387,187,8
2020,43,Akoko North-East,0,WHO_literature,2020-10-26,22.29,25.118571428571432,30.35,21.26,86.88142857142857,285,187,62,48,28,0.312,387,187,8
2020,44,Akoko North-East,0,WHO_literature,2020-11-02,4.87,25.287142857142857,30.88,19.91,82.40857142857143,285,187,62,48,28,0.312,387,187,8
2020,45,Akoko North-East,0,WHO_literature,2020-11-09,4.87,24.907142857142855,30.04,19.39,81.44285714285715,285,187,62,48,28,0.312,387,187,8
2020,46,Akoko North-East,0,WHO_literature,2020-11-16,6.92,24.38714285714286,29.79,19.46,79.14999999999999,285,187,62,48,28,0.312,387,187,8
2020,47,Akoko North-East,0,WHO_literature,2020-11-23,1.06,24.518571428571427,30.05,18.67,74.19714285714285,285,187,62,48,28,0.312,387,187,8
2020,48,Akoko North-East,0,WHO_literature,2020-11-30,23.4,25.444285714285716,31.03,19.97,79.44285714285715,285,187,62,48,28,0.312,387,187,8
2020,49,Akoko North-East,0,WHO_literature,2020-12-07,0.09,24.792857142857144,31.38,18.17,74.84142857142857,285,187,62,48,28,0.312,387,187,8
2020,50,Akoko North-East,0,WHO_literature,2020-12-14,4.49,24.69142857142857,31.0,20.27,85.02428571428571,285,187,62,48,28,0.312,387,187,8
2020,51,Akoko North-East,0,WHO_literature,2020-12-21,4.9,24.900000000000002,30.84,19.18,82.94857142857143,285,187,62,48,28,0.312,387,187,8
2020,52,Akoko North-East,0,WHO_literature,2020-12-28,0.5,24.345714285714283,31.35,16.81,77.33,285,187,62,48,28,0.312,387,187,8
2021,1,Akoko North-East,0,WHO_literature,2021-01-04,7.3100000000000005,25.174285714285713,32.02,19.18,80.01142857142858,285,187,62,48,28,0.312,387,187,8
2021,2,Akoko North-East,0,WHO_literature,2021-01-11,0.12000000000000001,24.827142857142857,32.24,16.67,69.20285714285714,285,187,62,48,28,0.312,387,187,8
2021,3,Akoko North-East,0,WHO_literature,2021-01-18,0.0,23.935714285714287,31.75,16.01,59.29857142857143,285,187,62,48,28,0.312,387,187,8
2021,4,Akoko North-East,0,WHO_literature,2021-01-25,0.98,24.608571428571427,32.52,17.06,73.89428571428572,285,187,62,48,28,0.312,387,187,8
2021,5,Akoko North-East,0,WHO_literature,2021-02-01,0.72,25.34142857142857,32.47,19.35,75.33142857142857,285,187,62,48,28,0.312,387,187,8
2021,6,Akoko North-East,0,WHO_literature,2021-02-08,6.78,26.74857142857143,33.93,21.88,77.25142857142858,285,187,62,48,28,0.312,387,187,8
2021,7,Akoko North-East,0,WHO_literature,2021-02-15,1.2,25.111428571428572,32.83,15.79,57.284285714285716,285,187,62,48,28,0.312,387,187,8
2021,8,Akoko North-East,0,WHO_literature,2021-02-22,0.88,25.822857142857142,34.01,18.9,74.5,285,187,62,48,28,0.312,387,187,8
2021,9,Akoko North-East,0,WHO_literature,2021-03-01,0.41000000000000003,27.172857142857143,35.37,21.49,73.96000000000001,285,187,62,48,28,0.312,387,187,8
2021,10,Akoko North-East,0,WHO_literature,2021-03-08,19.810000000000002,25.891428571428573,32.43,22.74,84.31857142857143,285,187,62,48,28,0.312,387,187,8
2021,11,Akoko North-East,0,WHO_literature,2021-03-15,17.96,24.824285714285715,29.74,21.9,85.75857142857141,285,187,62,48,28,0.312,387,187,8
2021,12,Akoko North-East,0,WHO_literature,2021-03-22,23.24,25.812857142857144,32.21,21.66,82.49428571428572,285,187,62,48,28,0.312,387,187,8
2021,13,Akoko North-East,0,WHO_literature,2021-03-29,0.33,26.94,33.81,21.84,75.55857142857143,285,187,62,48,28,0.312,387,187,8
2021,14,Akoko North-East,0,WHO_literature,2021-04-05,47.699999999999996,26.25857142857143,31.79,23.02,84.23714285714286,285,187,62,48,28,0.312,387,187,8
2021,15,Akoko North-East,0,WHO_literature,2021-04-12,86.68,24.94857142857143,29.99,21.93,87.27857142857144,285,187,62,48,28,0.312,387,187,8
2021,16,Akoko North-East,0,WHO_literature,2021-04-19,25.51,25.215714285714284,30.49,21.6,87.89142857142858,285,187,62,48,28,0.312,387,187,8
2021,17,Akoko North-East,0,WHO_literature,2021-04-26,9.31,25.955714285714286,31.34,22.48,86.18142857142857,285,187,62,48,28,0.312,387,187,8
2021,18,Akoko North-East,0,WHO_literature,2021-05-03,37.76,24.942857142857143,30.73,21.26,85.98428571428572,285,187,62,48,28,0.312,387,187,8
2021,19,Akoko North-East,0,WHO_literature,2021-05-10,22.689999999999998,25.571428571428573,30.83,20.55,86.51428571428572,285,187,62,48,28,0.312,387,187,8
2021,20,Akoko North-East,1,WHO_literature,2021-05-17,39.53,25.33142857142857,30.32,21.1,88.12571428571428,285,187,62,48,28,0.312,387,187,8
2021,21,Akoko North-East,2,WHO_literature,2021-05-24,38.82,25.602857142857143,30.5,22.38,89.27857142857144,285,187,62,48,28,0.312,387,187,8
2021,22,Akoko North-East,0,WHO_literature,2021-05-31,107.2,25.024285714285718,30.16,21.79,88.7,285,187,62,48,28,0.312,387,187,8
2021,23,Akoko North-East,2,WHO_literature,2021-06-07,39.21,25.117142857142856,30.68,21.26,87.24571428571429,285,187,62,48,28,0.312,387,187,8
2021,24,Akoko North-East,3,WHO_literature,2021-06-14,59.31,24.54714285714286,29.32,20.91,90.03714285714285,285,187,62,48,28,0.312,387,187,8
2021,25,Akoko North-East,2,WHO_literature,2021-06-21,47.9,24.464285714285715,30.57,20.98,87.97714285714287,285,187,62,48,28,0.312,387,187,8
2021,26,Akoko North-East,2,WHO_literature,2021-06-28,52.83,23.990000000000002,29.0,20.27,88.40428571428572,285,187,62,48,28,0.312,387,187,8
2021,27,Akoko North-East,2,WHO_literature,2021-07-05,31.63,23.792857142857144,28.36,20.92,89.75428571428571,285,187,62,48,28,0.312,387,187,8
2021,28,Akoko North-East,4,WHO_literature,2021-07-12,88.17,24.101428571428574,28.37,21.0,89.14999999999999,285,187,62,48,28,0.312,387,187,8
2021,29,Akoko North-East,3,WHO_literature,2021-07-19,41.01,23.895714285714284,28.9,20.7,88.98714285714287,285,187,62,48,28,0.312,387,187,8
2021,30,Akoko North-East,4,WHO_literature,2021-07-26,33.5,23.654285714285717,28.52,20.22,88.69428571428571,285,187,62,48,28,0.312,387,187,8
2021,31,Akoko North-East,0,WHO_literature,2021-08-02,115.19,23.382857142857144,28.26,20.43,91.6557142857143,285,187,62,48,28,0.312,387,187,8
2021,32,Akoko North-East,0,WHO_literature,2021-08-09,123.91,23.624285714285715,28.29,19.96,90.83,285,187,62,48,28,0.312,387,187,8
2021,33,Akoko North-East,1,WHO_literature,2021-08-16,106.76,23.00142857142857,27.07,20.48,91.92142857142858,285,187,62,48,28,0.312,387,187,8
2021,34,Akoko North-East,2,WHO_literature,2021-08-23,63.269999999999996,24.202857142857145,28.5,20.76,90.22142857142856,285,187,62,48,28,0.312,387,187,8
2021,35,Akoko North-East,2,WHO_literature,2021-08-30,108.0,24.024285714285714,29.32,20.6,90.12428571428572,285,187,62,48,28,0.312,387,187,8
2021,36,Akoko North-East,1,WHO_literature,2021-09-06,64.03999999999999,23.95285714285714,29.04,20.5,90.32285714285715,285,187,62,48,28,0.312,387,187,8
2021,37,Akoko North-East,0,WHO_literature,2021-09-13,39.72,24.102857142857143,28.35,20.83,90.42428571428572,285,187,62,48,28,0.312,387,187,8
2021,38,Akoko North-East,4,WHO_literature,2021-09-20,101.46000000000001,23.97142857142857,28.16,20.12,90.59285714285714,285,187,62,48,28,0.312,387,187,8
2021,39,Akoko North-East,2,WHO_literature,2021-09-27,63.01,24.310000000000002,28.92,21.07,90.23428571428572,285,187,62,48,28,0.312,387,187,8
2021,40,Akoko North-East,1,WHO_literature,2021-10-04,75.97,24.884285714285713,29.58,21.17,90.48,285,187,62,48,28,0.312,387,187,8
2021,41,Akoko North-East,0,WHO_literature,2021-10-11,39.8,24.98428571428571,29.13,21.31,89.63285714285713,285,187,62,48,28,0.312,387,187,8
2021,42,Akoko North-East,3,WHO_literature,2021-10-18,37.28,24.43857142857143,29.17,21.22,89.13428571428572,285,187,62,48,28,0.312,387,187,8
2021,43,Akoko North-East,0,WHO_literature,2021-10-25,67.38,25.155714285714286,30.15,21.39,87.55,285,187,62,48,28,0.312,387,187,8
2021,44,Akoko North-East,1,WHO_literature,2021-11-01,49.15,24.88714285714286,29.75,21.1,88.17571428571429,285,187,62,48,28,0.312,387,187,8
2021,45,Akoko North-East,0,WHO_literature,2021-11-08,181.51,25.542857142857144,29.98,21.68,85.80571428571429,285,187,62,48,28,0.312,387,187,8
2021,46,Akoko North-East,1,WHO_literature,2021-11-15,244.17,25.145714285714288,29.87,20.1,85.29857142857144,285,187,62,48,28,0.312,387,187,8
2021,47,Akoko North-East,0,NCDC_real,2021-11-22,14.450000000000001,25.035714285714285,29.87,19.45,81.55857142857143,285,187,62,48,28,0.312,387,187,8
2021,48,Akoko North-East,2,WHO_literature,2021-11-29,29.439999999999998,25.195714285714285,30.44,19.8,79.35571428571428,285,187,62,48,28,0.312,387,187,8
2021,49,Akoko North-East,0,WHO_literature,2021-12-06,13.18,24.47142857142857,29.84,18.09,74.74857142857142,285,187,62,48,28,0.312,387,187,8
2021,50,Akoko North-East,0,NCDC_real,2021-12-13,254.01,23.08857142857143,30.1,16.1,75.93571428571428,285,187,62,48,28,0.312,387,187,8
2021,51,Akoko North-East,0,WHO_literature,2021-12-20,1.24,22.771428571428572,30.61,16.17,73.97714285714287,285,187,62,48,28,0.312,387,187,8
2021,52,Akoko North-East,1,WHO_literature,2021-12-27,46.620000000000005,23.57857142857143,29.88,17.94,76.85571428571428,285,187,62,48,28,0.312,387,187,8
2022,1,Akoko North-East,0,WHO_literature,2022-01-03,21.97,23.392857142857142,30.44,16.85,71.08428571428571,285,187,62,48,28,0.312,387,187,8
2022,2,Akoko North-East,0,WHO_literature,2022-01-10,71.84,24.685714285714287,30.13,19.94,80.97285714285714,285,187,62,48,28,0.312,387,187,8
2022,3,Akoko North-East,0,WHO_literature,2022-01-17,6.98,21.722857142857144,29.08,15.0,69.34714285714286,285,187,62,48,28,0.312,387,187,8
2022,4,Akoko North-East,0,WHO_literature,2022-01-24,0.18,21.235714285714288,28.94,13.74,66.51571428571428,285,187,62,48,28,0.312,387,187,8
2022,5,Akoko North-East,0,WHO_literature,2022-01-31,0.0,21.662857142857142,29.2,12.86,59.58142857142857,285,187,62,48,28,0.312,387,187,8
2022,6,Akoko North-East,0,WHO_literature,2022-02-07,28.29,23.964285714285715,30.92,16.33,62.75142857142857,285,187,62,48,28,0.312,387,187,8
2022,7,Akoko North-East,0,WHO_literature,2022-02-14,8.29,25.46857142857143,32.62,19.52,78.35142857142857,285,187,62,48,28,0.312,387,187,8
2022,8,Akoko North-East,0,WHO_literature,2022-02-21,31.919999999999998,25.439999999999998,31.82,18.99,75.67571428571429,285,187,62,48,28,0.312,387,187,8
2022,9,Akoko North-East,0,WHO_literature,2022-02-28,52.99,25.07857142857143,31.29,20.78,87.35714285714286,285,187,62,48,28,0.312,387,187,8
2022,10,Akoko North-East,0,WHO_literature,2022-03-07,15.77,25.794285714285714,30.6,22.35,87.25857142857144,285,187,62,48,28,0.312,387,187,8
2022,11,Akoko North-East,0,WHO_literature,2022-03-14,16.049999999999997,25.864285714285717,31.89,22.28,86.08571428571429,285,187,62,48,28,0.312,387,187,8
2022,12,Akoko North-East,0,WHO_literature,2022-03-21,50.65,25.922857142857143,31.8,21.34,85.51857142857143,285,187,62,48,28,0.312,387,187,8
2022,13,Akoko North-East,0,WHO_literature,2022-03-28,46.26,25.627142857142854,30.8,18.76,85.02285714285713,285,187,62,48,28,0.312,387,187,8
2022,14,Akoko North-East,0,WHO_literature,2022-04-04,38.79,25.315714285714282,30.17,20.62,89.03714285714285,285,187,62,48,28,0.312,387,187,8
2022,15,Akoko North-East,0,WHO_literature,2022-04-11,29.18,24.8,29.82,21.84,89.23285714285714,285,187,62,48,28,0.312,387,187,8
2022,16,Akoko North-East,0,WHO_literature,2022-04-18,33.29,25.069999999999997,30.29,21.94,88.2057142857143,285,187,62,48,28,0.312,387,187,8
2022,17,Akoko North-East,0,WHO_literature,2022-04-25,51.83,24.701428571428572,29.48,21.39,89.41999999999999,285,187,62,48,28,0.312,387,187,8
2022,18,Akoko North-East,0,WHO_literature,2022-05-02,15.83,25.235714285714288,29.77,21.98,88.37,285,187,62,48,28,0.312,387,187,8
2022,19,Akoko North-East,1,WHO_literature,2022-05-09,36.92,25.59857142857143,30.32,21.58,88.80428571428571,285,187,62,48,28,0.312,387,187,8
2022,20,Akoko North-East,1,WHO_literature,2022-05-16,49.81,25.14428571428571,30.49,21.66,89.21285714285715,285,187,62,48,28,0.312,387,187,8
2022,21,Akoko North-East,0,WHO_literature,2022-05-23,25.22,24.52285714285714,29.05,21.12,89.26714285714286,285,187,62,48,28,0.312,387,187,8
2022,22,Akoko North-East,1,WHO_literature,2022-05-30,49.13,24.84142857142857,30.05,21.5,88.9557142857143,285,187,62,48,28,0.312,387,187,8
2022,23,Akoko North-East,2,WHO_literature,2022-06-06,128.0,24.044285714285714,28.2,20.28,91.00285714285714,285,187,62,48,28,0.312,387,187,8
2022,24,Akoko North-East,1,WHO_literature,2022-06-13,41.160000000000004,23.93285714285714,28.43,20.98,91.95428571428572,285,187,62,48,28,0.312,387,187,8
2022,25,Akoko North-East,2,WHO_literature,2022-06-20,63.589999999999996,23.888571428571428,28.46,21.04,91.45714285714287,285,187,62,48,28,0.312,387,187,8
2022,26,Akoko North-East,2,WHO_literature,2022-06-27,43.300000000000004,23.571428571428573,28.18,19.96,90.64285714285714,285,187,62,48,28,0.312,387,187,8
2022,27,Akoko North-East,3,WHO_literature,2022-07-04,48.57,24.071428571428573,28.99,20.22,91.13857142857144,285,187,62,48,28,0.312,387,187,8
2022,28,Akoko North-East,3,WHO_literature,2022-07-11,15.24,24.184285714285714,28.62,21.12,89.25142857142858,285,187,62,48,28,0.312,387,187,8
2022,29,Akoko North-East,2,WHO_literature,2022-07-18,26.78,23.57857142857143,27.96,20.37,89.36,285,187,62,48,28,0.312,387,187,8
2022,30,Akoko North-East,0,WHO_literature,2022-07-25,56.230000000000004,23.497142857142855,28.05,20.51,91.09,285,187,62,48,28,0.312,387,187,8
2022,31,Akoko North-East,0,WHO_literature,2022-08-01,10.89,23.66142857142857,28.62,19.46,88.23285714285714,285,187,62,48,28,0.312,387,187,8
2022,32,Akoko North-East,1,WHO_literature,2022-08-08,68.74,23.557142857142857,27.93,20.76,91.11571428571428,285,187,62,48,28,0.312,387,187,8
2022,33,Akoko North-East,2,WHO_literature,2022-08-15,43.9,23.49142857142857,28.83,19.33,89.20428571428572,285,187,62,48,28,0.312,387,187,8
2022,34,Akoko North-East,2,WHO_literature,2022-08-22,80.73,23.228571428571428,27.55,20.26,91.01,285,187,62,48,28,0.312,387,187,8
2022,35,Akoko North-East,0,WHO_literature,2022-08-29,60.71,23.54,28.06,20.13,90.44857142857143,285,187,62,48,28,0.312,387,187,8
2022,36,Akoko North-East,0,WHO_literature,2022-09-05,45.83,23.98857142857143,28.23,20.82,89.90285714285714,285,187,62,48,28,0.312,387,187,8
2022,37,Akoko North-East,4,WHO_literature,2022-09-12,65.3,23.774285714285714,28.55,20.53,91.60857142857142,285,187,62,48,28,0.312,387,187,8
2022,38,Akoko North-East,2,WHO_literature,2022-09-19,59.83,23.818571428571428,28.3,20.27,90.82714285714285,285,187,62,48,28,0.312,387,187,8
2022,39,Akoko North-East,1,WHO_literature,2022-09-26,116.46,23.051428571428573,28.08,20.38,91.63,285,187,62,48,28,0.312,387,187,8
2022,40,Akoko North-East,0,WHO_literature,2022-10-03,167.92000000000002,24.114285714285717,28.93,20.26,89.80999999999999,285,187,62,48,28,0.312,387,187,8
2022,41,Akoko North-East,2,WHO_literature,2022-10-10,76.85,24.534285714285716,29.44,20.59,87.60285714285715,285,187,62,48,28,0.312,387,187,8
2022,42,Akoko North-East,0,WHO_literature,2022-10-17,20.7,24.872857142857146,29.75,21.01,85.62857142857142,285,187,62,48,28,0.312,387,187,8
2022,43,Akoko North-East,1,WHO_literature,2022-10-24,2.44,25.12857142857143,29.94,19.63,78.84142857142857,285,187,62,48,28,0.312,387,187,8
2022,44,Akoko North-East,0,WHO_literature,2022-10-31,8.29,24.725714285714286,29.83,18.57,78.17571428571429,285,187,62,48,28,0.312,387,187,8
2022,45,Akoko North-East,1,WHO_literature,2022-11-07,8.26,25.172857142857143,30.52,20.89,80.48857142857143,285,187,62,48,28,0.312,387,187,8
2022,46,Akoko North-East,0,WHO_literature,2022-11-14,0.56,24.62857142857143,30.04,18.31,75.86714285714287,285,187,62,48,28,0.312,387,187,8
2022,47,Akoko North-East,2,WHO_literature,2022-11-21,0.6799999999999999,24.201428571428572,29.99,17.42,72.11571428571429,285,187,62,48,28,0.312,387,187,8
2022,48,Akoko North-East,0,WHO_literature,2022-11-28,2.31,24.625714285714285,29.71,19.74,77.55142857142857,285,187,62,48,28,0.312,387,187,8
2022,49,Akoko North-East,0,WHO_literature,2022-12-05,0.02,23.82857142857143,30.13,16.4,66.12571428571428,285,187,62,48,28,0.312,387,187,8
2022,50,Akoko North-East,0,WHO_literature,2022-12-12,6.49,23.955714285714286,30.29,18.41,81.16285714285713,285,187,62,48,28,0.312,387,187,8
2022,51,Akoko North-East,1,WHO_literature,2022-12-19,0.0,21.97,28.62,14.71,62.53857142857142,285,187,62,48,28,0.312,387,187,8
2022,52,Akoko North-East,0,WHO_literature,2022-12-26,0.0,21.327142857142857,28.9,14.2,62.59571428571429,285,187,62,48,28,0.312,387,187,8
2023,1,Akoko North-East,0,WHO_literature,2023-01-02,0.0,23.155714285714286,30.33,16.07,61.40714285714286,285,187,62,48,28,0.312,387,187,8
2023,2,Akoko North-East,0,WHO_literature,2023-01-09,0.03,22.305714285714284,30.46,13.96,54.792857142857144,285,187,62,48,28,0.312,387,187,8
2023,3,Akoko North-East,0,WHO_literature,2023-01-16,0.7,24.142857142857142,31.86,16.29,64.66571428571429,285,187,62,48,28,0.312,387,187,8
2023,4,Akoko North-East,0,WHO_literature,2023-01-23,2.2,24.985714285714288,33.07,18.9,80.05857142857143,285,187,62,48,28,0.312,387,187,8
2023,5,Akoko North-East,0,WHO_literature,2023-01-30,35.17,25.47714285714286,32.58,20.87,79.12571428571428,285,187,62,48,28,0.312,387,187,8
2023,6,Akoko North-East,0,WHO_literature,2023-02-06,116.48,25.169999999999998,31.8,18.04,72.58142857142857,285,187,62,48,28,0.312,387,187,8
2023,7,Akoko North-East,0,WHO_literature,2023-02-13,0.0,23.11285714285714,30.45,16.34,55.04714285714285,285,187,62,48,28,0.312,387,187,8
2023,8,Akoko North-East,0,WHO_literature,2023-02-20,22.33,25.261428571428574,31.61,17.06,73.71571428571428,285,187,62,48,28,0.312,387,187,8
2023,9,Akoko North-East,0,WHO_literature,2023-02-27,12.719999999999999,25.554285714285715,30.73,21.9,85.92285714285715,285,187,62,48,28,0.312,387,187,8
2023,10,Akoko North-East,0,WHO_literature,2023-03-06,25.39,25.532857142857143,30.45,21.93,86.74571428571429,285,187,62,48,28,0.312,387,187,8
2023,11,Akoko North-East,0,WHO_literature,2023-03-13,21.89,24.935714285714287,30.64,21.06,84.48714285714286,285,187,62,48,28,0.312,387,187,8
2023,12,Akoko North-East,0,WHO_literature,2023-03-20,23.95,24.988571428571426,30.46,21.04,84.57571428571428,285,187,62,48,28,0.312,387,187,8
2023,13,Akoko North-East,0,WHO_literature,2023-03-27,35.91,25.69,30.6,21.92,83.67142857142858,285,187,62,48,28,0.312,387,187,8
2023,14,Akoko North-East,0,WHO_literature,2023-04-03,47.64,25.43285714285714,30.56,22.05,87.44142857142857,285,187,62,48,28,0.312,387,187,8
2023,15,Akoko North-East,0,WHO_literature,2023-04-10,31.04,25.648571428571426,31.25,21.76,87.96571428571428,285,187,62,48,28,0.312,387,187,8
2023,16,Akoko North-East,0,WHO_literature,2023-04-17,21.82,25.752857142857142,31.22,22.35,88.01142857142858,285,187,62,48,28,0.312,387,187,8
2023,17,Akoko North-East,0,WHO_literature,2023-04-24,38.1,24.981428571428573,29.49,22.07,88.23857142857142,285,187,62,48,28,0.312,387,187,8
2023,18,Akoko North-East,0,WHO_literature,2023-05-01,46.730000000000004,25.217142857142857,30.07,21.5,87.73857142857143,285,187,62,48,28,0.312,387,187,8
2023,19,Akoko North-East,1,WHO_literature,2023-05-08,33.8,25.63714285714286,30.74,22.18,88.49428571428572,285,187,62,48,28,0.312,387,187,8
2023,20,Akoko North-East,0,WHO_literature,2023-05-15,58.71,25.827142857142857,29.8,22.99,90.08428571428571,285,187,62,48,28,0.312,387,187,8
2023,21,Akoko North-East,0,WHO_literature,2023-05-22,30.33,25.611428571428572,31.11,22.2,90.16142857142857,285,187,62,48,28,0.312,387,187,8
2023,22,Akoko North-East,0,WHO_literature,2023-05-29,40.650000000000006,25.56714285714286,29.74,22.4,89.03714285714285,285,187,62,48,28,0.312,387,187,8
2023,23,Akoko North-East,1,WHO_literature,2023-06-05,157.31,24.464285714285715,28.82,21.46,91.64285714285714,285,187,62,48,28,0.312,387,187,8
2023,24,Akoko North-East,0,WHO_literature,2023-06-12,62.05,24.698571428571427,29.5,21.23,88.98714285714286,285,187,62,48,28,0.312,387,187,8
2023,25,Akoko North-East,0,WHO_literature,2023-06-19,55.25,24.204285714285714,28.68,21.19,90.90714285714286,285,187,62,48,28,0.312,387,187,8
2023,26,Akoko North-East,2,WHO_literature,2023-06-26,44.21,24.464285714285715,29.02,21.41,89.34714285714286,285,187,62,48,28,0.312,387,187,8
2023,27,Akoko North-East,0,WHO_literature,2023-07-03,59.98,24.43,29.88,20.98,89.94285714285715,285,187,62,48,28,0.312,387,187,8
2023,28,Akoko North-East,0,WHO_literature,2023-07-10,41.160000000000004,25.037142857142857,30.26,21.08,88.32857142857142,285,187,62,48,28,0.312,387,187,8
2023,29,Akoko North-East,0,WHO_literature,2023-07-17,81.77,24.845714285714287,28.35,22.21,90.9342857142857,285,187,62,48,28,0.312,387,187,8
2023,30,Akoko North-East,0,WHO_literature,2023-07-24,71.97,24.625714285714285,29.89,21.32,90.23714285714286,285,187,62,48,28,0.312,387,187,8
2023,31,Akoko North-East,0,WHO_literature,2023-07-31,23.35,24.514285714285712,29.02,21.25,90.39571428571428,285,187,62,48,28,0.312,387,187,8
2023,32,Akoko North-East,1,WHO_literature,2023-08-07,35.59,24.28,28.35,21.58,90.54428571428572,285,187,62,48,28,0.312,387,187,8
2023,33,Akoko North-East,0,WHO_literature,2023-08-14,40.230000000000004,24.632857142857144,29.16,21.15,89.01142857142858,285,187,62,48,28,0.312,387,187,8
2023,34,Akoko North-East,0,WHO_literature,2023-08-21,29.32,24.728571428571428,29.15,21.59,89.8157142857143,285,187,62,48,28,0.312,387,187,8
2023,35,Akoko North-East,0,WHO_literature,2023-08-28,144.87,24.17142857142857,28.31,21.0,91.18571428571428,285,187,62,48,28,0.312,387,187,8
2023,36,Akoko North-East,1,WHO_literature,2023-09-04,96.62,24.66,30.3,20.91,89.59714285714286,285,187,62,48,28,0.312,387,187,8
2023,37,Akoko North-East,2,WHO_literature,2023-09-11,80.91,24.604285714285716,28.72,21.75,91.22571428571429,285,187,62,48,28,0.312,387,187,8
2023,38,Akoko North-East,1,WHO_literature,2023-09-18,38.72,24.657142857142855,28.55,21.71,89.66714285714286,285,187,62,48,28,0.312,387,187,8
2023,39,Akoko North-East,0,WHO_literature,2023-09-25,54.78,25.594285714285714,30.21,21.7,87.87285714285714,285,187,62,48,28,0.312,387,187,8
2023,40,Akoko North-East,1,WHO_literature,2023-10-02,57.01,25.21142857142857,29.88,22.23,89.75428571428571,285,187,62,48,28,0.312,387,187,8
2023,41,Akoko North-East,0,WHO_literature,2023-10-09,51.71,25.135714285714283,29.27,22.4,90.64428571428572,285,187,62,48,28,0.312,387,187,8
2023,42,Akoko North-East,1,WHO_literature,2023-10-16,29.87,25.0,29.43,21.19,88.84571428571428,285,187,62,48,28,0.312,387,187,8
2023,43,Akoko North-East,0,WHO_literature,2023-10-23,2.41,25.537142857142857,30.16,21.9,87.82571428571428,285,187,62,48,28,0.312,387,187,8
2023,44,Akoko North-East,1,WHO_literature,2023-10-30,49.33,25.15857142857143,29.72,22.02,88.31428571428572,285,187,62,48,28,0.312,387,187,8
2023,45,Akoko North-East,0,WHO_literature,2023-11-06,19.130000000000003,25.425714285714285,30.13,21.57,87.5257142857143,285,187,62,48,28,0.312,387,187,8
2023,46,Akoko North-East,0,WHO_literature,2023-11-13,3.65,24.925714285714285,29.91,20.86,85.28857142857143,285,187,62,48,28,0.312,387,187,8
2023,47,Akoko North-East,0,WHO_literature,2023-11-20,27.85,25.06714285714286,30.64,21.24,87.57000000000001,285,187,62,48,28,0.312,387,187,8
2023,48,Akoko North-East,0,WHO_literature,2023-11-27,1.95,25.562857142857144,31.1,20.28,81.71857142857142,285,187,62,48,28,0.312,387,187,8
2023,49,Akoko North-East,0,WHO_literature,2023-12-04,0.11,25.66,31.32,20.71,78.89285714285714,285,187,62,48,28,0.312,387,187,8
2023,50,Akoko North-East,1,WHO_literature,2023-12-11,0.0,23.712857142857143,30.71,15.89,63.42714285714286,285,187,62,48,28,0.312,387,187,8
2023,51,Akoko North-East,0,WHO_literature,2023-12-18,0.0,24.542857142857144,31.19,17.38,65.10428571428572,285,187,62,48,28,0.312,387,187,8
2023,52,Akoko North-East,0,WHO_literature,2023-12-25,0.0,24.584285714285716,31.04,16.51,58.362857142857145,285,187,62,48,28,0.312,387,187,8
2024,1,Akoko North-East,0,WHO_literature,2024-01-01,0.22,25.502857142857142,31.68,18.73,70.39428571428572,285,187,62,48,28,0.312,387,187,8
2024,2,Akoko North-East,0,WHO_literature,2024-01-08,0.61,24.768571428571427,31.83,18.62,63.07285714285714,285,187,62,48,28,0.312,387,187,8
2024,3,Akoko North-East,0,WHO_literature,2024-01-15,0.0,23.62142857142857,31.67,14.71,44.44857142857143,285,187,62,48,28,0.312,387,187,8
2024,4,Akoko North-East,0,WHO_literature,2024-01-22,5.1,23.367142857142856,31.63,15.58,61.91142857142857,285,187,62,48,28,0.312,387,187,8
2024,5,Akoko North-East,0,WHO_literature,2024-01-29,0.0,24.917142857142856,31.39,17.0,52.065714285714286,285,187,62,48,28,0.312,387,187,8
2024,6,Akoko North-East,0,WHO_literature,2024-02-05,0.0,24.708571428571428,32.97,16.95,56.300000000000004,285,187,62,48,28,0.312,387,187,8
2024,7,Akoko North-East,0,WHO_literature,2024-02-12,0.41,26.307142857142857,33.71,20.01,75.73285714285714,285,187,62,48,28,0.312,387,187,8
2024,8,Akoko North-East,0,WHO_literature,2024-02-19,9.39,27.205714285714286,33.63,22.48,73.15285714285714,285,187,62,48,28,0.312,387,187,8
2024,9,Akoko North-East,0,WHO_literature,2024-02-26,0.32,27.08285714285714,34.6,21.21,78.72,285,187,62,48,28,0.312,387,187,8
2024,10,Akoko North-East,0,WHO_literature,2024-03-04,1.9700000000000002,27.077142857142857,33.97,22.63,81.05142857142857,285,187,62,48,28,0.312,387,187,8
2024,11,Akoko North-East,0,WHO_literature,2024-03-11,25.78,27.384285714285713,35.02,23.15,81.75999999999999,285,187,62,48,28,0.312,387,187,8
2024,12,Akoko North-East,0,WHO_literature,2024-03-18,2.94,26.987142857142857,33.62,22.76,80.05142857142857,285,187,62,48,28,0.312,387,187,8
2024,13,Akoko North-East,0,WHO_literature,2024-03-25,4.3,27.28142857142857,34.6,23.61,82.57285714285715,285,187,62,48,28,0.312,387,187,8
2024,14,Akoko North-East,0,WHO_literature,2024-04-01,18.48,26.895714285714284,33.54,23.8,84.94285714285715,285,187,62,48,28,0.312,387,187,8
2024,15,Akoko North-East,0,WHO_literature,2024-04-08,17.76,26.12142857142857,31.57,22.85,86.23571428571428,285,187,62,48,28,0.312,387,187,8
2024,16,Akoko North-East,0,WHO_literature,2024-04-15,5.86,26.915714285714284,32.33,23.81,83.53428571428572,285,187,62,48,28,0.312,387,187,8
2024,17,Akoko North-East,0,WHO_literature,2024-04-22,31.27,26.842857142857145,32.07,23.28,86.28571428571429,285,187,62,48,28,0.312,387,187,8
2024,18,Akoko North-East,0,WHO_literature,2024-04-29,42.1,26.240000000000002,31.06,23.04,88.46571428571428,285,187,62,48,28,0.312,387,187,8
2024,19,Akoko North-East,0,WHO_literature,2024-05-06,12.66,26.79,31.95,23.58,85.42999999999999,285,187,62,48,28,0.312,387,187,8
2024,20,Akoko North-East,0,WHO_literature,2024-05-13,24.94,26.875714285714285,32.51,22.43,84.10571428571428,285,187,62,48,28,0.312,387,187,8
2024,21,Akoko North-East,0,WHO_literature,2024-05-20,61.27,25.967142857142857,30.78,21.56,87.82714285714285,285,187,62,48,28,0.312,387,187,8
2024,22,Akoko North-East,1,WHO_literature,2024-05-27,31.99,25.957142857142856,30.35,22.5,88.36571428571428,285,187,62,48,28,0.312,387,187,8
2024,23,Akoko North-East,0,WHO_literature,2024-06-03,45.77,25.434285714285714,29.85,22.5,90.13,285,187,62,48,28,0.312,387,187,8
2024,24,Akoko North-East,0,WHO_literature,2024-06-10,49.47,25.472857142857144,30.1,21.72,88.10714285714286,285,187,62,48,28,0.312,387,187,8
2024,25,Akoko North-East,2,WHO_literature,2024-06-17,28.88,25.111428571428572,31.09,21.36,88.63,285,187,62,48,28,0.312,387,187,8
2024,26,Akoko North-East,0,WHO_literature,2024-06-24,49.54,24.59857142857143,28.99,20.49,89.52,285,187,62,48,28,0.312,387,187,8
2024,27,Akoko North-East,0,WHO_literature,2024-07-01,46.8,24.685714285714287,28.98,21.2,88.93142857142857,285,187,62,48,28,0.312,387,187,8
2024,28,Akoko North-East,0,WHO_literature,2024-07-08,34.51,24.610000000000003,29.42,21.32,88.61142857142856,285,187,62,48,28,0.312,387,187,8
2024,29,Akoko North-East,0,WHO_literature,2024-07-15,62.370000000000005,24.53142857142857,29.05,21.67,89.77857142857144,285,187,62,48,28,0.312,387,187,8
2024,30,Akoko North-East,0,WHO_literature,2024-07-22,13.59,24.43857142857143,29.39,21.43,88.17428571428572,285,187,62,48,28,0.312,387,187,8
2024,31,Akoko North-East,1,WHO_literature,2024-07-29,15.13,24.53,29.43,21.23,87.34285714285714,285,187,62,48,28,0.312,387,187,8
2024,32,Akoko North-East,0,WHO_literature,2024-08-05,5.57,24.572857142857142,29.56,21.17,85.92571428571429,285,187,62,48,28,0.312,387,187,8
2024,33,Akoko North-East,0,WHO_literature,2024-08-12,7.73,24.28,29.35,21.1,86.72428571428573,285,187,62,48,28,0.312,387,187,8
2024,34,Akoko North-East,0,WHO_literature,2024-08-19,81.45,24.041428571428572,28.74,21.33,90.53999999999999,285,187,62,48,28,0.312,387,187,8
2024,35,Akoko North-East,1,WHO_literature,2024-08-26,28.349999999999998,24.45285714285714,29.19,21.42,88.91857142857144,285,187,62,48,28,0.312,387,187,8
2024,36,Akoko North-East,2,WHO_literature,2024-09-02,57.17,24.415714285714284,30.08,20.41,86.86714285714287,285,187,62,48,28,0.312,387,187,8
2024,37,Akoko North-East,0,WHO_literature,2024-09-09,71.92,24.662857142857145,29.55,21.49,89.71285714285715,285,187,62,48,28,0.312,387,187,8
2024,38,Akoko North-East,0,WHO_literature,2024-09-16,38.769999999999996,24.731428571428573,29.75,20.75,87.64285714285714,285,187,62,48,28,0.312,387,187,8
2024,39,Akoko North-East,2,WHO_literature,2024-09-23,74.13,24.755714285714284,29.33,20.93,86.59571428571428,285,187,62,48,28,0.312,387,187,8
2024,40,Akoko North-East,0,WHO_literature,2024-09-30,69.19,24.611428571428572,30.12,21.31,89.89714285714285,285,187,62,48,28,0.312,387,187,8
2024,41,Akoko North-East,1,WHO_literature,2024-10-07,47.22,24.90285714285714,30.14,20.88,86.95857142857143,285,187,62,48,28,0.312,387,187,8
2024,42,Akoko North-East,0,WHO_literature,2024-10-14,24.91,24.641428571428573,29.4,20.31,85.66285714285713,285,187,62,48,28,0.312,387,187,8
2024,43,Akoko North-East,1,WHO_literature,2024-10-21,52.36,25.34,30.44,21.36,86.11285714285714,285,187,62,48,28,0.312,387,187,8
2024,44,Akoko North-East,0,WHO_literature,2024-10-28,27.59,26.03857142857143,31.07,21.76,79.97,285,187,62,48,28,0.312,387,187,8
2024,45,Akoko North-East,0,WHO_literature,2024-11-04,3.16,25.114285714285717,30.88,19.44,76.66142857142857,285,187,62,48,28,0.312,387,187,8
2024,46,Akoko North-East,0,WHO_literature,2024-11-11,0.31,25.49142857142857,31.48,19.09,66.06857142857143,285,187,62,48,28,0.312,387,187,8
2024,47,Akoko North-East,0,WHO_literature,2024-11-18,0.44000000000000006,24.83142857142857,31.08,18.12,66.90857142857143,285,187,62,48,28,0.312,387,187,8
2024,48,Akoko North-East,0,WHO_literature,2024-11-25,0.12,23.73428571428571,30.77,15.84,64.59,285,187,62,48,28,0.312,387,187,8
2024,49,Akoko North-East,1,WHO_literature,2024-12-02,0.0,24.13,31.25,16.73,64.59285714285714,285,187,62,48,28,0.312,387,187,8
2024,50,Akoko North-East,0,WHO_literature,2024-12-09,0.04,24.602857142857143,32.36,16.28,57.73714285714285,285,187,62,48,28,0.312,387,187,8
2024,51,Akoko North-East,0,WHO_literature,2024-12-16,0.0,23.547142857142855,31.59,15.15,58.38857142857143,285,187,62,48,28,0.312,387,187,8
2024,52,Akoko North-East,0,WHO_literature,2024-12-23,0.0,24.76571428571429,32.59,17.28,55.94857142857143,285,187,62,48,28,0.312,387,187,8
2018,1,Akoko North-West,0,WHO_literature,2018-01-01,0.0,20.947142857142858,28.54,12.91,54.51714285714286,312,203,58,45,32,0.334,412,198,12
2018,2,Akoko North-West,0,WHO_literature,2018-01-08,0.94,23.655714285714286,30.88,15.78,69.81428571428572,312,203,58,45,32,0.334,412,198,12
2018,3,Akoko North-West,0,WHO_literature,2018-01-15,0.0,23.397142857142857,31.31,16.21,56.38857142857143,312,203,58,45,32,0.334,412,198,12
2018,4,Akoko North-West,0,WHO_literature,2018-01-22,0.0,23.274285714285714,31.32,16.1,52.82142857142857,312,203,58,45,32,0.334,412,198,12
2018,5,Akoko North-West,0,WHO_literature,2018-01-29,1.48,24.334285714285716,34.28,16.29,57.041428571428575,312,203,58,45,32,0.334,412,198,12
2018,6,Akoko North-West,0,WHO_literature,2018-02-05,33.480000000000004,26.534285714285716,34.15,20.75,81.12428571428572,312,203,58,45,32,0.334,412,198,12
2018,7,Akoko North-West,0,WHO_literature,2018-02-12,23.71,26.142857142857142,33.21,20.82,78.99857142857142,312,203,58,45,32,0.334,412,198,12
2018,8,Akoko North-West,0,WHO_literature,2018-02-19,27.75,25.071428571428573,31.89,21.24,84.89428571428572,312,203,58,45,32,0.334,412,198,12
2018,9,Akoko North-West,0,WHO_literature,2018-02-26,2.88,25.755714285714284,33.49,21.4,81.88571428571429,312,203,58,45,32,0.334,412,198,12
2018,10,Akoko North-West,0,WHO_literature,2018-03-05,7.09,25.97142857142857,32.79,21.71,82.28,312,203,58,45,32,0.334,412,198,12
2018,11,Akoko North-West,0,WHO_literature,2018-03-12,27.09,26.004285714285714,32.18,22.04,84.39714285714285,312,203,58,45,32,0.334,412,198,12
2018,12,Akoko North-West,0,WHO_literature,2018-03-19,12.61,25.592857142857145,33.15,21.28,83.39714285714285,312,203,58,45,32,0.334,412,198,12
2018,13,Akoko North-West,0,WHO_literature,2018-03-26,2.59,26.345714285714287,32.93,22.7,83.02571428571427,312,203,58,45,32,0.334,412,198,12
2018,14,Akoko North-West,1,WHO_literature,2018-04-02,7.71,25.904285714285713,31.61,21.8,84.37428571428572,312,203,58,45,32,0.334,412,198,12
2018,15,Akoko North-West,0,WHO_literature,2018-04-09,13.33,25.715714285714284,31.75,21.68,84.11857142857143,312,203,58,45,32,0.334,412,198,12
2018,16,Akoko North-West,0,WHO_literature,2018-04-16,25.92,25.68857142857143,31.31,22.45,86.00857142857141,312,203,58,45,32,0.334,412,198,12
2018,17,Akoko North-West,0,WHO_literature,2018-04-23,16.21,25.532857142857143,30.84,21.74,86.23571428571428,312,203,58,45,32,0.334,412,198,12
2018,18,Akoko North-West,0,WHO_literature,2018-04-30,21.54,25.919999999999998,30.88,22.32,85.90714285714286,312,203,58,45,32,0.334,412,198,12
2018,19,Akoko North-West,0,WHO_literature,2018-05-07,44.160000000000004,24.81714285714286,29.94,21.27,87.39,312,203,58,45,32,0.334,412,198,12
2018,20,Akoko North-West,0,WHO_literature,2018-05-14,40.18,25.26571428571429,30.02,21.38,87.69571428571429,312,203,58,45,32,0.334,412,198,12
2018,21,Akoko North-West,0,WHO_literature,2018-05-21,20.3,25.00142857142857,29.27,21.48,89.23142857142857,312,203,58,45,32,0.334,412,198,12
2018,22,Akoko North-West,0,WHO_literature,2018-05-28,40.22,25.16857142857143,30.65,22.05,88.0257142857143,312,203,58,45,32,0.334,412,198,12
2018,23,Akoko North-West,0,WHO_literature,2018-06-04,113.03,24.8,29.12,21.37,90.03571428571429,312,203,58,45,32,0.334,412,198,12
2018,24,Akoko North-West,1,WHO_literature,2018-06-11,27.75,24.64428571428571,29.31,20.74,88.97,312,203,58,45,32,0.334,412,198,12
2018,25,Akoko North-West,1,WHO_literature,2018-06-18,110.72,23.307142857142857,28.25,20.66,91.76857142857143,312,203,58,45,32,0.334,412,198,12
2018,26,Akoko North-West,0,WHO_literature,2018-06-25,101.85000000000001,23.84142857142857,28.28,20.29,88.77714285714286,312,203,58,45,32,0.334,412,198,12
2018,27,Akoko North-West,1,WHO_literature,2018-07-02,47.07,23.814285714285713,28.58,20.42,89.36285714285714,312,203,58,45,32,0.334,412,198,12
2018,28,Akoko North-West,0,WHO_literature,2018-07-09,28.11,24.27,29.45,20.91,88.56857142857143,312,203,58,45,32,0.334,412,198,12
2018,29,Akoko North-West,1,WHO_literature,2018-07-16,129.5,23.715714285714284,28.32,20.2,90.7242857142857,312,203,58,45,32,0.334,412,198,12
2018,30,Akoko North-West,0,WHO_literature,2018-07-23,87.44,24.17142857142857,29.38,20.81,89.5942857142857,312,203,58,45,32,0.334,412,198,12
2018,31,Akoko North-West,0,WHO_literature,2018-07-30,60.4,23.487142857142857,28.29,19.67,88.91142857142857,312,203,58,45,32,0.334,412,198,12
2018,32,Akoko North-West,2,WHO_literature,2018-08-06,25.92,23.928571428571427,28.38,20.38,89.23571428571428,312,203,58,45,32,0.334,412,198,12
2018,33,Akoko North-West,3,WHO_literature,2018-08-13,45.18,23.574285714285715,28.62,20.47,90.55999999999999,312,203,58,45,32,0.334,412,198,12
2018,34,Akoko North-West,0,WHO_literature,2018-08-20,125.3,23.131428571428575,28.5,20.21,92.65857142857143,312,203,58,45,32,0.334,412,198,12
2018,35,Akoko North-West,0,WHO_literature,2018-08-27,125.58,24.131428571428575,29.11,21.16,89.53714285714285,312,203,58,45,32,0.334,412,198,12
2018,36,Akoko North-West,0,WHO_literature,2018-09-03,183.88,23.542857142857144,27.78,21.05,92.60142857142857,312,203,58,45,32,0.334,412,198,12
2018,37,Akoko North-West,0,WHO_literature,2018-09-10,43.91,23.82,28.45,20.84,90.76285714285714,312,203,58,45,32,0.334,412,198,12
2018,38,Akoko North-West,1,WHO_literature,2018-09-17,72.61,24.527142857142856,29.04,21.3,90.23857142857142,312,203,58,45,32,0.334,412,198,12
2018,39,Akoko North-West,0,WHO_literature,2018-09-24,53.29,24.37142857142857,28.97,21.14,89.9042857142857,312,203,58,45,32,0.334,412,198,12
2018,40,Akoko North-West,0,WHO_literature,2018-10-01,22.61,24.364285714285717,29.42,21.27,90.67285714285715,312,203,58,45,32,0.334,412,198,12
2018,41,Akoko North-West,0,WHO_literature,2018-10-08,41.230000000000004,24.49142857142857,29.07,20.68,88.99142857142859,312,203,58,45,32,0.334,412,198,12
2018,42,Akoko North-West,0,WHO_literature,2018-10-15,38.84,24.99142857142857,30.55,20.49,86.95,312,203,58,45,32,0.334,412,198,12
2018,43,Akoko North-West,2,WHO_literature,2018-10-22,20.65,24.842857142857145,29.92,20.51,89.54285714285713,312,203,58,45,32,0.334,412,198,12
2018,44,Akoko North-West,0,WHO_literature,2018-10-29,50.95,25.12,30.16,21.3,88.49000000000001,312,203,58,45,32,0.334,412,198,12
2018,45,Akoko North-West,0,WHO_literature,2018-11-05,10.41,25.21857142857143,30.07,21.21,84.89714285714285,312,203,58,45,32,0.334,412,198,12
2018,46,Akoko North-West,1,WHO_literature,2018-11-12,10.16,25.47714285714286,30.63,19.87,78.99142857142859,312,203,58,45,32,0.334,412,198,12
2018,47,Akoko North-West,0,WHO_literature,2018-11-19,3.78,25.174285714285713,30.93,17.91,78.11,312,203,58,45,32,0.334,412,198,12
2018,48,Akoko North-West,1,WHO_literature,2018-11-26,0.07,24.95285714285714,30.73,18.75,78.45142857142856,312,203,58,45,32,0.334,412,198,12
2018,49,Akoko North-West,0,WHO_literature,2018-12-03,0.0,24.352857142857143,30.14,17.11,68.85571428571428,312,203,58,45,32,0.334,412,198,12
2018,50,Akoko North-West,0,WHO_literature,2018-12-10,0.25,24.34,31.2,17.46,66.71571428571428,312,203,58,45,32,0.334,412,198,12
2018,51,Akoko North-West,0,WHO_literature,2018-12-17,0.0,23.34857142857143,30.85,15.56,62.357142857142854,312,203,58,45,32,0.334,412,198,12
2018,52,Akoko North-West,0,WHO_literature,2018-12-24,0.0,22.728571428571428,29.25,15.33,61.22428571428571,312,203,58,45,32,0.334,412,198,12
2019,1,Akoko North-West,0,WHO_literature,2019-01-07,0.0,23.25857142857143,30.31,16.67,61.230000000000004,312,203,58,45,32,0.334,412,198,12
2019,2,Akoko North-West,0,WHO_literature,2019-01-14,0.0,23.322857142857142,31.28,16.85,65.3442857142857,312,203,58,45,32,0.334,412,198,12
2019,3,Akoko North-West,0,WHO_literature,2019-01-21,1.45,24.777142857142856,31.3,18.54,78.75285714285714,312,203,58,45,32,0.334,412,198,12
2019,4,Akoko North-West,0,WHO_literature,2019-01-28,10.92,25.428571428571427,32.01,19.19,77.12857142857142,312,203,58,45,32,0.334,412,198,12
2019,5,Akoko North-West,0,WHO_literature,2019-02-04,19.75,25.240000000000002,31.97,20.33,82.08285714285715,312,203,58,45,32,0.334,412,198,12
2019,6,Akoko North-West,0,WHO_literature,2019-02-11,1.72,25.074285714285715,31.45,18.27,70.60714285714286,312,203,58,45,32,0.334,412,198,12
2019,7,Akoko North-West,0,WHO_literature,2019-02-18,0.21000000000000002,24.58142857142857,32.56,17.68,59.08142857142857,312,203,58,45,32,0.334,412,198,12
2019,8,Akoko North-West,0,WHO_literature,2019-02-25,5.96,25.31714285714286,32.14,20.53,80.94142857142857,312,203,58,45,32,0.334,412,198,12
2019,9,Akoko North-West,0,WHO_literature,2019-03-04,8.81,24.91142857142857,31.96,20.19,80.11,312,203,58,45,32,0.334,412,198,12
2019,10,Akoko North-West,0,WHO_literature,2019-03-11,21.78,25.56142857142857,31.01,21.53,84.82285714285715,312,203,58,45,32,0.334,412,198,12
2019,11,Akoko North-West,0,WHO_literature,2019-03-18,3.5300000000000002,26.43,32.85,22.46,82.2942857142857,312,203,58,45,32,0.334,412,198,12
2019,12,Akoko North-West,0,WHO_literature,2019-03-25,9.37,26.292857142857144,33.31,22.22,83.51428571428572,312,203,58,45,32,0.334,412,198,12
2019,13,Akoko North-West,0,WHO_literature,2019-04-01,2.36,26.21,32.02,22.34,84.4057142857143,312,203,58,45,32,0.334,412,198,12
2019,14,Akoko North-West,0,WHO_literature,2019-04-08,7.449999999999999,27.165714285714284,34.36,22.91,81.38428571428572,312,203,58,45,32,0.334,412,198,12
2019,15,Akoko North-West,0,WHO_literature,2019-04-15,18.16,25.771428571428572,32.6,21.43,83.41142857142857,312,203,58,45,32,0.334,412,198,12
2019,16,Akoko North-West,0,WHO_literature,2019-04-22,4.8,26.398571428571426,33.1,21.41,83.13142857142857,312,203,58,45,32,0.334,412,198,12
2019,17,Akoko North-West,0,WHO_literature,2019-04-29,14.580000000000002,26.615714285714287,32.85,23.2,84.48428571428572,312,203,58,45,32,0.334,412,198,12
2019,18,Akoko North-West,0,WHO_literature,2019-05-06,12.48,26.235714285714288,30.68,23.14,86.2,312,203,58,45,32,0.334,412,198,12
2019,19,Akoko North-West,0,WHO_literature,2019-05-13,55.03,25.89428571428571,30.77,22.41,86.78714285714285,312,203,58,45,32,0.334,412,198,12
2019,20,Akoko North-West,0,WHO_literature,2019-05-20,37.25,25.215714285714284,30.69,21.84,87.01857142857143,312,203,58,45,32,0.334,412,198,12
2019,21,Akoko North-West,0,WHO_literature,2019-05-27,25.96,25.611428571428572,30.71,22.37,87.39571428571428,312,203,58,45,32,0.334,412,198,12
2019,22,Akoko North-West,0,WHO_literature,2019-06-03,55.589999999999996,25.07857142857143,29.33,21.98,88.57142857142857,312,203,58,45,32,0.334,412,198,12
2019,23,Akoko North-West,1,WHO_literature,2019-06-10,63.730000000000004,24.754285714285714,29.84,21.51,89.74285714285715,312,203,58,45,32,0.334,412,198,12
2019,24,Akoko North-West,1,WHO_literature,2019-06-17,18.57,24.99142857142857,29.68,21.79,87.87714285714286,312,203,58,45,32,0.334,412,198,12
2019,25,Akoko North-West,0,WHO_literature,2019-06-24,32.4,25.322857142857142,30.36,22.12,88.27285714285713,312,203,58,45,32,0.334,412,198,12
2019,26,Akoko North-West,0,WHO_literature,2019-07-01,161.19,24.41857142857143,29.06,20.48,88.11,312,203,58,45,32,0.334,412,198,12
2019,27,Akoko North-West,0,WHO_literature,2019-07-08,17.68,24.905714285714286,29.84,21.36,88.96000000000001,312,203,58,45,32,0.334,412,198,12
2019,28,Akoko North-West,1,WHO_literature,2019-07-15,62.25,23.78142857142857,29.55,19.97,89.08571428571429,312,203,58,45,32,0.334,412,198,12
2019,29,Akoko North-West,0,WHO_literature,2019-07-22,46.57,24.11285714285714,28.95,20.7,88.64428571428572,312,203,58,45,32,0.334,412,198,12
2019,30,Akoko North-West,0,WHO_literature,2019-07-29,86.44,24.087142857142858,28.16,21.44,90.13571428571427,312,203,58,45,32,0.334,412,198,12
2019,31,Akoko North-West,2,WHO_literature,2019-08-05,44.68,23.801428571428573,29.34,20.76,89.81428571428572,312,203,58,45,32,0.334,412,198,12
2019,32,Akoko North-West,0,WHO_literature,2019-08-12,53.8,23.771428571428572,28.59,21.19,90.37142857142858,312,203,58,45,32,0.334,412,198,12
2019,33,Akoko North-West,0,WHO_literature,2019-08-19,35.43,24.18285714285714,28.2,21.2,89.03999999999999,312,203,58,45,32,0.334,412,198,12
2019,34,Akoko North-West,0,WHO_literature,2019-08-26,107.44,23.36285714285714,28.54,20.28,90.58,312,203,58,45,32,0.334,412,198,12
2019,35,Akoko North-West,0,WHO_literature,2019-09-02,92.57,23.821428571428573,27.88,20.66,89.42571428571429,312,203,58,45,32,0.334,412,198,12
2019,36,Akoko North-West,0,WHO_literature,2019-09-09,57.36,24.06142857142857,29.48,21.12,90.72571428571429,312,203,58,45,32,0.334,412,198,12
2019,37,Akoko North-West,1,WHO_literature,2019-09-16,127.30000000000001,24.03,28.08,20.75,90.58285714285715,312,203,58,45,32,0.334,412,198,12
2019,38,Akoko North-West,0,WHO_literature,2019-09-23,110.67,24.351428571428574,28.72,21.09,90.33428571428571,312,203,58,45,32,0.334,412,198,12
2019,39,Akoko North-West,0,WHO_literature,2019-09-30,92.94,24.207142857142856,28.93,20.69,90.71714285714286,312,203,58,45,32,0.334,412,198,12
2019,40,Akoko North-West,0,WHO_literature,2019-10-07,114.86,23.599999999999998,28.44,20.46,90.65714285714286,312,203,58,45,32,0.334,412,198,12
2019,41,Akoko North-West,0,WHO_literature,2019-10-14,217.92000000000002,23.768571428571427,27.78,20.81,92.75142857142858,312,203,58,45,32,0.334,412,198,12
2019,42,Akoko North-West,0,WHO_literature,2019-10-21,104.07,24.217142857142857,29.16,20.6,90.35142857142857,312,203,58,45,32,0.334,412,198,12
2019,43,Akoko North-West,0,WHO_literature,2019-10-28,81.0,24.254285714285714,29.62,19.98,89.12571428571428,312,203,58,45,32,0.334,412,198,12
2019,44,Akoko North-West,0,WHO_literature,2019-11-04,42.2,24.22142857142857,28.29,20.52,89.26142857142858,312,203,58,45,32,0.334,412,198,12
2019,45,Akoko North-West,1,WHO_literature,2019-11-11,6.390000000000001,25.801428571428573,30.43,21.54,80.51428571428572,312,203,58,45,32,0.334,412,198,12
2019,46,Akoko North-West,0,WHO_literature,2019-11-18,30.06,25.34714285714286,30.38,21.51,85.58571428571429,312,203,58,45,32,0.334,412,198,12
2019,47,Akoko North-West,0,WHO_literature,2019-11-25,6.39,25.767142857142858,30.91,21.28,83.29714285714286,312,203,58,45,32,0.334,412,198,12
2019,48,Akoko North-West,0,WHO_literature,2019-12-02,1.87,25.3,30.96,19.67,76.94285714285715,312,203,58,45,32,0.334,412,198,12
2019,49,Akoko North-West,0,WHO_literature,2019-12-09,71.79,24.827142857142857,30.36,18.89,78.38142857142857,312,203,58,45,32,0.334,412,198,12
2019,50,Akoko North-West,0,WHO_literature,2019-12-16,2.75,24.494285714285716,30.33,18.25,69.05285714285715,312,203,58,45,32,0.334,412,198,12
2019,51,Akoko North-West,0,WHO_literature,2019-12-23,0.01,24.368571428571432,31.09,17.44,61.55571428571428,312,203,58,45,32,0.334,412,198,12
2019,52,Akoko North-West,0,WHO_literature,2019-12-30,0.0,23.247142857142858,30.45,15.37,56.88714285714286,312,203,58,45,32,0.334,412,198,12
2020,1,Akoko North-West,0,WHO_literature,2020-01-06,0.0,21.391428571428573,29.52,14.59,64.28142857142858,312,203,58,45,32,0.334,412,198,12
2020,2,Akoko North-West,0,WHO_literature,2020-01-13,0.06,24.118571428571432,30.82,17.57,68.11,312,203,58,45,32,0.334,412,198,12
2020,3,Akoko North-West,0,WHO_literature,2020-01-20,0.02,24.434285714285714,31.9,16.6,61.1,312,203,58,45,32,0.334,412,198,12
2020,4,Akoko North-West,0,WHO_literature,2020-01-27,0.0,22.462857142857143,30.85,12.22,53.221428571428575,312,203,58,45,32,0.334,412,198,12
2020,5,Akoko North-West,0,WHO_literature,2020-02-03,0.0,23.03142857142857,31.09,15.1,49.19285714285714,312,203,58,45,32,0.334,412,198,12
2020,6,Akoko North-West,0,WHO_literature,2020-02-10,0.0,24.212857142857143,31.82,15.73,60.54571428571428,312,203,58,45,32,0.334,412,198,12
2020,7,Akoko North-West,0,WHO_literature,2020-02-17,0.0,24.157142857142855,32.71,16.02,57.01285714285715,312,203,58,45,32,0.334,412,198,12
2020,8,Akoko North-West,0,WHO_literature,2020-02-24,0.0,25.84714285714286,33.65,19.52,74.64142857142858,312,203,58,45,32,0.334,412,198,12
2020,9,Akoko North-West,0,WHO_literature,2020-03-02,0.38,25.75714285714286,32.73,20.43,72.74142857142857,312,203,58,45,32,0.334,412,198,12
2020,10,Akoko North-West,0,WHO_literature,2020-03-09,8.26,26.31714285714286,34.49,20.18,80.45285714285716,312,203,58,45,32,0.334,412,198,12
2020,11,Akoko North-West,0,WHO_literature,2020-03-16,20.6,26.292857142857144,32.75,20.39,81.08,312,203,58,45,32,0.334,412,198,12
2020,12,Akoko North-West,0,WHO_literature,2020-03-23,8.299999999999999,26.537142857142857,32.29,22.76,83.99714285714286,312,203,58,45,32,0.334,412,198,12
2020,13,Akoko North-West,0,WHO_literature,2020-03-30,22.0,25.648571428571426,31.69,21.62,84.95857142857143,312,203,58,45,32,0.334,412,198,12
2020,14,Akoko North-West,0,WHO_literature,2020-04-06,19.18,25.835714285714285,31.08,22.87,86.94714285714285,312,203,58,45,32,0.334,412,198,12
2020,15,Akoko North-West,0,WHO_literature,2020-04-13,44.73,25.15142857142857,31.6,20.28,83.17285714285715,312,203,58,45,32,0.334,412,198,12
2020,16,Akoko North-West,0,WHO_literature,2020-04-20,2.11,27.068571428571428,33.45,21.91,81.92714285714285,312,203,58,45,32,0.334,412,198,12
2020,17,Akoko North-West,0,WHO_literature,2020-04-27,35.57,25.437142857142856,29.65,22.04,87.18999999999998,312,203,58,45,32,0.334,412,198,12
2020,18,Akoko North-West,0,WHO_literature,2020-05-04,42.57,25.541428571428572,31.04,21.8,88.71571428571428,312,203,58,45,32,0.334,412,198,12
2020,19,Akoko North-West,0,WHO_literature,2020-05-11,19.53,26.255714285714284,31.57,22.54,85.78142857142858,312,203,58,45,32,0.334,412,198,12
2020,20,Akoko North-West,0,WHO_literature,2020-05-18,19.48,25.611428571428572,30.72,21.76,86.26285714285714,312,203,58,45,32,0.334,412,198,12
2020,21,Akoko North-West,0,WHO_literature,2020-05-25,35.05,25.275714285714287,31.15,21.23,87.81428571428572,312,203,58,45,32,0.334,412,198,12
2020,22,Akoko North-West,0,WHO_literature,2020-06-01,54.93,24.958571428571428,29.09,21.67,89.49714285714286,312,203,58,45,32,0.334,412,198,12
2020,23,Akoko North-West,1,WHO_literature,2020-06-08,74.68,24.787142857142857,28.97,22.03,90.20428571428572,312,203,58,45,32,0.334,412,198,12
2020,24,Akoko North-West,0,WHO_literature,2020-06-15,64.32000000000001,24.46,29.32,21.26,89.60285714285715,312,203,58,45,32,0.334,412,198,12
2020,25,Akoko North-West,0,WHO_literature,2020-06-22,50.21,24.59,30.11,20.29,88.87857142857142,312,203,58,45,32,0.334,412,198,12
2020,26,Akoko North-West,0,WHO_literature,2020-06-29,68.91,24.451428571428572,28.87,21.53,89.31857142857143,312,203,58,45,32,0.334,412,198,12
2020,27,Akoko North-West,1,WHO_literature,2020-07-06,75.9,23.99142857142857,28.51,21.03,89.97857142857143,312,203,58,45,32,0.334,412,198,12
2020,28,Akoko North-West,0,WHO_literature,2020-07-13,74.05,23.805714285714284,28.28,20.9,90.71571428571428,312,203,58,45,32,0.334,412,198,12
2020,29,Akoko North-West,0,WHO_literature,2020-07-20,69.06,23.134285714285713,27.84,20.52,90.57285714285715,312,203,58,45,32,0.334,412,198,12
2020,30,Akoko North-West,1,WHO_literature,2020-07-27,61.839999999999996,23.54,28.15,20.89,90.19428571428571,312,203,58,45,32,0.334,412,198,12
2020,31,Akoko North-West,0,WHO_literature,2020-08-03,27.95,23.495714285714286,28.45,20.11,89.26142857142858,312,203,58,45,32,0.334,412,198,12
2020,32,Akoko North-West,0,WHO_literature,2020-08-10,6.25,22.55857142857143,28.28,18.13,88.01428571428572,312,203,58,45,32,0.334,412,198,12
2020,33,Akoko North-West,0,WHO_literature,2020-08-17,4.78,23.259999999999998,29.69,18.28,86.67428571428572,312,203,58,45,32,0.334,412,198,12
2020,34,Akoko North-West,0,WHO_literature,2020-08-24,35.73,23.87857142857143,29.64,20.65,89.48571428571428,312,203,58,45,32,0.334,412,198,12
2020,35,Akoko North-West,0,WHO_literature,2020-08-31,19.62,23.407142857142855,28.5,19.94,88.47142857142858,312,203,58,45,32,0.334,412,198,12
2020,36,Akoko North-West,0,WHO_literature,2020-09-07,165.73000000000002,23.58857142857143,28.82,20.51,90.41142857142857,312,203,58,45,32,0.334,412,198,12
2020,37,Akoko North-West,0,WHO_literature,2020-09-14,138.67000000000002,23.96857142857143,29.49,20.33,89.10000000000001,312,203,58,45,32,0.334,412,198,12
2020,38,Akoko North-West,0,WHO_literature,2020-09-21,88.53999999999999,24.011428571428574,28.43,20.78,89.77142857142857,312,203,58,45,32,0.334,412,198,12
2020,39,Akoko North-West,0,WHO_literature,2020-09-28,65.22,23.68,27.82,20.44,89.72142857142856,312,203,58,45,32,0.334,412,198,12
2020,40,Akoko North-West,0,WHO_literature,2020-10-05,58.769999999999996,24.002857142857142,28.56,20.63,90.09285714285714,312,203,58,45,32,0.334,412,198,12
2020,41,Akoko North-West,0,WHO_literature,2020-10-12,70.25,23.431428571428572,27.81,19.16,89.37,312,203,58,45,32,0.334,412,198,12
2020,42,Akoko North-West,0,WHO_literature,2020-10-19,50.07,24.544285714285714,29.91,20.65,88.85000000000001,312,203,58,45,32,0.334,412,198,12
2020,43,Akoko North-West,0,WHO_literature,2020-10-26,22.29,25.118571428571432,30.35,21.26,86.88142857142857,312,203,58,45,32,0.334,412,198,12
2020,44,Akoko North-West,1,WHO_literature,2020-11-02,4.87,25.287142857142857,30.88,19.91,82.40857142857143,312,203,58,45,32,0.334,412,198,12
2020,45,Akoko North-West,0,WHO_literature,2020-11-09,4.87,24.907142857142855,30.04,19.39,81.44285714285715,312,203,58,45,32,0.334,412,198,12
2020,46,Akoko North-West,0,WHO_literature,2020-11-16,6.92,24.38714285714286,29.79,19.46,79.14999999999999,312,203,58,45,32,0.334,412,198,12
2020,47,Akoko North-West,0,WHO_literature,2020-11-23,1.06,24.518571428571427,30.05,18.67,74.19714285714285,312,203,58,45,32,0.334,412,198,12
2020,48,Akoko North-West,0,WHO_literature,2020-11-30,23.4,25.444285714285716,31.03,19.97,79.44285714285715,312,203,58,45,32,0.334,412,198,12
2020,49,Akoko North-West,0,WHO_literature,2020-12-07,0.09,24.792857142857144,31.38,18.17,74.84142857142857,312,203,58,45,32,0.334,412,198,12
2020,50,Akoko North-West,0,WHO_literature,2020-12-14,4.49,24.69142857142857,31.0,20.27,85.02428571428571,312,203,58,45,32,0.334,412,198,12
2020,51,Akoko North-West,0,WHO_literature,2020-12-21,4.9,24.900000000000002,30.84,19.18,82.94857142857143,312,203,58,45,32,0.334,412,198,12
2020,52,Akoko North-West,0,WHO_literature,2020-12-28,0.5,24.345714285714283,31.35,16.81,77.33,312,203,58,45,32,0.334,412,198,12
2021,1,Akoko North-West,0,WHO_literature,2021-01-04,7.3100000000000005,25.174285714285713,32.02,19.18,80.01142857142858,312,203,58,45,32,0.334,412,198,12
2021,2,Akoko North-West,0,WHO_literature,2021-01-11,0.12000000000000001,24.827142857142857,32.24,16.67,69.20285714285714,312,203,58,45,32,0.334,412,198,12
2021,3,Akoko North-West,0,WHO_literature,2021-01-18,0.0,23.935714285714287,31.75,16.01,59.29857142857143,312,203,58,45,32,0.334,412,198,12
2021,4,Akoko North-West,0,WHO_literature,2021-01-25,0.98,24.608571428571427,32.52,17.06,73.89428571428572,312,203,58,45,32,0.334,412,198,12
2021,5,Akoko North-West,0,WHO_literature,2021-02-01,0.72,25.34142857142857,32.47,19.35,75.33142857142857,312,203,58,45,32,0.334,412,198,12
2021,6,Akoko North-West,0,WHO_literature,2021-02-08,6.78,26.74857142857143,33.93,21.88,77.25142857142858,312,203,58,45,32,0.334,412,198,12
2021,7,Akoko North-West,0,WHO_literature,2021-02-15,1.2,25.111428571428572,32.83,15.79,57.284285714285716,312,203,58,45,32,0.334,412,198,12
2021,8,Akoko North-West,0,WHO_literature,2021-02-22,0.88,25.822857142857142,34.01,18.9,74.5,312,203,58,45,32,0.334,412,198,12
2021,9,Akoko North-West,0,WHO_literature,2021-03-01,0.41000000000000003,27.172857142857143,35.37,21.49,73.96000000000001,312,203,58,45,32,0.334,412,198,12
2021,10,Akoko North-West,0,WHO_literature,2021-03-08,19.810000000000002,25.891428571428573,32.43,22.74,84.31857142857143,312,203,58,45,32,0.334,412,198,12
2021,11,Akoko North-West,0,WHO_literature,2021-03-15,17.96,24.824285714285715,29.74,21.9,85.75857142857141,312,203,58,45,32,0.334,412,198,12
2021,12,Akoko North-West,0,WHO_literature,2021-03-22,23.24,25.812857142857144,32.21,21.66,82.49428571428572,312,203,58,45,32,0.334,412,198,12
2021,13,Akoko North-West,0,WHO_literature,2021-03-29,0.33,26.94,33.81,21.84,75.55857142857143,312,203,58,45,32,0.334,412,198,12
2021,14,Akoko North-West,0,WHO_literature,2021-04-05,47.699999999999996,26.25857142857143,31.79,23.02,84.23714285714286,312,203,58,45,32,0.334,412,198,12
2021,15,Akoko North-West,0,WHO_literature,2021-04-12,86.68,24.94857142857143,29.99,21.93,87.27857142857144,312,203,58,45,32,0.334,412,198,12
2021,16,Akoko North-West,0,WHO_literature,2021-04-19,25.51,25.215714285714284,30.49,21.6,87.89142857142858,312,203,58,45,32,0.334,412,198,12
2021,17,Akoko North-West,0,WHO_literature,2021-04-26,9.31,25.955714285714286,31.34,22.48,86.18142857142857,312,203,58,45,32,0.334,412,198,12
2021,18,Akoko North-West,0,WHO_literature,2021-05-03,37.76,24.942857142857143,30.73,21.26,85.98428571428572,312,203,58,45,32,0.334,412,198,12
2021,19,Akoko North-West,0,WHO_literature,2021-05-10,22.689999999999998,25.571428571428573,30.83,20.55,86.51428571428572,312,203,58,45,32,0.334,412,198,12
2021,20,Akoko North-West,0,WHO_literature,2021-05-17,39.53,25.33142857142857,30.32,21.1,88.12571428571428,312,203,58,45,32,0.334,412,198,12
2021,21,Akoko North-West,1,WHO_literature,2021-05-24,38.82,25.602857142857143,30.5,22.38,89.27857142857144,312,203,58,45,32,0.334,412,198,12
2021,22,Akoko North-West,1,WHO_literature,2021-05-31,107.2,25.024285714285718,30.16,21.79,88.7,312,203,58,45,32,0.334,412,198,12
2021,23,Akoko North-West,1,WHO_literature,2021-06-07,39.21,25.117142857142856,30.68,21.26,87.24571428571429,312,203,58,45,32,0.334,412,198,12
2021,24,Akoko North-West,2,WHO_literature,2021-06-14,59.31,24.54714285714286,29.32,20.91,90.03714285714285,312,203,58,45,32,0.334,412,198,12
2021,25,Akoko North-West,2,WHO_literature,2021-06-21,47.9,24.464285714285715,30.57,20.98,87.97714285714287,312,203,58,45,32,0.334,412,198,12
2021,26,Akoko North-West,2,WHO_literature,2021-06-28,52.83,23.990000000000002,29.0,20.27,88.40428571428572,312,203,58,45,32,0.334,412,198,12
2021,27,Akoko North-West,2,WHO_literature,2021-07-05,31.63,23.792857142857144,28.36,20.92,89.75428571428571,312,203,58,45,32,0.334,412,198,12
2021,28,Akoko North-West,2,WHO_literature,2021-07-12,88.17,24.101428571428574,28.37,21.0,89.14999999999999,312,203,58,45,32,0.334,412,198,12
2021,29,Akoko North-West,3,WHO_literature,2021-07-19,41.01,23.895714285714284,28.9,20.7,88.98714285714287,312,203,58,45,32,0.334,412,198,12
2021,30,Akoko North-West,3,WHO_literature,2021-07-26,33.5,23.654285714285717,28.52,20.22,88.69428571428571,312,203,58,45,32,0.334,412,198,12
2021,31,Akoko North-West,4,WHO_literature,2021-08-02,115.19,23.382857142857144,28.26,20.43,91.6557142857143,312,203,58,45,32,0.334,412,198,12
2021,32,Akoko North-West,0,WHO_literature,2021-08-09,123.91,23.624285714285715,28.29,19.96,90.83,312,203,58,45,32,0.334,412,198,12
2021,33,Akoko North-West,0,WHO_literature,2021-08-16,106.76,23.00142857142857,27.07,20.48,91.92142857142858,312,203,58,45,32,0.334,412,198,12
2021,34,Akoko North-West,1,WHO_literature,2021-08-23,63.269999999999996,24.202857142857145,28.5,20.76,90.22142857142856,312,203,58,45,32,0.334,412,198,12
2021,35,Akoko North-West,2,WHO_literature,2021-08-30,108.0,24.024285714285714,29.32,20.6,90.12428571428572,312,203,58,45,32,0.334,412,198,12
2021,36,Akoko North-West,2,WHO_literature,2021-09-06,64.03999999999999,23.95285714285714,29.04,20.5,90.32285714285715,312,203,58,45,32,0.334,412,198,12
2021,37,Akoko North-West,1,WHO_literature,2021-09-13,39.72,24.102857142857143,28.35,20.83,90.42428571428572,312,203,58,45,32,0.334,412,198,12
2021,38,Akoko North-West,1,WHO_literature,2021-09-20,101.46000000000001,23.97142857142857,28.16,20.12,90.59285714285714,312,203,58,45,32,0.334,412,198,12
2021,39,Akoko North-West,4,WHO_literature,2021-09-27,63.01,24.310000000000002,28.92,21.07,90.23428571428572,312,203,58,45,32,0.334,412,198,12
2021,40,Akoko North-West,2,WHO_literature,2021-10-04,75.97,24.884285714285713,29.58,21.17,90.48,312,203,58,45,32,0.334,412,198,12
2021,41,Akoko North-West,1,WHO_literature,2021-10-11,39.8,24.98428571428571,29.13,21.31,89.63285714285713,312,203,58,45,32,0.334,412,198,12
2021,42,Akoko North-West,0,WHO_literature,2021-10-18,37.28,24.43857142857143,29.17,21.22,89.13428571428572,312,203,58,45,32,0.334,412,198,12
2021,43,Akoko North-West,2,WHO_literature,2021-10-25,67.38,25.155714285714286,30.15,21.39,87.55,312,203,58,45,32,0.334,412,198,12
2021,44,Akoko North-West,0,WHO_literature,2021-11-01,49.15,24.88714285714286,29.75,21.1,88.17571428571429,312,203,58,45,32,0.334,412,198,12
2021,45,Akoko North-West,1,WHO_literature,2021-11-08,181.51,25.542857142857144,29.98,21.68,85.80571428571429,312,203,58,45,32,0.334,412,198,12
2021,46,Akoko North-West,0,WHO_literature,2021-11-15,244.17,25.145714285714288,29.87,20.1,85.29857142857144,312,203,58,45,32,0.334,412,198,12
2021,47,Akoko North-West,0,NCDC_real,2021-11-22,14.450000000000001,25.035714285714285,29.87,19.45,81.55857142857143,312,203,58,45,32,0.334,412,198,12
2021,48,Akoko North-West,0,WHO_literature,2021-11-29,29.439999999999998,25.195714285714285,30.44,19.8,79.35571428571428,312,203,58,45,32,0.334,412,198,12
2021,49,Akoko North-West,0,WHO_literature,2021-12-06,13.18,24.47142857142857,29.84,18.09,74.74857142857142,312,203,58,45,32,0.334,412,198,12
2021,50,Akoko North-West,0,NCDC_real,2021-12-13,254.01,23.08857142857143,30.1,16.1,75.93571428571428,312,203,58,45,32,0.334,412,198,12
2021,51,Akoko North-West,0,WHO_literature,2021-12-20,1.24,22.771428571428572,30.61,16.17,73.97714285714287,312,203,58,45,32,0.334,412,198,12
2021,52,Akoko North-West,0,WHO_literature,2021-12-27,46.620000000000005,23.57857142857143,29.88,17.94,76.85571428571428,312,203,58,45,32,0.334,412,198,12
2022,1,Akoko North-West,0,WHO_literature,2022-01-03,21.97,23.392857142857142,30.44,16.85,71.08428571428571,312,203,58,45,32,0.334,412,198,12
2022,2,Akoko North-West,0,WHO_literature,2022-01-10,71.84,24.685714285714287,30.13,19.94,80.97285714285714,312,203,58,45,32,0.334,412,198,12
2022,3,Akoko North-West,0,WHO_literature,2022-01-17,6.98,21.722857142857144,29.08,15.0,69.34714285714286,312,203,58,45,32,0.334,412,198,12
2022,4,Akoko North-West,0,WHO_literature,2022-01-24,0.18,21.235714285714288,28.94,13.74,66.51571428571428,312,203,58,45,32,0.334,412,198,12
2022,5,Akoko North-West,0,WHO_literature,2022-01-31,0.0,21.662857142857142,29.2,12.86,59.58142857142857,312,203,58,45,32,0.334,412,198,12
2022,6,Akoko North-West,0,WHO_literature,2022-02-07,28.29,23.964285714285715,30.92,16.33,62.75142857142857,312,203,58,45,32,0.334,412,198,12
2022,7,Akoko North-West,0,WHO_literature,2022-02-14,8.29,25.46857142857143,32.62,19.52,78.35142857142857,312,203,58,45,32,0.334,412,198,12
2022,8,Akoko North-West,0,WHO_literature,2022-02-21,31.919999999999998,25.439999999999998,31.82,18.99,75.67571428571429,312,203,58,45,32,0.334,412,198,12
2022,9,Akoko North-West,0,WHO_literature,2022-02-28,52.99,25.07857142857143,31.29,20.78,87.35714285714286,312,203,58,45,32,0.334,412,198,12
2022,10,Akoko North-West,0,WHO_literature,2022-03-07,15.77,25.794285714285714,30.6,22.35,87.25857142857144,312,203,58,45,32,0.334,412,198,12
2022,11,Akoko North-West,0,WHO_literature,2022-03-14,16.049999999999997,25.864285714285717,31.89,22.28,86.08571428571429,312,203,58,45,32,0.334,412,198,12
2022,12,Akoko North-West,0,WHO_literature,2022-03-21,50.65,25.922857142857143,31.8,21.34,85.51857142857143,312,203,58,45,32,0.334,412,198,12
2022,13,Akoko North-West,0,WHO_literature,2022-03-28,46.26,25.627142857142854,30.8,18.76,85.02285714285713,312,203,58,45,32,0.334,412,198,12
2022,14,Akoko North-West,0,WHO_literature,2022-04-04,38.79,25.315714285714282,30.17,20.62,89.03714285714285,312,203,58,45,32,0.334,412,198,12
2022,15,Akoko North-West,0,WHO_literature,2022-04-11,29.18,24.8,29.82,21.84,89.23285714285714,312,203,58,45,32,0.334,412,198,12
2022,16,Akoko North-West,0,WHO_literature,2022-04-18,33.29,25.069999999999997,30.29,21.94,88.2057142857143,312,203,58,45,32,0.334,412,198,12
2022,17,Akoko North-West,0,WHO_literature,2022-04-25,51.83,24.701428571428572,29.48,21.39,89.41999999999999,312,203,58,45,32,0.334,412,198,12
2022,18,Akoko North-West,0,WHO_literature,2022-05-02,15.83,25.235714285714288,29.77,21.98,88.37,312,203,58,45,32,0.334,412,198,12
2022,19,Akoko North-West,0,WHO_literature,2022-05-09,36.92,25.59857142857143,30.32,21.58,88.80428571428571,312,203,58,45,32,0.334,412,198,12
2022,20,Akoko North-West,1,WHO_literature,2022-05-16,49.81,25.14428571428571,30.49,21.66,89.21285714285715,312,203,58,45,32,0.334,412,198,12
2022,21,Akoko North-West,1,WHO_literature,2022-05-23,25.22,24.52285714285714,29.05,21.12,89.26714285714286,312,203,58,45,32,0.334,412,198,12
2022,22,Akoko North-West,0,WHO_literature,2022-05-30,49.13,24.84142857142857,30.05,21.5,88.9557142857143,312,203,58,45,32,0.334,412,198,12
2022,23,Akoko North-West,1,WHO_literature,2022-06-06,128.0,24.044285714285714,28.2,20.28,91.00285714285714,312,203,58,45,32,0.334,412,198,12
2022,24,Akoko North-West,2,WHO_literature,2022-06-13,41.160000000000004,23.93285714285714,28.43,20.98,91.95428571428572,312,203,58,45,32,0.334,412,198,12
2022,25,Akoko North-West,1,WHO_literature,2022-06-20,63.589999999999996,23.888571428571428,28.46,21.04,91.45714285714287,312,203,58,45,32,0.334,412,198,12
2022,26,Akoko North-West,2,WHO_literature,2022-06-27,43.300000000000004,23.571428571428573,28.18,19.96,90.64285714285714,312,203,58,45,32,0.334,412,198,12
2022,27,Akoko North-West,2,WHO_literature,2022-07-04,48.57,24.071428571428573,28.99,20.22,91.13857142857144,312,203,58,45,32,0.334,412,198,12
2022,28,Akoko North-West,2,WHO_literature,2022-07-11,15.24,24.184285714285714,28.62,21.12,89.25142857142858,312,203,58,45,32,0.334,412,198,12
2022,29,Akoko North-West,3,WHO_literature,2022-07-18,26.78,23.57857142857143,27.96,20.37,89.36,312,203,58,45,32,0.334,412,198,12
2022,30,Akoko North-West,2,WHO_literature,2022-07-25,56.230000000000004,23.497142857142855,28.05,20.51,91.09,312,203,58,45,32,0.334,412,198,12
2022,31,Akoko North-West,0,WHO_literature,2022-08-01,10.89,23.66142857142857,28.62,19.46,88.23285714285714,312,203,58,45,32,0.334,412,198,12
2022,32,Akoko North-West,0,WHO_literature,2022-08-08,68.74,23.557142857142857,27.93,20.76,91.11571428571428,312,203,58,45,32,0.334,412,198,12
2022,33,Akoko North-West,1,WHO_literature,2022-08-15,43.9,23.49142857142857,28.83,19.33,89.20428571428572,312,203,58,45,32,0.334,412,198,12
2022,34,Akoko North-West,2,WHO_literature,2022-08-22,80.73,23.228571428571428,27.55,20.26,91.01,312,203,58,45,32,0.334,412,198,12
2022,35,Akoko North-West,1,WHO_literature,2022-08-29,60.71,23.54,28.06,20.13,90.44857142857143,312,203,58,45,32,0.334,412,198,12
2022,36,Akoko North-West,0,WHO_literature,2022-09-05,45.83,23.98857142857143,28.23,20.82,89.90285714285714,312,203,58,45,32,0.334,412,198,12
2022,37,Akoko North-West,0,WHO_literature,2022-09-12,65.3,23.774285714285714,28.55,20.53,91.60857142857142,312,203,58,45,32,0.334,412,198,12
2022,38,Akoko North-West,4,WHO_literature,2022-09-19,59.83,23.818571428571428,28.3,20.27,90.82714285714285,312,203,58,45,32,0.334,412,198,12
2022,39,Akoko North-West,2,WHO_literature,2022-09-26,116.46,23.051428571428573,28.08,20.38,91.63,312,203,58,45,32,0.334,412,198,12
2022,40,Akoko North-West,1,WHO_literature,2022-10-03,167.92000000000002,24.114285714285717,28.93,20.26,89.80999999999999,312,203,58,45,32,0.334,412,198,12
2022,41,Akoko North-West,0,WHO_literature,2022-10-10,76.85,24.534285714285716,29.44,20.59,87.60285714285715,312,203,58,45,32,0.334,412,198,12
2022,42,Akoko North-West,2,WHO_literature,2022-10-17,20.7,24.872857142857146,29.75,21.01,85.62857142857142,312,203,58,45,32,0.334,412,198,12
2022,43,Akoko North-West,0,WHO_literature,2022-10-24,2.44,25.12857142857143,29.94,19.63,78.84142857142857,312,203,58,45,32,0.334,412,198,12
2022,44,Akoko North-West,1,WHO_literature,2022-10-31,8.29,24.725714285714286,29.83,18.57,78.17571428571429,312,203,58,45,32,0.334,412,198,12
2022,45,Akoko North-West,0,WHO_literature,2022-11-07,8.26,25.172857142857143,30.52,20.89,80.48857142857143,312,203,58,45,32,0.334,412,198,12
2022,46,Akoko North-West,1,WHO_literature,2022-11-14,0.56,24.62857142857143,30.04,18.31,75.86714285714287,312,203,58,45,32,0.334,412,198,12
2022,47,Akoko North-West,0,WHO_literature,2022-11-21,0.6799999999999999,24.201428571428572,29.99,17.42,72.11571428571429,312,203,58,45,32,0.334,412,198,12
2022,48,Akoko North-West,1,WHO_literature,2022-11-28,2.31,24.625714285714285,29.71,19.74,77.55142857142857,312,203,58,45,32,0.334,412,198,12
2022,49,Akoko North-West,0,WHO_literature,2022-12-05,0.02,23.82857142857143,30.13,16.4,66.12571428571428,312,203,58,45,32,0.334,412,198,12
2022,50,Akoko North-West,0,WHO_literature,2022-12-12,6.49,23.955714285714286,30.29,18.41,81.16285714285713,312,203,58,45,32,0.334,412,198,12
2022,51,Akoko North-West,0,WHO_literature,2022-12-19,0.0,21.97,28.62,14.71,62.53857142857142,312,203,58,45,32,0.334,412,198,12
2022,52,Akoko North-West,1,WHO_literature,2022-12-26,0.0,21.327142857142857,28.9,14.2,62.59571428571429,312,203,58,45,32,0.334,412,198,12
2023,1,Akoko North-West,0,WHO_literature,2023-01-02,0.0,23.155714285714286,30.33,16.07,61.40714285714286,312,203,58,45,32,0.334,412,198,12
2023,2,Akoko North-West,0,WHO_literature,2023-01-09,0.03,22.305714285714284,30.46,13.96,54.792857142857144,312,203,58,45,32,0.334,412,198,12
2023,3,Akoko North-West,0,WHO_literature,2023-01-16,0.7,24.142857142857142,31.86,16.29,64.66571428571429,312,203,58,45,32,0.334,412,198,12
2023,4,Akoko North-West,0,WHO_literature,2023-01-23,2.2,24.985714285714288,33.07,18.9,80.05857142857143,312,203,58,45,32,0.334,412,198,12
2023,5,Akoko North-West,0,WHO_literature,2023-01-30,35.17,25.47714285714286,32.58,20.87,79.12571428571428,312,203,58,45,32,0.334,412,198,12
2023,6,Akoko North-West,0,WHO_literature,2023-02-06,116.48,25.169999999999998,31.8,18.04,72.58142857142857,312,203,58,45,32,0.334,412,198,12
2023,7,Akoko North-West,0,WHO_literature,2023-02-13,0.0,23.11285714285714,30.45,16.34,55.04714285714285,312,203,58,45,32,0.334,412,198,12
2023,8,Akoko North-West,0,WHO_literature,2023-02-20,22.33,25.261428571428574,31.61,17.06,73.71571428571428,312,203,58,45,32,0.334,412,198,12
2023,9,Akoko North-West,0,WHO_literature,2023-02-27,12.719999999999999,25.554285714285715,30.73,21.9,85.92285714285715,312,203,58,45,32,0.334,412,198,12
2023,10,Akoko North-West,0,WHO_literature,2023-03-06,25.39,25.532857142857143,30.45,21.93,86.74571428571429,312,203,58,45,32,0.334,412,198,12
2023,11,Akoko North-West,0,WHO_literature,2023-03-13,21.89,24.935714285714287,30.64,21.06,84.48714285714286,312,203,58,45,32,0.334,412,198,12
2023,12,Akoko North-West,0,WHO_literature,2023-03-20,23.95,24.988571428571426,30.46,21.04,84.57571428571428,312,203,58,45,32,0.334,412,198,12
2023,13,Akoko North-West,0,WHO_literature,2023-03-27,35.91,25.69,30.6,21.92,83.67142857142858,312,203,58,45,32,0.334,412,198,12
2023,14,Akoko North-West,0,WHO_literature,2023-04-03,47.64,25.43285714285714,30.56,22.05,87.44142857142857,312,203,58,45,32,0.334,412,198,12
2023,15,Akoko North-West,0,WHO_literature,2023-04-10,31.04,25.648571428571426,31.25,21.76,87.96571428571428,312,203,58,45,32,0.334,412,198,12
2023,16,Akoko North-West,0,WHO_literature,2023-04-17,21.82,25.752857142857142,31.22,22.35,88.01142857142858,312,203,58,45,32,0.334,412,198,12
2023,17,Akoko North-West,0,WHO_literature,2023-04-24,38.1,24.981428571428573,29.49,22.07,88.23857142857142,312,203,58,45,32,0.334,412,198,12
2023,18,Akoko North-West,0,WHO_literature,2023-05-01,46.730000000000004,25.217142857142857,30.07,21.5,87.73857142857143,312,203,58,45,32,0.334,412,198,12
2023,19,Akoko North-West,1,WHO_literature,2023-05-08,33.8,25.63714285714286,30.74,22.18,88.49428571428572,312,203,58,45,32,0.334,412,198,12
2023,20,Akoko North-West,1,WHO_literature,2023-05-15,58.71,25.827142857142857,29.8,22.99,90.08428571428571,312,203,58,45,32,0.334,412,198,12
2023,21,Akoko North-West,0,WHO_literature,2023-05-22,30.33,25.611428571428572,31.11,22.2,90.16142857142857,312,203,58,45,32,0.334,412,198,12
2023,22,Akoko North-West,0,WHO_literature,2023-05-29,40.650000000000006,25.56714285714286,29.74,22.4,89.03714285714285,312,203,58,45,32,0.334,412,198,12
2023,23,Akoko North-West,0,WHO_literature,2023-06-05,157.31,24.464285714285715,28.82,21.46,91.64285714285714,312,203,58,45,32,0.334,412,198,12
2023,24,Akoko North-West,1,WHO_literature,2023-06-12,62.05,24.698571428571427,29.5,21.23,88.98714285714286,312,203,58,45,32,0.334,412,198,12
2023,25,Akoko North-West,0,WHO_literature,2023-06-19,55.25,24.204285714285714,28.68,21.19,90.90714285714286,312,203,58,45,32,0.334,412,198,12
2023,26,Akoko North-West,0,WHO_literature,2023-06-26,44.21,24.464285714285715,29.02,21.41,89.34714285714286,312,203,58,45,32,0.334,412,198,12
2023,27,Akoko North-West,2,WHO_literature,2023-07-03,59.98,24.43,29.88,20.98,89.94285714285715,312,203,58,45,32,0.334,412,198,12
2023,28,Akoko North-West,0,WHO_literature,2023-07-10,41.160000000000004,25.037142857142857,30.26,21.08,88.32857142857142,312,203,58,45,32,0.334,412,198,12
2023,29,Akoko North-West,0,WHO_literature,2023-07-17,81.77,24.845714285714287,28.35,22.21,90.9342857142857,312,203,58,45,32,0.334,412,198,12
2023,30,Akoko North-West,0,WHO_literature,2023-07-24,71.97,24.625714285714285,29.89,21.32,90.23714285714286,312,203,58,45,32,0.334,412,198,12
2023,31,Akoko North-West,0,WHO_literature,2023-07-31,23.35,24.514285714285712,29.02,21.25,90.39571428571428,312,203,58,45,32,0.334,412,198,12
2023,32,Akoko North-West,0,WHO_literature,2023-08-07,35.59,24.28,28.35,21.58,90.54428571428572,312,203,58,45,32,0.334,412,198,12
2023,33,Akoko North-West,1,WHO_literature,2023-08-14,40.230000000000004,24.632857142857144,29.16,21.15,89.01142857142858,312,203,58,45,32,0.334,412,198,12
2023,34,Akoko North-West,0,WHO_literature,2023-08-21,29.32,24.728571428571428,29.15,21.59,89.8157142857143,312,203,58,45,32,0.334,412,198,12
2023,35,Akoko North-West,0,WHO_literature,2023-08-28,144.87,24.17142857142857,28.31,21.0,91.18571428571428,312,203,58,45,32,0.334,412,198,12
2023,36,Akoko North-West,0,WHO_literature,2023-09-04,96.62,24.66,30.3,20.91,89.59714285714286,312,203,58,45,32,0.334,412,198,12
2023,37,Akoko North-West,1,WHO_literature,2023-09-11,80.91,24.604285714285716,28.72,21.75,91.22571428571429,312,203,58,45,32,0.334,412,198,12
2023,38,Akoko North-West,2,WHO_literature,2023-09-18,38.72,24.657142857142855,28.55,21.71,89.66714285714286,312,203,58,45,32,0.334,412,198,12
2023,39,Akoko North-West,0,WHO_literature,2023-09-25,54.78,25.594285714285714,30.21,21.7,87.87285714285714,312,203,58,45,32,0.334,412,198,12
2023,40,Akoko North-West,0,WHO_literature,2023-10-02,57.01,25.21142857142857,29.88,22.23,89.75428571428571,312,203,58,45,32,0.334,412,198,12
2023,41,Akoko North-West,1,WHO_literature,2023-10-09,51.71,25.135714285714283,29.27,22.4,90.64428571428572,312,203,58,45,32,0.334,412,198,12
2023,42,Akoko North-West,0,WHO_literature,2023-10-16,29.87,25.0,29.43,21.19,88.84571428571428,312,203,58,45,32,0.334,412,198,12
2023,43,Akoko North-West,1,WHO_literature,2023-10-23,2.41,25.537142857142857,30.16,21.9,87.82571428571428,312,203,58,45,32,0.334,412,198,12
2023,44,Akoko North-West,0,WHO_literature,2023-10-30,49.33,25.15857142857143,29.72,22.02,88.31428571428572,312,203,58,45,32,0.334,412,198,12
2023,45,Akoko North-West,0,WHO_literature,2023-11-06,19.130000000000003,25.425714285714285,30.13,21.57,87.5257142857143,312,203,58,45,32,0.334,412,198,12
2023,46,Akoko North-West,0,WHO_literature,2023-11-13,3.65,24.925714285714285,29.91,20.86,85.28857142857143,312,203,58,45,32,0.334,412,198,12
2023,47,Akoko North-West,0,WHO_literature,2023-11-20,27.85,25.06714285714286,30.64,21.24,87.57000000000001,312,203,58,45,32,0.334,412,198,12
2023,48,Akoko North-West,0,WHO_literature,2023-11-27,1.95,25.562857142857144,31.1,20.28,81.71857142857142,312,203,58,45,32,0.334,412,198,12
2023,49,Akoko North-West,0,WHO_literature,2023-12-04,0.11,25.66,31.32,20.71,78.89285714285714,312,203,58,45,32,0.334,412,198,12
2023,50,Akoko North-West,0,WHO_literature,2023-12-11,0.0,23.712857142857143,30.71,15.89,63.42714285714286,312,203,58,45,32,0.334,412,198,12
2023,51,Akoko North-West,0,WHO_literature,2023-12-18,0.0,24.542857142857144,31.19,17.38,65.10428571428572,312,203,58,45,32,0.334,412,198,12
2023,52,Akoko North-West,0,WHO_literature,2023-12-25,0.0,24.584285714285716,31.04,16.51,58.362857142857145,312,203,58,45,32,0.334,412,198,12
2024,1,Akoko North-West,0,WHO_literature,2024-01-01,0.22,25.502857142857142,31.68,18.73,70.39428571428572,312,203,58,45,32,0.334,412,198,12
2024,2,Akoko North-West,0,WHO_literature,2024-01-08,0.61,24.768571428571427,31.83,18.62,63.07285714285714,312,203,58,45,32,0.334,412,198,12
2024,3,Akoko North-West,0,WHO_literature,2024-01-15,0.0,23.62142857142857,31.67,14.71,44.44857142857143,312,203,58,45,32,0.334,412,198,12
2024,4,Akoko North-West,0,WHO_literature,2024-01-22,5.1,23.367142857142856,31.63,15.58,61.91142857142857,312,203,58,45,32,0.334,412,198,12
2024,5,Akoko North-West,0,WHO_literature,2024-01-29,0.0,24.917142857142856,31.39,17.0,52.065714285714286,312,203,58,45,32,0.334,412,198,12
2024,6,Akoko North-West,0,WHO_literature,2024-02-05,0.0,24.708571428571428,32.97,16.95,56.300000000000004,312,203,58,45,32,0.334,412,198,12
2024,7,Akoko North-West,0,WHO_literature,2024-02-12,0.41,26.307142857142857,33.71,20.01,75.73285714285714,312,203,58,45,32,0.334,412,198,12
2024,8,Akoko North-West,0,WHO_literature,2024-02-19,9.39,27.205714285714286,33.63,22.48,73.15285714285714,312,203,58,45,32,0.334,412,198,12
2024,9,Akoko North-West,0,WHO_literature,2024-02-26,0.32,27.08285714285714,34.6,21.21,78.72,312,203,58,45,32,0.334,412,198,12
2024,10,Akoko North-West,0,WHO_literature,2024-03-04,1.9700000000000002,27.077142857142857,33.97,22.63,81.05142857142857,312,203,58,45,32,0.334,412,198,12
2024,11,Akoko North-West,0,WHO_literature,2024-03-11,25.78,27.384285714285713,35.02,23.15,81.75999999999999,312,203,58,45,32,0.334,412,198,12
2024,12,Akoko North-West,0,WHO_literature,2024-03-18,2.94,26.987142857142857,33.62,22.76,80.05142857142857,312,203,58,45,32,0.334,412,198,12
2024,13,Akoko North-West,0,WHO_literature,2024-03-25,4.3,27.28142857142857,34.6,23.61,82.57285714285715,312,203,58,45,32,0.334,412,198,12
2024,14,Akoko North-West,0,WHO_literature,2024-04-01,18.48,26.895714285714284,33.54,23.8,84.94285714285715,312,203,58,45,32,0.334,412,198,12
2024,15,Akoko North-West,0,WHO_literature,2024-04-08,17.76,26.12142857142857,31.57,22.85,86.23571428571428,312,203,58,45,32,0.334,412,198,12
2024,16,Akoko North-West,0,WHO_literature,2024-04-15,5.86,26.915714285714284,32.33,23.81,83.53428571428572,312,203,58,45,32,0.334,412,198,12
2024,17,Akoko North-West,0,WHO_literature,2024-04-22,31.27,26.842857142857145,32.07,23.28,86.28571428571429,312,203,58,45,32,0.334,412,198,12
2024,18,Akoko North-West,0,WHO_literature,2024-04-29,42.1,26.240000000000002,31.06,23.04,88.46571428571428,312,203,58,45,32,0.334,412,198,12
2024,19,Akoko North-West,1,WHO_literature,2024-05-06,12.66,26.79,31.95,23.58,85.42999999999999,312,203,58,45,32,0.334,412,198,12
2024,20,Akoko North-West,0,WHO_literature,2024-05-13,24.94,26.875714285714285,32.51,22.43,84.10571428571428,312,203,58,45,32,0.334,412,198,12
2024,21,Akoko North-West,0,WHO_literature,2024-05-20,61.27,25.967142857142857,30.78,21.56,87.82714285714285,312,203,58,45,32,0.334,412,198,12
2024,22,Akoko North-West,0,WHO_literature,2024-05-27,31.99,25.957142857142856,30.35,22.5,88.36571428571428,312,203,58,45,32,0.334,412,198,12
2024,23,Akoko North-West,1,WHO_literature,2024-06-03,45.77,25.434285714285714,29.85,22.5,90.13,312,203,58,45,32,0.334,412,198,12
2024,24,Akoko North-West,0,WHO_literature,2024-06-10,49.47,25.472857142857144,30.1,21.72,88.10714285714286,312,203,58,45,32,0.334,412,198,12
2024,25,Akoko North-West,0,WHO_literature,2024-06-17,28.88,25.111428571428572,31.09,21.36,88.63,312,203,58,45,32,0.334,412,198,12
2024,26,Akoko North-West,2,WHO_literature,2024-06-24,49.54,24.59857142857143,28.99,20.49,89.52,312,203,58,45,32,0.334,412,198,12
2024,27,Akoko North-West,0,WHO_literature,2024-07-01,46.8,24.685714285714287,28.98,21.2,88.93142857142857,312,203,58,45,32,0.334,412,198,12
2024,28,Akoko North-West,0,WHO_literature,2024-07-08,34.51,24.610000000000003,29.42,21.32,88.61142857142856,312,203,58,45,32,0.334,412,198,12
2024,29,Akoko North-West,0,WHO_literature,2024-07-15,62.370000000000005,24.53142857142857,29.05,21.67,89.77857142857144,312,203,58,45,32,0.334,412,198,12
2024,30,Akoko North-West,0,WHO_literature,2024-07-22,13.59,24.43857142857143,29.39,21.43,88.17428571428572,312,203,58,45,32,0.334,412,198,12
2024,31,Akoko North-West,0,WHO_literature,2024-07-29,15.13,24.53,29.43,21.23,87.34285714285714,312,203,58,45,32,0.334,412,198,12
2024,32,Akoko North-West,1,WHO_literature,2024-08-05,5.57,24.572857142857142,29.56,21.17,85.92571428571429,312,203,58,45,32,0.334,412,198,12
2024,33,Akoko North-West,0,WHO_literature,2024-08-12,7.73,24.28,29.35,21.1,86.72428571428573,312,203,58,45,32,0.334,412,198,12
2024,34,Akoko North-West,0,WHO_literature,2024-08-19,81.45,24.041428571428572,28.74,21.33,90.53999999999999,312,203,58,45,32,0.334,412,198,12
2024,35,Akoko North-West,0,WHO_literature,2024-08-26,28.349999999999998,24.45285714285714,29.19,21.42,88.91857142857144,312,203,58,45,32,0.334,412,198,12
2024,36,Akoko North-West,0,WHO_literature,2024-09-02,57.17,24.415714285714284,30.08,20.41,86.86714285714287,312,203,58,45,32,0.334,412,198,12
2024,37,Akoko North-West,1,WHO_literature,2024-09-09,71.92,24.662857142857145,29.55,21.49,89.71285714285715,312,203,58,45,32,0.334,412,198,12
2024,38,Akoko North-West,0,WHO_literature,2024-09-16,38.769999999999996,24.731428571428573,29.75,20.75,87.64285714285714,312,203,58,45,32,0.334,412,198,12
2024,39,Akoko North-West,0,WHO_literature,2024-09-23,74.13,24.755714285714284,29.33,20.93,86.59571428571428,312,203,58,45,32,0.334,412,198,12
2024,40,Akoko North-West,1,WHO_literature,2024-09-30,69.19,24.611428571428572,30.12,21.31,89.89714285714285,312,203,58,45,32,0.334,412,198,12
2024,41,Akoko North-West,0,WHO_literature,2024-10-07,47.22,24.90285714285714,30.14,20.88,86.95857142857143,312,203,58,45,32,0.334,412,198,12
2024,42,Akoko North-West,1,WHO_literature,2024-10-14,24.91,24.641428571428573,29.4,20.31,85.66285714285713,312,203,58,45,32,0.334,412,198,12
2024,43,Akoko North-West,0,WHO_literature,2024-10-21,52.36,25.34,30.44,21.36,86.11285714285714,312,203,58,45,32,0.334,412,198,12
2024,44,Akoko North-West,1,WHO_literature,2024-10-28,27.59,26.03857142857143,31.07,21.76,79.97,312,203,58,45,32,0.334,412,198,12
2024,45,Akoko North-West,0,WHO_literature,2024-11-04,3.16,25.114285714285717,30.88,19.44,76.66142857142857,312,203,58,45,32,0.334,412,198,12
2024,46,Akoko North-West,0,WHO_literature,2024-11-11,0.31,25.49142857142857,31.48,19.09,66.06857142857143,312,203,58,45,32,0.334,412,198,12
2024,47,Akoko North-West,0,WHO_literature,2024-11-18,0.44000000000000006,24.83142857142857,31.08,18.12,66.90857142857143,312,203,58,45,32,0.334,412,198,12
2024,48,Akoko North-West,0,WHO_literature,2024-11-25,0.12,23.73428571428571,30.77,15.84,64.59,312,203,58,45,32,0.334,412,198,12
2024,49,Akoko North-West,0,WHO_literature,2024-12-02,0.0,24.13,31.25,16.73,64.59285714285714,312,203,58,45,32,0.334,412,198,12
2024,50,Akoko North-West,1,WHO_literature,2024-12-09,0.04,24.602857142857143,32.36,16.28,57.73714285714285,312,203,58,45,32,0.334,412,198,12
2024,51,Akoko North-West,0,WHO_literature,2024-12-16,0.0,23.547142857142855,31.59,15.15,58.38857142857143,312,203,58,45,32,0.334,412,198,12
2024,52,Akoko North-West,0,WHO_literature,2024-12-23,0.0,24.76571428571429,32.59,17.28,55.94857142857143,312,203,58,45,32,0.334,412,198,12
2018,1,Akoko South-East,0,WHO_literature,2018-01-01,0.0,20.947142857142858,28.54,12.91,54.51714285714286,198,156,64,51,25,0.298,356,178,6
2018,2,Akoko South-East,0,WHO_literature,2018-01-08,0.94,23.655714285714286,30.88,15.78,69.81428571428572,198,156,64,51,25,0.298,356,178,6
2018,3,Akoko South-East,0,WHO_literature,2018-01-15,0.0,23.397142857142857,31.31,16.21,56.38857142857143,198,156,64,51,25,0.298,356,178,6
2018,4,Akoko South-East,0,WHO_literature,2018-01-22,0.0,23.274285714285714,31.32,16.1,52.82142857142857,198,156,64,51,25,0.298,356,178,6
2018,5,Akoko South-East,0,WHO_literature,2018-01-29,1.48,24.334285714285716,34.28,16.29,57.041428571428575,198,156,64,51,25,0.298,356,178,6
2018,6,Akoko South-East,0,WHO_literature,2018-02-05,33.480000000000004,26.534285714285716,34.15,20.75,81.12428571428572,198,156,64,51,25,0.298,356,178,6
2018,7,Akoko South-East,0,WHO_literature,2018-02-12,23.71,26.142857142857142,33.21,20.82,78.99857142857142,198,156,64,51,25,0.298,356,178,6
2018,8,Akoko South-East,0,WHO_literature,2018-02-19,27.75,25.071428571428573,31.89,21.24,84.89428571428572,198,156,64,51,25,0.298,356,178,6
2018,9,Akoko South-East,0,WHO_literature,2018-02-26,2.88,25.755714285714284,33.49,21.4,81.88571428571429,198,156,64,51,25,0.298,356,178,6
2018,10,Akoko South-East,0,WHO_literature,2018-03-05,7.09,25.97142857142857,32.79,21.71,82.28,198,156,64,51,25,0.298,356,178,6
2018,11,Akoko South-East,0,WHO_literature,2018-03-12,27.09,26.004285714285714,32.18,22.04,84.39714285714285,198,156,64,51,25,0.298,356,178,6
2018,12,Akoko South-East,0,WHO_literature,2018-03-19,12.61,25.592857142857145,33.15,21.28,83.39714285714285,198,156,64,51,25,0.298,356,178,6
2018,13,Akoko South-East,0,WHO_literature,2018-03-26,2.59,26.345714285714287,32.93,22.7,83.02571428571427,198,156,64,51,25,0.298,356,178,6
2018,14,Akoko South-East,0,WHO_literature,2018-04-02,7.71,25.904285714285713,31.61,21.8,84.37428571428572,198,156,64,51,25,0.298,356,178,6
2018,15,Akoko South-East,1,WHO_literature,2018-04-09,13.33,25.715714285714284,31.75,21.68,84.11857142857143,198,156,64,51,25,0.298,356,178,6
2018,16,Akoko South-East,1,WHO_literature,2018-04-16,25.92,25.68857142857143,31.31,22.45,86.00857142857141,198,156,64,51,25,0.298,356,178,6
2018,17,Akoko South-East,0,WHO_literature,2018-04-23,16.21,25.532857142857143,30.84,21.74,86.23571428571428,198,156,64,51,25,0.298,356,178,6
2018,18,Akoko South-East,0,WHO_literature,2018-04-30,21.54,25.919999999999998,30.88,22.32,85.90714285714286,198,156,64,51,25,0.298,356,178,6
2018,19,Akoko South-East,0,WHO_literature,2018-05-07,44.160000000000004,24.81714285714286,29.94,21.27,87.39,198,156,64,51,25,0.298,356,178,6
2018,20,Akoko South-East,1,WHO_literature,2018-05-14,40.18,25.26571428571429,30.02,21.38,87.69571428571429,198,156,64,51,25,0.298,356,178,6
2018,21,Akoko South-East,1,WHO_literature,2018-05-21,20.3,25.00142857142857,29.27,21.48,89.23142857142857,198,156,64,51,25,0.298,356,178,6
2018,22,Akoko South-East,0,WHO_literature,2018-05-28,40.22,25.16857142857143,30.65,22.05,88.0257142857143,198,156,64,51,25,0.298,356,178,6
2018,23,Akoko South-East,1,WHO_literature,2018-06-04,113.03,24.8,29.12,21.37,90.03571428571429,198,156,64,51,25,0.298,356,178,6
2018,24,Akoko South-East,0,WHO_literature,2018-06-11,27.75,24.64428571428571,29.31,20.74,88.97,198,156,64,51,25,0.298,356,178,6
2018,25,Akoko South-East,1,WHO_literature,2018-06-18,110.72,23.307142857142857,28.25,20.66,91.76857142857143,198,156,64,51,25,0.298,356,178,6
2018,26,Akoko South-East,3,WHO_literature,2018-06-25,101.85000000000001,23.84142857142857,28.28,20.29,88.77714285714286,198,156,64,51,25,0.298,356,178,6
2018,27,Akoko South-East,0,WHO_literature,2018-07-02,47.07,23.814285714285713,28.58,20.42,89.36285714285714,198,156,64,51,25,0.298,356,178,6
2018,28,Akoko South-East,1,WHO_literature,2018-07-09,28.11,24.27,29.45,20.91,88.56857142857143,198,156,64,51,25,0.298,356,178,6
2018,29,Akoko South-East,2,WHO_literature,2018-07-16,129.5,23.715714285714284,28.32,20.2,90.7242857142857,198,156,64,51,25,0.298,356,178,6
2018,30,Akoko South-East,1,WHO_literature,2018-07-23,87.44,24.17142857142857,29.38,20.81,89.5942857142857,198,156,64,51,25,0.298,356,178,6
2018,31,Akoko South-East,2,WHO_literature,2018-07-30,60.4,23.487142857142857,28.29,19.67,88.91142857142857,198,156,64,51,25,0.298,356,178,6
2018,32,Akoko South-East,2,WHO_literature,2018-08-06,25.92,23.928571428571427,28.38,20.38,89.23571428571428,198,156,64,51,25,0.298,356,178,6
2018,33,Akoko South-East,3,WHO_literature,2018-08-13,45.18,23.574285714285715,28.62,20.47,90.55999999999999,198,156,64,51,25,0.298,356,178,6
2018,34,Akoko South-East,3,WHO_literature,2018-08-20,125.3,23.131428571428575,28.5,20.21,92.65857142857143,198,156,64,51,25,0.298,356,178,6
2018,35,Akoko South-East,3,WHO_literature,2018-08-27,125.58,24.131428571428575,29.11,21.16,89.53714285714285,198,156,64,51,25,0.298,356,178,6
2018,36,Akoko South-East,0,WHO_literature,2018-09-03,183.88,23.542857142857144,27.78,21.05,92.60142857142857,198,156,64,51,25,0.298,356,178,6
2018,37,Akoko South-East,0,WHO_literature,2018-09-10,43.91,23.82,28.45,20.84,90.76285714285714,198,156,64,51,25,0.298,356,178,6
2018,38,Akoko South-East,1,WHO_literature,2018-09-17,72.61,24.527142857142856,29.04,21.3,90.23857142857142,198,156,64,51,25,0.298,356,178,6
2018,39,Akoko South-East,2,WHO_literature,2018-09-24,53.29,24.37142857142857,28.97,21.14,89.9042857142857,198,156,64,51,25,0.298,356,178,6
2018,40,Akoko South-East,0,WHO_literature,2018-10-01,22.61,24.364285714285717,29.42,21.27,90.67285714285715,198,156,64,51,25,0.298,356,178,6
2018,41,Akoko South-East,0,WHO_literature,2018-10-08,41.230000000000004,24.49142857142857,29.07,20.68,88.99142857142859,198,156,64,51,25,0.298,356,178,6
2018,42,Akoko South-East,0,WHO_literature,2018-10-15,38.84,24.99142857142857,30.55,20.49,86.95,198,156,64,51,25,0.298,356,178,6
2018,43,Akoko South-East,2,WHO_literature,2018-10-22,20.65,24.842857142857145,29.92,20.51,89.54285714285713,198,156,64,51,25,0.298,356,178,6
2018,44,Akoko South-East,2,WHO_literature,2018-10-29,50.95,25.12,30.16,21.3,88.49000000000001,198,156,64,51,25,0.298,356,178,6
2018,45,Akoko South-East,0,WHO_literature,2018-11-05,10.41,25.21857142857143,30.07,21.21,84.89714285714285,198,156,64,51,25,0.298,356,178,6
2018,46,Akoko South-East,0,WHO_literature,2018-11-12,10.16,25.47714285714286,30.63,19.87,78.99142857142859,198,156,64,51,25,0.298,356,178,6
2018,47,Akoko South-East,1,WHO_literature,2018-11-19,3.78,25.174285714285713,30.93,17.91,78.11,198,156,64,51,25,0.298,356,178,6
2018,48,Akoko South-East,0,WHO_literature,2018-11-26,0.07,24.95285714285714,30.73,18.75,78.45142857142856,198,156,64,51,25,0.298,356,178,6
2018,49,Akoko South-East,1,WHO_literature,2018-12-03,0.0,24.352857142857143,30.14,17.11,68.85571428571428,198,156,64,51,25,0.298,356,178,6
2018,50,Akoko South-East,0,WHO_literature,2018-12-10,0.25,24.34,31.2,17.46,66.71571428571428,198,156,64,51,25,0.298,356,178,6
2018,51,Akoko South-East,0,WHO_literature,2018-12-17,0.0,23.34857142857143,30.85,15.56,62.357142857142854,198,156,64,51,25,0.298,356,178,6
2018,52,Akoko South-East,0,WHO_literature,2018-12-24,0.0,22.728571428571428,29.25,15.33,61.22428571428571,198,156,64,51,25,0.298,356,178,6
2019,1,Akoko South-East,0,WHO_literature,2019-01-07,0.0,23.25857142857143,30.31,16.67,61.230000000000004,198,156,64,51,25,0.298,356,178,6
2019,2,Akoko South-East,0,WHO_literature,2019-01-14,0.0,23.322857142857142,31.28,16.85,65.3442857142857,198,156,64,51,25,0.298,356,178,6
2019,3,Akoko South-East,0,WHO_literature,2019-01-21,1.45,24.777142857142856,31.3,18.54,78.75285714285714,198,156,64,51,25,0.298,356,178,6
2019,4,Akoko South-East,0,WHO_literature,2019-01-28,10.92,25.428571428571427,32.01,19.19,77.12857142857142,198,156,64,51,25,0.298,356,178,6
2019,5,Akoko South-East,0,WHO_literature,2019-02-04,19.75,25.240000000000002,31.97,20.33,82.08285714285715,198,156,64,51,25,0.298,356,178,6
2019,6,Akoko South-East,0,WHO_literature,2019-02-11,1.72,25.074285714285715,31.45,18.27,70.60714285714286,198,156,64,51,25,0.298,356,178,6
2019,7,Akoko South-East,0,WHO_literature,2019-02-18,0.21000000000000002,24.58142857142857,32.56,17.68,59.08142857142857,198,156,64,51,25,0.298,356,178,6
2019,8,Akoko South-East,0,WHO_literature,2019-02-25,5.96,25.31714285714286,32.14,20.53,80.94142857142857,198,156,64,51,25,0.298,356,178,6
2019,9,Akoko South-East,0,WHO_literature,2019-03-04,8.81,24.91142857142857,31.96,20.19,80.11,198,156,64,51,25,0.298,356,178,6
2019,10,Akoko South-East,0,WHO_literature,2019-03-11,21.78,25.56142857142857,31.01,21.53,84.82285714285715,198,156,64,51,25,0.298,356,178,6
2019,11,Akoko South-East,0,WHO_literature,2019-03-18,3.5300000000000002,26.43,32.85,22.46,82.2942857142857,198,156,64,51,25,0.298,356,178,6
2019,12,Akoko South-East,0,WHO_literature,2019-03-25,9.37,26.292857142857144,33.31,22.22,83.51428571428572,198,156,64,51,25,0.298,356,178,6
2019,13,Akoko South-East,0,WHO_literature,2019-04-01,2.36,26.21,32.02,22.34,84.4057142857143,198,156,64,51,25,0.298,356,178,6
2019,14,Akoko South-East,1,WHO_literature,2019-04-08,7.449999999999999,27.165714285714284,34.36,22.91,81.38428571428572,198,156,64,51,25,0.298,356,178,6
2019,15,Akoko South-East,0,WHO_literature,2019-04-15,18.16,25.771428571428572,32.6,21.43,83.41142857142857,198,156,64,51,25,0.298,356,178,6
2019,16,Akoko South-East,0,WHO_literature,2019-04-22,4.8,26.398571428571426,33.1,21.41,83.13142857142857,198,156,64,51,25,0.298,356,178,6
2019,17,Akoko South-East,0,WHO_literature,2019-04-29,14.580000000000002,26.615714285714287,32.85,23.2,84.48428571428572,198,156,64,51,25,0.298,356,178,6
2019,18,Akoko South-East,0,WHO_literature,2019-05-06,12.48,26.235714285714288,30.68,23.14,86.2,198,156,64,51,25,0.298,356,178,6
2019,19,Akoko South-East,0,WHO_literature,2019-05-13,55.03,25.89428571428571,30.77,22.41,86.78714285714285,198,156,64,51,25,0.298,356,178,6
2019,20,Akoko South-East,0,WHO_literature,2019-05-20,37.25,25.215714285714284,30.69,21.84,87.01857142857143,198,156,64,51,25,0.298,356,178,6
2019,21,Akoko South-East,0,WHO_literature,2019-05-27,25.96,25.611428571428572,30.71,22.37,87.39571428571428,198,156,64,51,25,0.298,356,178,6
2019,22,Akoko South-East,0,WHO_literature,2019-06-03,55.589999999999996,25.07857142857143,29.33,21.98,88.57142857142857,198,156,64,51,25,0.298,356,178,6
2019,23,Akoko South-East,0,WHO_literature,2019-06-10,63.730000000000004,24.754285714285714,29.84,21.51,89.74285714285715,198,156,64,51,25,0.298,356,178,6
2019,24,Akoko South-East,1,WHO_literature,2019-06-17,18.57,24.99142857142857,29.68,21.79,87.87714285714286,198,156,64,51,25,0.298,356,178,6
2019,25,Akoko South-East,1,WHO_literature,2019-06-24,32.4,25.322857142857142,30.36,22.12,88.27285714285713,198,156,64,51,25,0.298,356,178,6
2019,26,Akoko South-East,0,WHO_literature,2019-07-01,161.19,24.41857142857143,29.06,20.48,88.11,198,156,64,51,25,0.298,356,178,6
2019,27,Akoko South-East,1,WHO_literature,2019-07-08,17.68,24.905714285714286,29.84,21.36,88.96000000000001,198,156,64,51,25,0.298,356,178,6
2019,28,Akoko South-East,0,WHO_literature,2019-07-15,62.25,23.78142857142857,29.55,19.97,89.08571428571429,198,156,64,51,25,0.298,356,178,6
2019,29,Akoko South-East,1,WHO_literature,2019-07-22,46.57,24.11285714285714,28.95,20.7,88.64428571428572,198,156,64,51,25,0.298,356,178,6
2019,30,Akoko South-East,2,WHO_literature,2019-07-29,86.44,24.087142857142858,28.16,21.44,90.13571428571427,198,156,64,51,25,0.298,356,178,6
2019,31,Akoko South-East,2,WHO_literature,2019-08-05,44.68,23.801428571428573,29.34,20.76,89.81428571428572,198,156,64,51,25,0.298,356,178,6
2019,32,Akoko South-East,2,WHO_literature,2019-08-12,53.8,23.771428571428572,28.59,21.19,90.37142857142858,198,156,64,51,25,0.298,356,178,6
2019,33,Akoko South-East,3,WHO_literature,2019-08-19,35.43,24.18285714285714,28.2,21.2,89.03999999999999,198,156,64,51,25,0.298,356,178,6
2019,34,Akoko South-East,1,WHO_literature,2019-08-26,107.44,23.36285714285714,28.54,20.28,90.58,198,156,64,51,25,0.298,356,178,6
2019,35,Akoko South-East,0,WHO_literature,2019-09-02,92.57,23.821428571428573,27.88,20.66,89.42571428571429,198,156,64,51,25,0.298,356,178,6
2019,36,Akoko South-East,0,WHO_literature,2019-09-09,57.36,24.06142857142857,29.48,21.12,90.72571428571429,198,156,64,51,25,0.298,356,178,6
2019,37,Akoko South-East,0,WHO_literature,2019-09-16,127.30000000000001,24.03,28.08,20.75,90.58285714285715,198,156,64,51,25,0.298,356,178,6
2019,38,Akoko South-East,1,WHO_literature,2019-09-23,110.67,24.351428571428574,28.72,21.09,90.33428571428571,198,156,64,51,25,0.298,356,178,6
2019,39,Akoko South-East,0,WHO_literature,2019-09-30,92.94,24.207142857142856,28.93,20.69,90.71714285714286,198,156,64,51,25,0.298,356,178,6
2019,40,Akoko South-East,0,WHO_literature,2019-10-07,114.86,23.599999999999998,28.44,20.46,90.65714285714286,198,156,64,51,25,0.298,356,178,6
2019,41,Akoko South-East,0,WHO_literature,2019-10-14,217.92000000000002,23.768571428571427,27.78,20.81,92.75142857142858,198,156,64,51,25,0.298,356,178,6
2019,42,Akoko South-East,0,WHO_literature,2019-10-21,104.07,24.217142857142857,29.16,20.6,90.35142857142857,198,156,64,51,25,0.298,356,178,6
2019,43,Akoko South-East,2,WHO_literature,2019-10-28,81.0,24.254285714285714,29.62,19.98,89.12571428571428,198,156,64,51,25,0.298,356,178,6
2019,44,Akoko South-East,0,WHO_literature,2019-11-04,42.2,24.22142857142857,28.29,20.52,89.26142857142858,198,156,64,51,25,0.298,356,178,6
2019,45,Akoko South-East,0,WHO_literature,2019-11-11,6.390000000000001,25.801428571428573,30.43,21.54,80.51428571428572,198,156,64,51,25,0.298,356,178,6
2019,46,Akoko South-East,1,WHO_literature,2019-11-18,30.06,25.34714285714286,30.38,21.51,85.58571428571429,198,156,64,51,25,0.298,356,178,6
2019,47,Akoko South-East,0,WHO_literature,2019-11-25,6.39,25.767142857142858,30.91,21.28,83.29714285714286,198,156,64,51,25,0.298,356,178,6
2019,48,Akoko South-East,1,WHO_literature,2019-12-02,1.87,25.3,30.96,19.67,76.94285714285715,198,156,64,51,25,0.298,356,178,6
2019,49,Akoko South-East,0,WHO_literature,2019-12-09,71.79,24.827142857142857,30.36,18.89,78.38142857142857,198,156,64,51,25,0.298,356,178,6
2019,50,Akoko South-East,0,WHO_literature,2019-12-16,2.75,24.494285714285716,30.33,18.25,69.05285714285715,198,156,64,51,25,0.298,356,178,6
2019,51,Akoko South-East,0,WHO_literature,2019-12-23,0.01,24.368571428571432,31.09,17.44,61.55571428571428,198,156,64,51,25,0.298,356,178,6
2019,52,Akoko South-East,0,WHO_literature,2019-12-30,0.0,23.247142857142858,30.45,15.37,56.88714285714286,198,156,64,51,25,0.298,356,178,6
2020,1,Akoko South-East,0,WHO_literature,2020-01-06,0.0,21.391428571428573,29.52,14.59,64.28142857142858,198,156,64,51,25,0.298,356,178,6
2020,2,Akoko South-East,0,WHO_literature,2020-01-13,0.06,24.118571428571432,30.82,17.57,68.11,198,156,64,51,25,0.298,356,178,6
2020,3,Akoko South-East,0,WHO_literature,2020-01-20,0.02,24.434285714285714,31.9,16.6,61.1,198,156,64,51,25,0.298,356,178,6
2020,4,Akoko South-East,0,WHO_literature,2020-01-27,0.0,22.462857142857143,30.85,12.22,53.221428571428575,198,156,64,51,25,0.298,356,178,6
2020,5,Akoko South-East,0,WHO_literature,2020-02-03,0.0,23.03142857142857,31.09,15.1,49.19285714285714,198,156,64,51,25,0.298,356,178,6
2020,6,Akoko South-East,0,WHO_literature,2020-02-10,0.0,24.212857142857143,31.82,15.73,60.54571428571428,198,156,64,51,25,0.298,356,178,6
2020,7,Akoko South-East,0,WHO_literature,2020-02-17,0.0,24.157142857142855,32.71,16.02,57.01285714285715,198,156,64,51,25,0.298,356,178,6
2020,8,Akoko South-East,0,WHO_literature,2020-02-24,0.0,25.84714285714286,33.65,19.52,74.64142857142858,198,156,64,51,25,0.298,356,178,6
2020,9,Akoko South-East,0,WHO_literature,2020-03-02,0.38,25.75714285714286,32.73,20.43,72.74142857142857,198,156,64,51,25,0.298,356,178,6
2020,10,Akoko South-East,0,WHO_literature,2020-03-09,8.26,26.31714285714286,34.49,20.18,80.45285714285716,198,156,64,51,25,0.298,356,178,6
2020,11,Akoko South-East,0,WHO_literature,2020-03-16,20.6,26.292857142857144,32.75,20.39,81.08,198,156,64,51,25,0.298,356,178,6
2020,12,Akoko South-East,0,WHO_literature,2020-03-23,8.299999999999999,26.537142857142857,32.29,22.76,83.99714285714286,198,156,64,51,25,0.298,356,178,6
2020,13,Akoko South-East,0,WHO_literature,2020-03-30,22.0,25.648571428571426,31.69,21.62,84.95857142857143,198,156,64,51,25,0.298,356,178,6
2020,14,Akoko South-East,0,WHO_literature,2020-04-06,19.18,25.835714285714285,31.08,22.87,86.94714285714285,198,156,64,51,25,0.298,356,178,6
2020,15,Akoko South-East,0,WHO_literature,2020-04-13,44.73,25.15142857142857,31.6,20.28,83.17285714285715,198,156,64,51,25,0.298,356,178,6
2020,16,Akoko South-East,0,WHO_literature,2020-04-20,2.11,27.068571428571428,33.45,21.91,81.92714285714285,198,156,64,51,25,0.298,356,178,6
2020,17,Akoko South-East,0,WHO_literature,2020-04-27,35.57,25.437142857142856,29.65,22.04,87.18999999999998,198,156,64,51,25,0.298,356,178,6
2020,18,Akoko South-East,0,WHO_literature,2020-05-04,42.57,25.541428571428572,31.04,21.8,88.71571428571428,198,156,64,51,25,0.298,356,178,6
2020,19,Akoko South-East,0,WHO_literature,2020-05-11,19.53,26.255714285714284,31.57,22.54,85.78142857142858,198,156,64,51,25,0.298,356,178,6
2020,20,Akoko South-East,0,WHO_literature,2020-05-18,19.48,25.611428571428572,30.72,21.76,86.26285714285714,198,156,64,51,25,0.298,356,178,6
2020,21,Akoko South-East,0,WHO_literature,2020-05-25,35.05,25.275714285714287,31.15,21.23,87.81428571428572,198,156,64,51,25,0.298,356,178,6
2020,22,Akoko South-East,0,WHO_literature,2020-06-01,54.93,24.958571428571428,29.09,21.67,89.49714285714286,198,156,64,51,25,0.298,356,178,6
2020,23,Akoko South-East,0,WHO_literature,2020-06-08,74.68,24.787142857142857,28.97,22.03,90.20428571428572,198,156,64,51,25,0.298,356,178,6
2020,24,Akoko South-East,1,WHO_literature,2020-06-15,64.32000000000001,24.46,29.32,21.26,89.60285714285715,198,156,64,51,25,0.298,356,178,6
2020,25,Akoko South-East,0,WHO_literature,2020-06-22,50.21,24.59,30.11,20.29,88.87857142857142,198,156,64,51,25,0.298,356,178,6
2020,26,Akoko South-East,0,WHO_literature,2020-06-29,68.91,24.451428571428572,28.87,21.53,89.31857142857143,198,156,64,51,25,0.298,356,178,6
2020,27,Akoko South-East,0,WHO_literature,2020-07-06,75.9,23.99142857142857,28.51,21.03,89.97857142857143,198,156,64,51,25,0.298,356,178,6
2020,28,Akoko South-East,1,WHO_literature,2020-07-13,74.05,23.805714285714284,28.28,20.9,90.71571428571428,198,156,64,51,25,0.298,356,178,6
2020,29,Akoko South-East,0,WHO_literature,2020-07-20,69.06,23.134285714285713,27.84,20.52,90.57285714285715,198,156,64,51,25,0.298,356,178,6
2020,30,Akoko South-East,0,WHO_literature,2020-07-27,61.839999999999996,23.54,28.15,20.89,90.19428571428571,198,156,64,51,25,0.298,356,178,6
2020,31,Akoko South-East,1,WHO_literature,2020-08-03,27.95,23.495714285714286,28.45,20.11,89.26142857142858,198,156,64,51,25,0.298,356,178,6
2020,32,Akoko South-East,0,WHO_literature,2020-08-10,6.25,22.55857142857143,28.28,18.13,88.01428571428572,198,156,64,51,25,0.298,356,178,6
2020,33,Akoko South-East,0,WHO_literature,2020-08-17,4.78,23.259999999999998,29.69,18.28,86.67428571428572,198,156,64,51,25,0.298,356,178,6
2020,34,Akoko South-East,0,WHO_literature,2020-08-24,35.73,23.87857142857143,29.64,20.65,89.48571428571428,198,156,64,51,25,0.298,356,178,6
2020,35,Akoko South-East,0,WHO_literature,2020-08-31,19.62,23.407142857142855,28.5,19.94,88.47142857142858,198,156,64,51,25,0.298,356,178,6
2020,36,Akoko South-East,0,WHO_literature,2020-09-07,165.73000000000002,23.58857142857143,28.82,20.51,90.41142857142857,198,156,64,51,25,0.298,356,178,6
2020,37,Akoko South-East,0,WHO_literature,2020-09-14,138.67000000000002,23.96857142857143,29.49,20.33,89.10000000000001,198,156,64,51,25,0.298,356,178,6
2020,38,Akoko South-East,0,WHO_literature,2020-09-21,88.53999999999999,24.011428571428574,28.43,20.78,89.77142857142857,198,156,64,51,25,0.298,356,178,6
2020,39,Akoko South-East,0,WHO_literature,2020-09-28,65.22,23.68,27.82,20.44,89.72142857142856,198,156,64,51,25,0.298,356,178,6
2020,40,Akoko South-East,0,WHO_literature,2020-10-05,58.769999999999996,24.002857142857142,28.56,20.63,90.09285714285714,198,156,64,51,25,0.298,356,178,6
2020,41,Akoko South-East,0,WHO_literature,2020-10-12,70.25,23.431428571428572,27.81,19.16,89.37,198,156,64,51,25,0.298,356,178,6
2020,42,Akoko South-East,0,WHO_literature,2020-10-19,50.07,24.544285714285714,29.91,20.65,88.85000000000001,198,156,64,51,25,0.298,356,178,6
2020,43,Akoko South-East,0,WHO_literature,2020-10-26,22.29,25.118571428571432,30.35,21.26,86.88142857142857,198,156,64,51,25,0.298,356,178,6
2020,44,Akoko South-East,0,WHO_literature,2020-11-02,4.87,25.287142857142857,30.88,19.91,82.40857142857143,198,156,64,51,25,0.298,356,178,6
2020,45,Akoko South-East,1,WHO_literature,2020-11-09,4.87,24.907142857142855,30.04,19.39,81.44285714285715,198,156,64,51,25,0.298,356,178,6
2020,46,Akoko South-East,0,WHO_literature,2020-11-16,6.92,24.38714285714286,29.79,19.46,79.14999999999999,198,156,64,51,25,0.298,356,178,6
2020,47,Akoko South-East,0,WHO_literature,2020-11-23,1.06,24.518571428571427,30.05,18.67,74.19714285714285,198,156,64,51,25,0.298,356,178,6
2020,48,Akoko South-East,0,WHO_literature,2020-11-30,23.4,25.444285714285716,31.03,19.97,79.44285714285715,198,156,64,51,25,0.298,356,178,6
2020,49,Akoko South-East,0,WHO_literature,2020-12-07,0.09,24.792857142857144,31.38,18.17,74.84142857142857,198,156,64,51,25,0.298,356,178,6
2020,50,Akoko South-East,0,WHO_literature,2020-12-14,4.49,24.69142857142857,31.0,20.27,85.02428571428571,198,156,64,51,25,0.298,356,178,6
2020,51,Akoko South-East,0,WHO_literature,2020-12-21,4.9,24.900000000000002,30.84,19.18,82.94857142857143,198,156,64,51,25,0.298,356,178,6
2020,52,Akoko South-East,0,WHO_literature,2020-12-28,0.5,24.345714285714283,31.35,16.81,77.33,198,156,64,51,25,0.298,356,178,6
2021,1,Akoko South-East,0,WHO_literature,2021-01-04,7.3100000000000005,25.174285714285713,32.02,19.18,80.01142857142858,198,156,64,51,25,0.298,356,178,6
2021,2,Akoko South-East,0,WHO_literature,2021-01-11,0.12000000000000001,24.827142857142857,32.24,16.67,69.20285714285714,198,156,64,51,25,0.298,356,178,6
2021,3,Akoko South-East,0,WHO_literature,2021-01-18,0.0,23.935714285714287,31.75,16.01,59.29857142857143,198,156,64,51,25,0.298,356,178,6
2021,4,Akoko South-East,0,WHO_literature,2021-01-25,0.98,24.608571428571427,32.52,17.06,73.89428571428572,198,156,64,51,25,0.298,356,178,6
2021,5,Akoko South-East,0,WHO_literature,2021-02-01,0.72,25.34142857142857,32.47,19.35,75.33142857142857,198,156,64,51,25,0.298,356,178,6
2021,6,Akoko South-East,0,WHO_literature,2021-02-08,6.78,26.74857142857143,33.93,21.88,77.25142857142858,198,156,64,51,25,0.298,356,178,6
2021,7,Akoko South-East,0,WHO_literature,2021-02-15,1.2,25.111428571428572,32.83,15.79,57.284285714285716,198,156,64,51,25,0.298,356,178,6
2021,8,Akoko South-East,1,WHO_literature,2021-02-22,0.88,25.822857142857142,34.01,18.9,74.5,198,156,64,51,25,0.298,356,178,6
2021,9,Akoko South-East,0,WHO_literature,2021-03-01,0.41000000000000003,27.172857142857143,35.37,21.49,73.96000000000001,198,156,64,51,25,0.298,356,178,6
2021,10,Akoko South-East,0,WHO_literature,2021-03-08,19.810000000000002,25.891428571428573,32.43,22.74,84.31857142857143,198,156,64,51,25,0.298,356,178,6
2021,11,Akoko South-East,0,WHO_literature,2021-03-15,17.96,24.824285714285715,29.74,21.9,85.75857142857141,198,156,64,51,25,0.298,356,178,6
2021,12,Akoko South-East,0,WHO_literature,2021-03-22,23.24,25.812857142857144,32.21,21.66,82.49428571428572,198,156,64,51,25,0.298,356,178,6
2021,13,Akoko South-East,0,WHO_literature,2021-03-29,0.33,26.94,33.81,21.84,75.55857142857143,198,156,64,51,25,0.298,356,178,6
2021,14,Akoko South-East,0,WHO_literature,2021-04-05,47.699999999999996,26.25857142857143,31.79,23.02,84.23714285714286,198,156,64,51,25,0.298,356,178,6
2021,15,Akoko South-East,1,WHO_literature,2021-04-12,86.68,24.94857142857143,29.99,21.93,87.27857142857144,198,156,64,51,25,0.298,356,178,6
2021,16,Akoko South-East,0,WHO_literature,2021-04-19,25.51,25.215714285714284,30.49,21.6,87.89142857142858,198,156,64,51,25,0.298,356,178,6
2021,17,Akoko South-East,0,WHO_literature,2021-04-26,9.31,25.955714285714286,31.34,22.48,86.18142857142857,198,156,64,51,25,0.298,356,178,6
2021,18,Akoko South-East,1,WHO_literature,2021-05-03,37.76,24.942857142857143,30.73,21.26,85.98428571428572,198,156,64,51,25,0.298,356,178,6
2021,19,Akoko South-East,2,WHO_literature,2021-05-10,22.689999999999998,25.571428571428573,30.83,20.55,86.51428571428572,198,156,64,51,25,0.298,356,178,6
2021,20,Akoko South-East,1,WHO_literature,2021-05-17,39.53,25.33142857142857,30.32,21.1,88.12571428571428,198,156,64,51,25,0.298,356,178,6
2021,21,Akoko South-East,1,WHO_literature,2021-05-24,38.82,25.602857142857143,30.5,22.38,89.27857142857144,198,156,64,51,25,0.298,356,178,6
2021,22,Akoko South-East,1,WHO_literature,2021-05-31,107.2,25.024285714285718,30.16,21.79,88.7,198,156,64,51,25,0.298,356,178,6
2021,23,Akoko South-East,4,WHO_literature,2021-06-07,39.21,25.117142857142856,30.68,21.26,87.24571428571429,198,156,64,51,25,0.298,356,178,6
2021,24,Akoko South-East,5,WHO_literature,2021-06-14,59.31,24.54714285714286,29.32,20.91,90.03714285714285,198,156,64,51,25,0.298,356,178,6
2021,25,Akoko South-East,3,WHO_literature,2021-06-21,47.9,24.464285714285715,30.57,20.98,87.97714285714287,198,156,64,51,25,0.298,356,178,6
2021,26,Akoko South-East,6,WHO_literature,2021-06-28,52.83,23.990000000000002,29.0,20.27,88.40428571428572,198,156,64,51,25,0.298,356,178,6
2021,27,Akoko South-East,3,WHO_literature,2021-07-05,31.63,23.792857142857144,28.36,20.92,89.75428571428571,198,156,64,51,25,0.298,356,178,6
2021,28,Akoko South-East,2,WHO_literature,2021-07-12,88.17,24.101428571428574,28.37,21.0,89.14999999999999,198,156,64,51,25,0.298,356,178,6
2021,29,Akoko South-East,3,WHO_literature,2021-07-19,41.01,23.895714285714284,28.9,20.7,88.98714285714287,198,156,64,51,25,0.298,356,178,6
2021,30,Akoko South-East,6,WHO_literature,2021-07-26,33.5,23.654285714285717,28.52,20.22,88.69428571428571,198,156,64,51,25,0.298,356,178,6
2021,31,Akoko South-East,5,WHO_literature,2021-08-02,115.19,23.382857142857144,28.26,20.43,91.6557142857143,198,156,64,51,25,0.298,356,178,6
2021,32,Akoko South-East,8,WHO_literature,2021-08-09,123.91,23.624285714285715,28.29,19.96,90.83,198,156,64,51,25,0.298,356,178,6
2021,33,Akoko South-East,1,WHO_literature,2021-08-16,106.76,23.00142857142857,27.07,20.48,91.92142857142858,198,156,64,51,25,0.298,356,178,6
2021,34,Akoko South-East,1,WHO_literature,2021-08-23,63.269999999999996,24.202857142857145,28.5,20.76,90.22142857142856,198,156,64,51,25,0.298,356,178,6
2021,35,Akoko South-East,1,WHO_literature,2021-08-30,108.0,24.024285714285714,29.32,20.6,90.12428571428572,198,156,64,51,25,0.298,356,178,6
2021,36,Akoko South-East,5,WHO_literature,2021-09-06,64.03999999999999,23.95285714285714,29.04,20.5,90.32285714285715,198,156,64,51,25,0.298,356,178,6
2021,37,Akoko South-East,2,WHO_literature,2021-09-13,39.72,24.102857142857143,28.35,20.83,90.42428571428572,198,156,64,51,25,0.298,356,178,6
2021,38,Akoko South-East,4,WHO_literature,2021-09-20,101.46000000000001,23.97142857142857,28.16,20.12,90.59285714285714,198,156,64,51,25,0.298,356,178,6
2021,39,Akoko South-East,1,WHO_literature,2021-09-27,63.01,24.310000000000002,28.92,21.07,90.23428571428572,198,156,64,51,25,0.298,356,178,6
2021,40,Akoko South-East,4,WHO_literature,2021-10-04,75.97,24.884285714285713,29.58,21.17,90.48,198,156,64,51,25,0.298,356,178,6
2021,41,Akoko South-East,2,WHO_literature,2021-10-11,39.8,24.98428571428571,29.13,21.31,89.63285714285713,198,156,64,51,25,0.298,356,178,6
2021,42,Akoko South-East,2,WHO_literature,2021-10-18,37.28,24.43857142857143,29.17,21.22,89.13428571428572,198,156,64,51,25,0.298,356,178,6
2021,43,Akoko South-East,3,WHO_literature,2021-10-25,67.38,25.155714285714286,30.15,21.39,87.55,198,156,64,51,25,0.298,356,178,6
2021,44,Akoko South-East,3,WHO_literature,2021-11-01,49.15,24.88714285714286,29.75,21.1,88.17571428571429,198,156,64,51,25,0.298,356,178,6
2021,45,Akoko South-East,0,WHO_literature,2021-11-08,181.51,25.542857142857144,29.98,21.68,85.80571428571429,198,156,64,51,25,0.298,356,178,6
2021,46,Akoko South-East,1,WHO_literature,2021-11-15,244.17,25.145714285714288,29.87,20.1,85.29857142857144,198,156,64,51,25,0.298,356,178,6
2021,47,Akoko South-East,0,NCDC_real,2021-11-22,14.450000000000001,25.035714285714285,29.87,19.45,81.55857142857143,198,156,64,51,25,0.298,356,178,6
2021,48,Akoko South-East,1,WHO_literature,2021-11-29,29.439999999999998,25.195714285714285,30.44,19.8,79.35571428571428,198,156,64,51,25,0.298,356,178,6
2021,49,Akoko South-East,0,WHO_literature,2021-12-06,13.18,24.47142857142857,29.84,18.09,74.74857142857142,198,156,64,51,25,0.298,356,178,6
2021,50,Akoko South-East,0,NCDC_real,2021-12-13,254.01,23.08857142857143,30.1,16.1,75.93571428571428,198,156,64,51,25,0.298,356,178,6
2021,51,Akoko South-East,0,WHO_literature,2021-12-20,1.24,22.771428571428572,30.61,16.17,73.97714285714287,198,156,64,51,25,0.298,356,178,6
2021,52,Akoko South-East,0,WHO_literature,2021-12-27,46.620000000000005,23.57857142857143,29.88,17.94,76.85571428571428,198,156,64,51,25,0.298,356,178,6
2022,1,Akoko South-East,0,WHO_literature,2022-01-03,21.97,23.392857142857142,30.44,16.85,71.08428571428571,198,156,64,51,25,0.298,356,178,6
2022,2,Akoko South-East,0,WHO_literature,2022-01-10,71.84,24.685714285714287,30.13,19.94,80.97285714285714,198,156,64,51,25,0.298,356,178,6
2022,3,Akoko South-East,0,WHO_literature,2022-01-17,6.98,21.722857142857144,29.08,15.0,69.34714285714286,198,156,64,51,25,0.298,356,178,6
2022,4,Akoko South-East,0,WHO_literature,2022-01-24,0.18,21.235714285714288,28.94,13.74,66.51571428571428,198,156,64,51,25,0.298,356,178,6
2022,5,Akoko South-East,0,WHO_literature,2022-01-31,0.0,21.662857142857142,29.2,12.86,59.58142857142857,198,156,64,51,25,0.298,356,178,6
2022,6,Akoko South-East,0,WHO_literature,2022-02-07,28.29,23.964285714285715,30.92,16.33,62.75142857142857,198,156,64,51,25,0.298,356,178,6
2022,7,Akoko South-East,0,WHO_literature,2022-02-14,8.29,25.46857142857143,32.62,19.52,78.35142857142857,198,156,64,51,25,0.298,356,178,6
2022,8,Akoko South-East,0,WHO_literature,2022-02-21,31.919999999999998,25.439999999999998,31.82,18.99,75.67571428571429,198,156,64,51,25,0.298,356,178,6
2022,9,Akoko South-East,0,WHO_literature,2022-02-28,52.99,25.07857142857143,31.29,20.78,87.35714285714286,198,156,64,51,25,0.298,356,178,6
2022,10,Akoko South-East,0,WHO_literature,2022-03-07,15.77,25.794285714285714,30.6,22.35,87.25857142857144,198,156,64,51,25,0.298,356,178,6
2022,11,Akoko South-East,0,WHO_literature,2022-03-14,16.049999999999997,25.864285714285717,31.89,22.28,86.08571428571429,198,156,64,51,25,0.298,356,178,6
2022,12,Akoko South-East,0,WHO_literature,2022-03-21,50.65,25.922857142857143,31.8,21.34,85.51857142857143,198,156,64,51,25,0.298,356,178,6
2022,13,Akoko South-East,0,WHO_literature,2022-03-28,46.26,25.627142857142854,30.8,18.76,85.02285714285713,198,156,64,51,25,0.298,356,178,6
2022,14,Akoko South-East,0,WHO_literature,2022-04-04,38.79,25.315714285714282,30.17,20.62,89.03714285714285,198,156,64,51,25,0.298,356,178,6
2022,15,Akoko South-East,0,WHO_literature,2022-04-11,29.18,24.8,29.82,21.84,89.23285714285714,198,156,64,51,25,0.298,356,178,6
2022,16,Akoko South-East,1,WHO_literature,2022-04-18,33.29,25.069999999999997,30.29,21.94,88.2057142857143,198,156,64,51,25,0.298,356,178,6
2022,17,Akoko South-East,0,WHO_literature,2022-04-25,51.83,24.701428571428572,29.48,21.39,89.41999999999999,198,156,64,51,25,0.298,356,178,6
2022,18,Akoko South-East,0,WHO_literature,2022-05-02,15.83,25.235714285714288,29.77,21.98,88.37,198,156,64,51,25,0.298,356,178,6
2022,19,Akoko South-East,1,WHO_literature,2022-05-09,36.92,25.59857142857143,30.32,21.58,88.80428571428571,198,156,64,51,25,0.298,356,178,6
2022,20,Akoko South-East,0,WHO_literature,2022-05-16,49.81,25.14428571428571,30.49,21.66,89.21285714285715,198,156,64,51,25,0.298,356,178,6
2022,21,Akoko South-East,1,WHO_literature,2022-05-23,25.22,24.52285714285714,29.05,21.12,89.26714285714286,198,156,64,51,25,0.298,356,178,6
2022,22,Akoko South-East,3,WHO_literature,2022-05-30,49.13,24.84142857142857,30.05,21.5,88.9557142857143,198,156,64,51,25,0.298,356,178,6
2022,23,Akoko South-East,3,WHO_literature,2022-06-06,128.0,24.044285714285714,28.2,20.28,91.00285714285714,198,156,64,51,25,0.298,356,178,6
2022,24,Akoko South-East,2,WHO_literature,2022-06-13,41.160000000000004,23.93285714285714,28.43,20.98,91.95428571428572,198,156,64,51,25,0.298,356,178,6
2022,25,Akoko South-East,3,WHO_literature,2022-06-20,63.589999999999996,23.888571428571428,28.46,21.04,91.45714285714287,198,156,64,51,25,0.298,356,178,6
2022,26,Akoko South-East,2,WHO_literature,2022-06-27,43.300000000000004,23.571428571428573,28.18,19.96,90.64285714285714,198,156,64,51,25,0.298,356,178,6
2022,27,Akoko South-East,2,WHO_literature,2022-07-04,48.57,24.071428571428573,28.99,20.22,91.13857142857144,198,156,64,51,25,0.298,356,178,6
2022,28,Akoko South-East,2,WHO_literature,2022-07-11,15.24,24.184285714285714,28.62,21.12,89.25142857142858,198,156,64,51,25,0.298,356,178,6
2022,29,Akoko South-East,5,WHO_literature,2022-07-18,26.78,23.57857142857143,27.96,20.37,89.36,198,156,64,51,25,0.298,356,178,6
2022,30,Akoko South-East,4,WHO_literature,2022-07-25,56.230000000000004,23.497142857142855,28.05,20.51,91.09,198,156,64,51,25,0.298,356,178,6
2022,31,Akoko South-East,4,WHO_literature,2022-08-01,10.89,23.66142857142857,28.62,19.46,88.23285714285714,198,156,64,51,25,0.298,356,178,6
2022,32,Akoko South-East,1,WHO_literature,2022-08-08,68.74,23.557142857142857,27.93,20.76,91.11571428571428,198,156,64,51,25,0.298,356,178,6
2022,33,Akoko South-East,0,WHO_literature,2022-08-15,43.9,23.49142857142857,28.83,19.33,89.20428571428572,198,156,64,51,25,0.298,356,178,6
2022,34,Akoko South-East,1,WHO_literature,2022-08-22,80.73,23.228571428571428,27.55,20.26,91.01,198,156,64,51,25,0.298,356,178,6
2022,35,Akoko South-East,3,WHO_literature,2022-08-29,60.71,23.54,28.06,20.13,90.44857142857143,198,156,64,51,25,0.298,356,178,6
2022,36,Akoko South-East,2,WHO_literature,2022-09-05,45.83,23.98857142857143,28.23,20.82,89.90285714285714,198,156,64,51,25,0.298,356,178,6
2022,37,Akoko South-East,1,WHO_literature,2022-09-12,65.3,23.774285714285714,28.55,20.53,91.60857142857142,198,156,64,51,25,0.298,356,178,6
2022,38,Akoko South-East,1,WHO_literature,2022-09-19,59.83,23.818571428571428,28.3,20.27,90.82714285714285,198,156,64,51,25,0.298,356,178,6
2022,39,Akoko South-East,5,WHO_literature,2022-09-26,116.46,23.051428571428573,28.08,20.38,91.63,198,156,64,51,25,0.298,356,178,6
2022,40,Akoko South-East,2,WHO_literature,2022-10-03,167.92000000000002,24.114285714285717,28.93,20.26,89.80999999999999,198,156,64,51,25,0.298,356,178,6
2022,41,Akoko South-East,1,WHO_literature,2022-10-10,76.85,24.534285714285716,29.44,20.59,87.60285714285715,198,156,64,51,25,0.298,356,178,6
2022,42,Akoko South-East,0,WHO_literature,2022-10-17,20.7,24.872857142857146,29.75,21.01,85.62857142857142,198,156,64,51,25,0.298,356,178,6
2022,43,Akoko South-East,3,WHO_literature,2022-10-24,2.44,25.12857142857143,29.94,19.63,78.84142857142857,198,156,64,51,25,0.298,356,178,6
2022,44,Akoko South-East,0,WHO_literature,2022-10-31,8.29,24.725714285714286,29.83,18.57,78.17571428571429,198,156,64,51,25,0.298,356,178,6
2022,45,Akoko South-East,1,WHO_literature,2022-11-07,8.26,25.172857142857143,30.52,20.89,80.48857142857143,198,156,64,51,25,0.298,356,178,6
2022,46,Akoko South-East,0,WHO_literature,2022-11-14,0.56,24.62857142857143,30.04,18.31,75.86714285714287,198,156,64,51,25,0.298,356,178,6
2022,47,Akoko South-East,1,WHO_literature,2022-11-21,0.6799999999999999,24.201428571428572,29.99,17.42,72.11571428571429,198,156,64,51,25,0.298,356,178,6
2022,48,Akoko South-East,0,WHO_literature,2022-11-28,2.31,24.625714285714285,29.71,19.74,77.55142857142857,198,156,64,51,25,0.298,356,178,6
2022,49,Akoko South-East,0,WHO_literature,2022-12-05,0.02,23.82857142857143,30.13,16.4,66.12571428571428,198,156,64,51,25,0.298,356,178,6
2022,50,Akoko South-East,0,WHO_literature,2022-12-12,6.49,23.955714285714286,30.29,18.41,81.16285714285713,198,156,64,51,25,0.298,356,178,6
2022,51,Akoko South-East,0,WHO_literature,2022-12-19,0.0,21.97,28.62,14.71,62.53857142857142,198,156,64,51,25,0.298,356,178,6
2022,52,Akoko South-East,0,WHO_literature,2022-12-26,0.0,21.327142857142857,28.9,14.2,62.59571428571429,198,156,64,51,25,0.298,356,178,6
2023,1,Akoko South-East,0,WHO_literature,2023-01-02,0.0,23.155714285714286,30.33,16.07,61.40714285714286,198,156,64,51,25,0.298,356,178,6
2023,2,Akoko South-East,0,WHO_literature,2023-01-09,0.03,22.305714285714284,30.46,13.96,54.792857142857144,198,156,64,51,25,0.298,356,178,6
2023,3,Akoko South-East,0,WHO_literature,2023-01-16,0.7,24.142857142857142,31.86,16.29,64.66571428571429,198,156,64,51,25,0.298,356,178,6
2023,4,Akoko South-East,0,WHO_literature,2023-01-23,2.2,24.985714285714288,33.07,18.9,80.05857142857143,198,156,64,51,25,0.298,356,178,6
2023,5,Akoko South-East,0,WHO_literature,2023-01-30,35.17,25.47714285714286,32.58,20.87,79.12571428571428,198,156,64,51,25,0.298,356,178,6
2023,6,Akoko South-East,0,WHO_literature,2023-02-06,116.48,25.169999999999998,31.8,18.04,72.58142857142857,198,156,64,51,25,0.298,356,178,6
2023,7,Akoko South-East,0,WHO_literature,2023-02-13,0.0,23.11285714285714,30.45,16.34,55.04714285714285,198,156,64,51,25,0.298,356,178,6
2023,8,Akoko South-East,0,WHO_literature,2023-02-20,22.33,25.261428571428574,31.61,17.06,73.71571428571428,198,156,64,51,25,0.298,356,178,6
2023,9,Akoko South-East,0,WHO_literature,2023-02-27,12.719999999999999,25.554285714285715,30.73,21.9,85.92285714285715,198,156,64,51,25,0.298,356,178,6
2023,10,Akoko South-East,0,WHO_literature,2023-03-06,25.39,25.532857142857143,30.45,21.93,86.74571428571429,198,156,64,51,25,0.298,356,178,6
2023,11,Akoko South-East,0,WHO_literature,2023-03-13,21.89,24.935714285714287,30.64,21.06,84.48714285714286,198,156,64,51,25,0.298,356,178,6
2023,12,Akoko South-East,0,WHO_literature,2023-03-20,23.95,24.988571428571426,30.46,21.04,84.57571428571428,198,156,64,51,25,0.298,356,178,6
2023,13,Akoko South-East,0,WHO_literature,2023-03-27,35.91,25.69,30.6,21.92,83.67142857142858,198,156,64,51,25,0.298,356,178,6
2023,14,Akoko South-East,0,WHO_literature,2023-04-03,47.64,25.43285714285714,30.56,22.05,87.44142857142857,198,156,64,51,25,0.298,356,178,6
2023,15,Akoko South-East,0,WHO_literature,2023-04-10,31.04,25.648571428571426,31.25,21.76,87.96571428571428,198,156,64,51,25,0.298,356,178,6
2023,16,Akoko South-East,0,WHO_literature,2023-04-17,21.82,25.752857142857142,31.22,22.35,88.01142857142858,198,156,64,51,25,0.298,356,178,6
2023,17,Akoko South-East,0,WHO_literature,2023-04-24,38.1,24.981428571428573,29.49,22.07,88.23857142857142,198,156,64,51,25,0.298,356,178,6
2023,18,Akoko South-East,0,WHO_literature,2023-05-01,46.730000000000004,25.217142857142857,30.07,21.5,87.73857142857143,198,156,64,51,25,0.298,356,178,6
2023,19,Akoko South-East,0,WHO_literature,2023-05-08,33.8,25.63714285714286,30.74,22.18,88.49428571428572,198,156,64,51,25,0.298,356,178,6
2023,20,Akoko South-East,1,WHO_literature,2023-05-15,58.71,25.827142857142857,29.8,22.99,90.08428571428571,198,156,64,51,25,0.298,356,178,6
2023,21,Akoko South-East,1,WHO_literature,2023-05-22,30.33,25.611428571428572,31.11,22.2,90.16142857142857,198,156,64,51,25,0.298,356,178,6
2023,22,Akoko South-East,0,WHO_literature,2023-05-29,40.650000000000006,25.56714285714286,29.74,22.4,89.03714285714285,198,156,64,51,25,0.298,356,178,6
2023,23,Akoko South-East,1,WHO_literature,2023-06-05,157.31,24.464285714285715,28.82,21.46,91.64285714285714,198,156,64,51,25,0.298,356,178,6
2023,24,Akoko South-East,0,WHO_literature,2023-06-12,62.05,24.698571428571427,29.5,21.23,88.98714285714286,198,156,64,51,25,0.298,356,178,6
2023,25,Akoko South-East,1,WHO_literature,2023-06-19,55.25,24.204285714285714,28.68,21.19,90.90714285714286,198,156,64,51,25,0.298,356,178,6
2023,26,Akoko South-East,1,WHO_literature,2023-06-26,44.21,24.464285714285715,29.02,21.41,89.34714285714286,198,156,64,51,25,0.298,356,178,6
2023,27,Akoko South-East,2,WHO_literature,2023-07-03,59.98,24.43,29.88,20.98,89.94285714285715,198,156,64,51,25,0.298,356,178,6
2023,28,Akoko South-East,2,WHO_literature,2023-07-10,41.160000000000004,25.037142857142857,30.26,21.08,88.32857142857142,198,156,64,51,25,0.298,356,178,6
2023,29,Akoko South-East,3,WHO_literature,2023-07-17,81.77,24.845714285714287,28.35,22.21,90.9342857142857,198,156,64,51,25,0.298,356,178,6
2023,30,Akoko South-East,1,WHO_literature,2023-07-24,71.97,24.625714285714285,29.89,21.32,90.23714285714286,198,156,64,51,25,0.298,356,178,6
2023,31,Akoko South-East,0,WHO_literature,2023-07-31,23.35,24.514285714285712,29.02,21.25,90.39571428571428,198,156,64,51,25,0.298,356,178,6
2023,32,Akoko South-East,0,WHO_literature,2023-08-07,35.59,24.28,28.35,21.58,90.54428571428572,198,156,64,51,25,0.298,356,178,6
2023,33,Akoko South-East,1,WHO_literature,2023-08-14,40.230000000000004,24.632857142857144,29.16,21.15,89.01142857142858,198,156,64,51,25,0.298,356,178,6
2023,34,Akoko South-East,1,WHO_literature,2023-08-21,29.32,24.728571428571428,29.15,21.59,89.8157142857143,198,156,64,51,25,0.298,356,178,6
2023,35,Akoko South-East,2,WHO_literature,2023-08-28,144.87,24.17142857142857,28.31,21.0,91.18571428571428,198,156,64,51,25,0.298,356,178,6
2023,36,Akoko South-East,0,WHO_literature,2023-09-04,96.62,24.66,30.3,20.91,89.59714285714286,198,156,64,51,25,0.298,356,178,6
2023,37,Akoko South-East,0,WHO_literature,2023-09-11,80.91,24.604285714285716,28.72,21.75,91.22571428571429,198,156,64,51,25,0.298,356,178,6
2023,38,Akoko South-East,4,WHO_literature,2023-09-18,38.72,24.657142857142855,28.55,21.71,89.66714285714286,198,156,64,51,25,0.298,356,178,6
2023,39,Akoko South-East,2,WHO_literature,2023-09-25,54.78,25.594285714285714,30.21,21.7,87.87285714285714,198,156,64,51,25,0.298,356,178,6
2023,40,Akoko South-East,1,WHO_literature,2023-10-02,57.01,25.21142857142857,29.88,22.23,89.75428571428571,198,156,64,51,25,0.298,356,178,6
2023,41,Akoko South-East,0,WHO_literature,2023-10-09,51.71,25.135714285714283,29.27,22.4,90.64428571428572,198,156,64,51,25,0.298,356,178,6
2023,42,Akoko South-East,2,WHO_literature,2023-10-16,29.87,25.0,29.43,21.19,88.84571428571428,198,156,64,51,25,0.298,356,178,6
2023,43,Akoko South-East,0,WHO_literature,2023-10-23,2.41,25.537142857142857,30.16,21.9,87.82571428571428,198,156,64,51,25,0.298,356,178,6
2023,44,Akoko South-East,1,WHO_literature,2023-10-30,49.33,25.15857142857143,29.72,22.02,88.31428571428572,198,156,64,51,25,0.298,356,178,6
2023,45,Akoko South-East,0,WHO_literature,2023-11-06,19.130000000000003,25.425714285714285,30.13,21.57,87.5257142857143,198,156,64,51,25,0.298,356,178,6
2023,46,Akoko South-East,1,WHO_literature,2023-11-13,3.65,24.925714285714285,29.91,20.86,85.28857142857143,198,156,64,51,25,0.298,356,178,6
2023,47,Akoko South-East,0,WHO_literature,2023-11-20,27.85,25.06714285714286,30.64,21.24,87.57000000000001,198,156,64,51,25,0.298,356,178,6
2023,48,Akoko South-East,0,WHO_literature,2023-11-27,1.95,25.562857142857144,31.1,20.28,81.71857142857142,198,156,64,51,25,0.298,356,178,6
2023,49,Akoko South-East,0,WHO_literature,2023-12-04,0.11,25.66,31.32,20.71,78.89285714285714,198,156,64,51,25,0.298,356,178,6
2023,50,Akoko South-East,0,WHO_literature,2023-12-11,0.0,23.712857142857143,30.71,15.89,63.42714285714286,198,156,64,51,25,0.298,356,178,6
2023,51,Akoko South-East,0,WHO_literature,2023-12-18,0.0,24.542857142857144,31.19,17.38,65.10428571428572,198,156,64,51,25,0.298,356,178,6
2023,52,Akoko South-East,1,WHO_literature,2023-12-25,0.0,24.584285714285716,31.04,16.51,58.362857142857145,198,156,64,51,25,0.298,356,178,6
2024,1,Akoko South-East,0,WHO_literature,2024-01-01,0.22,25.502857142857142,31.68,18.73,70.39428571428572,198,156,64,51,25,0.298,356,178,6
2024,2,Akoko South-East,0,WHO_literature,2024-01-08,0.61,24.768571428571427,31.83,18.62,63.07285714285714,198,156,64,51,25,0.298,356,178,6
2024,3,Akoko South-East,0,WHO_literature,2024-01-15,0.0,23.62142857142857,31.67,14.71,44.44857142857143,198,156,64,51,25,0.298,356,178,6
2024,4,Akoko South-East,0,WHO_literature,2024-01-22,5.1,23.367142857142856,31.63,15.58,61.91142857142857,198,156,64,51,25,0.298,356,178,6
2024,5,Akoko South-East,0,WHO_literature,2024-01-29,0.0,24.917142857142856,31.39,17.0,52.065714285714286,198,156,64,51,25,0.298,356,178,6
2024,6,Akoko South-East,0,WHO_literature,2024-02-05,0.0,24.708571428571428,32.97,16.95,56.300000000000004,198,156,64,51,25,0.298,356,178,6
2024,7,Akoko South-East,0,WHO_literature,2024-02-12,0.41,26.307142857142857,33.71,20.01,75.73285714285714,198,156,64,51,25,0.298,356,178,6
2024,8,Akoko South-East,0,WHO_literature,2024-02-19,9.39,27.205714285714286,33.63,22.48,73.15285714285714,198,156,64,51,25,0.298,356,178,6
2024,9,Akoko South-East,0,WHO_literature,2024-02-26,0.32,27.08285714285714,34.6,21.21,78.72,198,156,64,51,25,0.298,356,178,6
2024,10,Akoko South-East,0,WHO_literature,2024-03-04,1.9700000000000002,27.077142857142857,33.97,22.63,81.05142857142857,198,156,64,51,25,0.298,356,178,6
2024,11,Akoko South-East,0,WHO_literature,2024-03-11,25.78,27.384285714285713,35.02,23.15,81.75999999999999,198,156,64,51,25,0.298,356,178,6
2024,12,Akoko South-East,0,WHO_literature,2024-03-18,2.94,26.987142857142857,33.62,22.76,80.05142857142857,198,156,64,51,25,0.298,356,178,6
2024,13,Akoko South-East,0,WHO_literature,2024-03-25,4.3,27.28142857142857,34.6,23.61,82.57285714285715,198,156,64,51,25,0.298,356,178,6
2024,14,Akoko South-East,0,WHO_literature,2024-04-01,18.48,26.895714285714284,33.54,23.8,84.94285714285715,198,156,64,51,25,0.298,356,178,6
2024,15,Akoko South-East,0,WHO_literature,2024-04-08,17.76,26.12142857142857,31.57,22.85,86.23571428571428,198,156,64,51,25,0.298,356,178,6
2024,16,Akoko South-East,0,WHO_literature,2024-04-15,5.86,26.915714285714284,32.33,23.81,83.53428571428572,198,156,64,51,25,0.298,356,178,6
2024,17,Akoko South-East,0,WHO_literature,2024-04-22,31.27,26.842857142857145,32.07,23.28,86.28571428571429,198,156,64,51,25,0.298,356,178,6
2024,18,Akoko South-East,0,WHO_literature,2024-04-29,42.1,26.240000000000002,31.06,23.04,88.46571428571428,198,156,64,51,25,0.298,356,178,6
2024,19,Akoko South-East,1,WHO_literature,2024-05-06,12.66,26.79,31.95,23.58,85.42999999999999,198,156,64,51,25,0.298,356,178,6
2024,20,Akoko South-East,1,WHO_literature,2024-05-13,24.94,26.875714285714285,32.51,22.43,84.10571428571428,198,156,64,51,25,0.298,356,178,6
2024,21,Akoko South-East,0,WHO_literature,2024-05-20,61.27,25.967142857142857,30.78,21.56,87.82714285714285,198,156,64,51,25,0.298,356,178,6
2024,22,Akoko South-East,0,WHO_literature,2024-05-27,31.99,25.957142857142856,30.35,22.5,88.36571428571428,198,156,64,51,25,0.298,356,178,6
2024,23,Akoko South-East,0,WHO_literature,2024-06-03,45.77,25.434285714285714,29.85,22.5,90.13,198,156,64,51,25,0.298,356,178,6
2024,24,Akoko South-East,1,WHO_literature,2024-06-10,49.47,25.472857142857144,30.1,21.72,88.10714285714286,198,156,64,51,25,0.298,356,178,6
2024,25,Akoko South-East,1,WHO_literature,2024-06-17,28.88,25.111428571428572,31.09,21.36,88.63,198,156,64,51,25,0.298,356,178,6
2024,26,Akoko South-East,1,WHO_literature,2024-06-24,49.54,24.59857142857143,28.99,20.49,89.52,198,156,64,51,25,0.298,356,178,6
2024,27,Akoko South-East,2,WHO_literature,2024-07-01,46.8,24.685714285714287,28.98,21.2,88.93142857142857,198,156,64,51,25,0.298,356,178,6
2024,28,Akoko South-East,3,WHO_literature,2024-07-08,34.51,24.610000000000003,29.42,21.32,88.61142857142856,198,156,64,51,25,0.298,356,178,6
2024,29,Akoko South-East,1,WHO_literature,2024-07-15,62.370000000000005,24.53142857142857,29.05,21.67,89.77857142857144,198,156,64,51,25,0.298,356,178,6
2024,30,Akoko South-East,0,WHO_literature,2024-07-22,13.59,24.43857142857143,29.39,21.43,88.17428571428572,198,156,64,51,25,0.298,356,178,6
2024,31,Akoko South-East,0,WHO_literature,2024-07-29,15.13,24.53,29.43,21.23,87.34285714285714,198,156,64,51,25,0.298,356,178,6
2024,32,Akoko South-East,0,WHO_literature,2024-08-05,5.57,24.572857142857142,29.56,21.17,85.92571428571429,198,156,64,51,25,0.298,356,178,6
2024,33,Akoko South-East,1,WHO_literature,2024-08-12,7.73,24.28,29.35,21.1,86.72428571428573,198,156,64,51,25,0.298,356,178,6
2024,34,Akoko South-East,0,WHO_literature,2024-08-19,81.45,24.041428571428572,28.74,21.33,90.53999999999999,198,156,64,51,25,0.298,356,178,6
2024,35,Akoko South-East,0,WHO_literature,2024-08-26,28.349999999999998,24.45285714285714,29.19,21.42,88.91857142857144,198,156,64,51,25,0.298,356,178,6
2024,36,Akoko South-East,0,WHO_literature,2024-09-02,57.17,24.415714285714284,30.08,20.41,86.86714285714287,198,156,64,51,25,0.298,356,178,6
2024,37,Akoko South-East,1,WHO_literature,2024-09-09,71.92,24.662857142857145,29.55,21.49,89.71285714285715,198,156,64,51,25,0.298,356,178,6
2024,38,Akoko South-East,2,WHO_literature,2024-09-16,38.769999999999996,24.731428571428573,29.75,20.75,87.64285714285714,198,156,64,51,25,0.298,356,178,6
2024,39,Akoko South-East,1,WHO_literature,2024-09-23,74.13,24.755714285714284,29.33,20.93,86.59571428571428,198,156,64,51,25,0.298,356,178,6
2024,40,Akoko South-East,0,WHO_literature,2024-09-30,69.19,24.611428571428572,30.12,21.31,89.89714285714285,198,156,64,51,25,0.298,356,178,6
2024,41,Akoko South-East,2,WHO_literature,2024-10-07,47.22,24.90285714285714,30.14,20.88,86.95857142857143,198,156,64,51,25,0.298,356,178,6
2024,42,Akoko South-East,0,WHO_literature,2024-10-14,24.91,24.641428571428573,29.4,20.31,85.66285714285713,198,156,64,51,25,0.298,356,178,6
2024,43,Akoko South-East,1,WHO_literature,2024-10-21,52.36,25.34,30.44,21.36,86.11285714285714,198,156,64,51,25,0.298,356,178,6
2024,44,Akoko South-East,0,WHO_literature,2024-10-28,27.59,26.03857142857143,31.07,21.76,79.97,198,156,64,51,25,0.298,356,178,6
2024,45,Akoko South-East,1,WHO_literature,2024-11-04,3.16,25.114285714285717,30.88,19.44,76.66142857142857,198,156,64,51,25,0.298,356,178,6
2024,46,Akoko South-East,0,WHO_literature,2024-11-11,0.31,25.49142857142857,31.48,19.09,66.06857142857143,198,156,64,51,25,0.298,356,178,6
2024,47,Akoko South-East,1,WHO_literature,2024-11-18,0.44000000000000006,24.83142857142857,31.08,18.12,66.90857142857143,198,156,64,51,25,0.298,356,178,6
2024,48,Akoko South-East,0,WHO_literature,2024-11-25,0.12,23.73428571428571,30.77,15.84,64.59,198,156,64,51,25,0.298,356,178,6
2024,49,Akoko South-East,0,WHO_literature,2024-12-02,0.0,24.13,31.25,16.73,64.59285714285714,198,156,64,51,25,0.298,356,178,6
2024,50,Akoko South-East,0,WHO_literature,2024-12-09,0.04,24.602857142857143,32.36,16.28,57.73714285714285,198,156,64,51,25,0.298,356,178,6
2024,51,Akoko South-East,1,WHO_literature,2024-12-16,0.0,23.547142857142855,31.59,15.15,58.38857142857143,198,156,64,51,25,0.298,356,178,6
2024,52,Akoko South-East,0,WHO_literature,2024-12-23,0.0,24.76571428571429,32.59,17.28,55.94857142857143,198,156,64,51,25,0.298,356,178,6
2018,1,Akoko South-West,0,WHO_literature,2018-01-01,0.0,20.947142857142858,28.54,12.91,54.51714285714286,245,178,61,47,29,0.321,378,185,9
2018,2,Akoko South-West,0,WHO_literature,2018-01-08,0.94,23.655714285714286,30.88,15.78,69.81428571428572,245,178,61,47,29,0.321,378,185,9
2018,3,Akoko South-West,0,WHO_literature,2018-01-15,0.0,23.397142857142857,31.31,16.21,56.38857142857143,245,178,61,47,29,0.321,378,185,9
2018,4,Akoko South-West,0,WHO_literature,2018-01-22,0.0,23.274285714285714,31.32,16.1,52.82142857142857,245,178,61,47,29,0.321,378,185,9
2018,5,Akoko South-West,0,WHO_literature,2018-01-29,1.48,24.334285714285716,34.28,16.29,57.041428571428575,245,178,61,47,29,0.321,378,185,9
2018,6,Akoko South-West,0,WHO_literature,2018-02-05,33.480000000000004,26.534285714285716,34.15,20.75,81.12428571428572,245,178,61,47,29,0.321,378,185,9
2018,7,Akoko South-West,0,WHO_literature,2018-02-12,23.71,26.142857142857142,33.21,20.82,78.99857142857142,245,178,61,47,29,0.321,378,185,9
2018,8,Akoko South-West,0,WHO_literature,2018-02-19,27.75,25.071428571428573,31.89,21.24,84.89428571428572,245,178,61,47,29,0.321,378,185,9
2018,9,Akoko South-West,0,WHO_literature,2018-02-26,2.88,25.755714285714284,33.49,21.4,81.88571428571429,245,178,61,47,29,0.321,378,185,9
2018,10,Akoko South-West,0,WHO_literature,2018-03-05,7.09,25.97142857142857,32.79,21.71,82.28,245,178,61,47,29,0.321,378,185,9
2018,11,Akoko South-West,0,WHO_literature,2018-03-12,27.09,26.004285714285714,32.18,22.04,84.39714285714285,245,178,61,47,29,0.321,378,185,9
2018,12,Akoko South-West,0,WHO_literature,2018-03-19,12.61,25.592857142857145,33.15,21.28,83.39714285714285,245,178,61,47,29,0.321,378,185,9
2018,13,Akoko South-West,0,WHO_literature,2018-03-26,2.59,26.345714285714287,32.93,22.7,83.02571428571427,245,178,61,47,29,0.321,378,185,9
2018,14,Akoko South-West,0,WHO_literature,2018-04-02,7.71,25.904285714285713,31.61,21.8,84.37428571428572,245,178,61,47,29,0.321,378,185,9
2018,15,Akoko South-West,0,WHO_literature,2018-04-09,13.33,25.715714285714284,31.75,21.68,84.11857142857143,245,178,61,47,29,0.321,378,185,9
2018,16,Akoko South-West,1,WHO_literature,2018-04-16,25.92,25.68857142857143,31.31,22.45,86.00857142857141,245,178,61,47,29,0.321,378,185,9
2018,17,Akoko South-West,1,WHO_literature,2018-04-23,16.21,25.532857142857143,30.84,21.74,86.23571428571428,245,178,61,47,29,0.321,378,185,9
2018,18,Akoko South-West,0,WHO_literature,2018-04-30,21.54,25.919999999999998,30.88,22.32,85.90714285714286,245,178,61,47,29,0.321,378,185,9
2018,19,Akoko South-West,0,WHO_literature,2018-05-07,44.160000000000004,24.81714285714286,29.94,21.27,87.39,245,178,61,47,29,0.321,378,185,9
2018,20,Akoko South-West,0,WHO_literature,2018-05-14,40.18,25.26571428571429,30.02,21.38,87.69571428571429,245,178,61,47,29,0.321,378,185,9
2018,21,Akoko South-West,1,WHO_literature,2018-05-21,20.3,25.00142857142857,29.27,21.48,89.23142857142857,245,178,61,47,29,0.321,378,185,9
2018,22,Akoko South-West,1,WHO_literature,2018-05-28,40.22,25.16857142857143,30.65,22.05,88.0257142857143,245,178,61,47,29,0.321,378,185,9
2018,23,Akoko South-West,0,WHO_literature,2018-06-04,113.03,24.8,29.12,21.37,90.03571428571429,245,178,61,47,29,0.321,378,185,9
2018,24,Akoko South-West,1,WHO_literature,2018-06-11,27.75,24.64428571428571,29.31,20.74,88.97,245,178,61,47,29,0.321,378,185,9
2018,25,Akoko South-West,0,WHO_literature,2018-06-18,110.72,23.307142857142857,28.25,20.66,91.76857142857143,245,178,61,47,29,0.321,378,185,9
2018,26,Akoko South-West,1,WHO_literature,2018-06-25,101.85000000000001,23.84142857142857,28.28,20.29,88.77714285714286,245,178,61,47,29,0.321,378,185,9
2018,27,Akoko South-West,1,WHO_literature,2018-07-02,47.07,23.814285714285713,28.58,20.42,89.36285714285714,245,178,61,47,29,0.321,378,185,9
2018,28,Akoko South-West,0,WHO_literature,2018-07-09,28.11,24.27,29.45,20.91,88.56857142857143,245,178,61,47,29,0.321,378,185,9
2018,29,Akoko South-West,1,WHO_literature,2018-07-16,129.5,23.715714285714284,28.32,20.2,90.7242857142857,245,178,61,47,29,0.321,378,185,9
2018,30,Akoko South-West,2,WHO_literature,2018-07-23,87.44,24.17142857142857,29.38,20.81,89.5942857142857,245,178,61,47,29,0.321,378,185,9
2018,31,Akoko South-West,1,WHO_literature,2018-07-30,60.4,23.487142857142857,28.29,19.67,88.91142857142857,245,178,61,47,29,0.321,378,185,9
2018,32,Akoko South-West,2,WHO_literature,2018-08-06,25.92,23.928571428571427,28.38,20.38,89.23571428571428,245,178,61,47,29,0.321,378,185,9
2018,33,Akoko South-West,2,WHO_literature,2018-08-13,45.18,23.574285714285715,28.62,20.47,90.55999999999999,245,178,61,47,29,0.321,378,185,9
2018,34,Akoko South-West,2,WHO_literature,2018-08-20,125.3,23.131428571428575,28.5,20.21,92.65857142857143,245,178,61,47,29,0.321,378,185,9
2018,35,Akoko South-West,3,WHO_literature,2018-08-27,125.58,24.131428571428575,29.11,21.16,89.53714285714285,245,178,61,47,29,0.321,378,185,9
2018,36,Akoko South-West,1,WHO_literature,2018-09-03,183.88,23.542857142857144,27.78,21.05,92.60142857142857,245,178,61,47,29,0.321,378,185,9
2018,37,Akoko South-West,0,WHO_literature,2018-09-10,43.91,23.82,28.45,20.84,90.76285714285714,245,178,61,47,29,0.321,378,185,9
2018,38,Akoko South-West,0,WHO_literature,2018-09-17,72.61,24.527142857142856,29.04,21.3,90.23857142857142,245,178,61,47,29,0.321,378,185,9
2018,39,Akoko South-West,1,WHO_literature,2018-09-24,53.29,24.37142857142857,28.97,21.14,89.9042857142857,245,178,61,47,29,0.321,378,185,9
2018,40,Akoko South-West,1,WHO_literature,2018-10-01,22.61,24.364285714285717,29.42,21.27,90.67285714285715,245,178,61,47,29,0.321,378,185,9
2018,41,Akoko South-West,0,WHO_literature,2018-10-08,41.230000000000004,24.49142857142857,29.07,20.68,88.99142857142859,245,178,61,47,29,0.321,378,185,9
2018,42,Akoko South-West,0,WHO_literature,2018-10-15,38.84,24.99142857142857,30.55,20.49,86.95,245,178,61,47,29,0.321,378,185,9
2018,43,Akoko South-West,0,WHO_literature,2018-10-22,20.65,24.842857142857145,29.92,20.51,89.54285714285713,245,178,61,47,29,0.321,378,185,9
2018,44,Akoko South-West,1,WHO_literature,2018-10-29,50.95,25.12,30.16,21.3,88.49000000000001,245,178,61,47,29,0.321,378,185,9
2018,45,Akoko South-West,1,WHO_literature,2018-11-05,10.41,25.21857142857143,30.07,21.21,84.89714285714285,245,178,61,47,29,0.321,378,185,9
2018,46,Akoko South-West,0,WHO_literature,2018-11-12,10.16,25.47714285714286,30.63,19.87,78.99142857142859,245,178,61,47,29,0.321,378,185,9
2018,47,Akoko South-West,0,WHO_literature,2018-11-19,3.78,25.174285714285713,30.93,17.91,78.11,245,178,61,47,29,0.321,378,185,9
2018,48,Akoko South-West,1,WHO_literature,2018-11-26,0.07,24.95285714285714,30.73,18.75,78.45142857142856,245,178,61,47,29,0.321,378,185,9
2018,49,Akoko South-West,0,WHO_literature,2018-12-03,0.0,24.352857142857143,30.14,17.11,68.85571428571428,245,178,61,47,29,0.321,378,185,9
2018,50,Akoko South-West,1,WHO_literature,2018-12-10,0.25,24.34,31.2,17.46,66.71571428571428,245,178,61,47,29,0.321,378,185,9
2018,51,Akoko South-West,0,WHO_literature,2018-12-17,0.0,23.34857142857143,30.85,15.56,62.357142857142854,245,178,61,47,29,0.321,378,185,9
2018,52,Akoko South-West,0,WHO_literature,2018-12-24,0.0,22.728571428571428,29.25,15.33,61.22428571428571,245,178,61,47,29,0.321,378,185,9
2019,1,Akoko South-West,0,WHO_literature,2019-01-07,0.0,23.25857142857143,30.31,16.67,61.230000000000004,245,178,61,47,29,0.321,378,185,9
2019,2,Akoko South-West,0,WHO_literature,2019-01-14,0.0,23.322857142857142,31.28,16.85,65.3442857142857,245,178,61,47,29,0.321,378,185,9
2019,3,Akoko South-West,0,WHO_literature,2019-01-21,1.45,24.777142857142856,31.3,18.54,78.75285714285714,245,178,61,47,29,0.321,378,185,9
2019,4,Akoko South-West,0,WHO_literature,2019-01-28,10.92,25.428571428571427,32.01,19.19,77.12857142857142,245,178,61,47,29,0.321,378,185,9
2019,5,Akoko South-West,0,WHO_literature,2019-02-04,19.75,25.240000000000002,31.97,20.33,82.08285714285715,245,178,61,47,29,0.321,378,185,9
2019,6,Akoko South-West,0,WHO_literature,2019-02-11,1.72,25.074285714285715,31.45,18.27,70.60714285714286,245,178,61,47,29,0.321,378,185,9
2019,7,Akoko South-West,0,WHO_literature,2019-02-18,0.21000000000000002,24.58142857142857,32.56,17.68,59.08142857142857,245,178,61,47,29,0.321,378,185,9
2019,8,Akoko South-West,0,WHO_literature,2019-02-25,5.96,25.31714285714286,32.14,20.53,80.94142857142857,245,178,61,47,29,0.321,378,185,9
2019,9,Akoko South-West,0,WHO_literature,2019-03-04,8.81,24.91142857142857,31.96,20.19,80.11,245,178,61,47,29,0.321,378,185,9
2019,10,Akoko South-West,0,WHO_literature,2019-03-11,21.78,25.56142857142857,31.01,21.53,84.82285714285715,245,178,61,47,29,0.321,378,185,9
2019,11,Akoko South-West,0,WHO_literature,2019-03-18,3.5300000000000002,26.43,32.85,22.46,82.2942857142857,245,178,61,47,29,0.321,378,185,9
2019,12,Akoko South-West,0,WHO_literature,2019-03-25,9.37,26.292857142857144,33.31,22.22,83.51428571428572,245,178,61,47,29,0.321,378,185,9
2019,13,Akoko South-West,0,WHO_literature,2019-04-01,2.36,26.21,32.02,22.34,84.4057142857143,245,178,61,47,29,0.321,378,185,9
2019,14,Akoko South-West,0,WHO_literature,2019-04-08,7.449999999999999,27.165714285714284,34.36,22.91,81.38428571428572,245,178,61,47,29,0.321,378,185,9
2019,15,Akoko South-West,0,WHO_literature,2019-04-15,18.16,25.771428571428572,32.6,21.43,83.41142857142857,245,178,61,47,29,0.321,378,185,9
2019,16,Akoko South-West,0,WHO_literature,2019-04-22,4.8,26.398571428571426,33.1,21.41,83.13142857142857,245,178,61,47,29,0.321,378,185,9
2019,17,Akoko South-West,0,WHO_literature,2019-04-29,14.580000000000002,26.615714285714287,32.85,23.2,84.48428571428572,245,178,61,47,29,0.321,378,185,9
2019,18,Akoko South-West,0,WHO_literature,2019-05-06,12.48,26.235714285714288,30.68,23.14,86.2,245,178,61,47,29,0.321,378,185,9
2019,19,Akoko South-West,0,WHO_literature,2019-05-13,55.03,25.89428571428571,30.77,22.41,86.78714285714285,245,178,61,47,29,0.321,378,185,9
2019,20,Akoko South-West,0,WHO_literature,2019-05-20,37.25,25.215714285714284,30.69,21.84,87.01857142857143,245,178,61,47,29,0.321,378,185,9
2019,21,Akoko South-West,0,WHO_literature,2019-05-27,25.96,25.611428571428572,30.71,22.37,87.39571428571428,245,178,61,47,29,0.321,378,185,9
2019,22,Akoko South-West,0,WHO_literature,2019-06-03,55.589999999999996,25.07857142857143,29.33,21.98,88.57142857142857,245,178,61,47,29,0.321,378,185,9
2019,23,Akoko South-West,1,WHO_literature,2019-06-10,63.730000000000004,24.754285714285714,29.84,21.51,89.74285714285715,245,178,61,47,29,0.321,378,185,9
2019,24,Akoko South-West,0,WHO_literature,2019-06-17,18.57,24.99142857142857,29.68,21.79,87.87714285714286,245,178,61,47,29,0.321,378,185,9
2019,25,Akoko South-West,1,WHO_literature,2019-06-24,32.4,25.322857142857142,30.36,22.12,88.27285714285713,245,178,61,47,29,0.321,378,185,9
2019,26,Akoko South-West,1,WHO_literature,2019-07-01,161.19,24.41857142857143,29.06,20.48,88.11,245,178,61,47,29,0.321,378,185,9
2019,27,Akoko South-West,0,WHO_literature,2019-07-08,17.68,24.905714285714286,29.84,21.36,88.96000000000001,245,178,61,47,29,0.321,378,185,9
2019,28,Akoko South-West,1,WHO_literature,2019-07-15,62.25,23.78142857142857,29.55,19.97,89.08571428571429,245,178,61,47,29,0.321,378,185,9
2019,29,Akoko South-West,0,WHO_literature,2019-07-22,46.57,24.11285714285714,28.95,20.7,88.64428571428572,245,178,61,47,29,0.321,378,185,9
2019,30,Akoko South-West,1,WHO_literature,2019-07-29,86.44,24.087142857142858,28.16,21.44,90.13571428571427,245,178,61,47,29,0.321,378,185,9
2019,31,Akoko South-West,1,WHO_literature,2019-08-05,44.68,23.801428571428573,29.34,20.76,89.81428571428572,245,178,61,47,29,0.321,378,185,9
2019,32,Akoko South-West,2,WHO_literature,2019-08-12,53.8,23.771428571428572,28.59,21.19,90.37142857142858,245,178,61,47,29,0.321,378,185,9
2019,33,Akoko South-West,2,WHO_literature,2019-08-19,35.43,24.18285714285714,28.2,21.2,89.03999999999999,245,178,61,47,29,0.321,378,185,9
2019,34,Akoko South-West,3,WHO_literature,2019-08-26,107.44,23.36285714285714,28.54,20.28,90.58,245,178,61,47,29,0.321,378,185,9
2019,35,Akoko South-West,1,WHO_literature,2019-09-02,92.57,23.821428571428573,27.88,20.66,89.42571428571429,245,178,61,47,29,0.321,378,185,9
2019,36,Akoko South-West,0,WHO_literature,2019-09-09,57.36,24.06142857142857,29.48,21.12,90.72571428571429,245,178,61,47,29,0.321,378,185,9
2019,37,Akoko South-West,0,WHO_literature,2019-09-16,127.30000000000001,24.03,28.08,20.75,90.58285714285715,245,178,61,47,29,0.321,378,185,9
2019,38,Akoko South-West,0,WHO_literature,2019-09-23,110.67,24.351428571428574,28.72,21.09,90.33428571428571,245,178,61,47,29,0.321,378,185,9
2019,39,Akoko South-West,1,WHO_literature,2019-09-30,92.94,24.207142857142856,28.93,20.69,90.71714285714286,245,178,61,47,29,0.321,378,185,9
2019,40,Akoko South-West,0,WHO_literature,2019-10-07,114.86,23.599999999999998,28.44,20.46,90.65714285714286,245,178,61,47,29,0.321,378,185,9
2019,41,Akoko South-West,0,WHO_literature,2019-10-14,217.92000000000002,23.768571428571427,27.78,20.81,92.75142857142858,245,178,61,47,29,0.321,378,185,9
2019,42,Akoko South-West,0,WHO_literature,2019-10-21,104.07,24.217142857142857,29.16,20.6,90.35142857142857,245,178,61,47,29,0.321,378,185,9
2019,43,Akoko South-West,0,WHO_literature,2019-10-28,81.0,24.254285714285714,29.62,19.98,89.12571428571428,245,178,61,47,29,0.321,378,185,9
2019,44,Akoko South-West,2,WHO_literature,2019-11-04,42.2,24.22142857142857,28.29,20.52,89.26142857142858,245,178,61,47,29,0.321,378,185,9
2019,45,Akoko South-West,0,WHO_literature,2019-11-11,6.390000000000001,25.801428571428573,30.43,21.54,80.51428571428572,245,178,61,47,29,0.321,378,185,9
2019,46,Akoko South-West,0,WHO_literature,2019-11-18,30.06,25.34714285714286,30.38,21.51,85.58571428571429,245,178,61,47,29,0.321,378,185,9
2019,47,Akoko South-West,1,WHO_literature,2019-11-25,6.39,25.767142857142858,30.91,21.28,83.29714285714286,245,178,61,47,29,0.321,378,185,9
2019,48,Akoko South-West,0,WHO_literature,2019-12-02,1.87,25.3,30.96,19.67,76.94285714285715,245,178,61,47,29,0.321,378,185,9
2019,49,Akoko South-West,0,WHO_literature,2019-12-09,71.79,24.827142857142857,30.36,18.89,78.38142857142857,245,178,61,47,29,0.321,378,185,9
2019,50,Akoko South-West,0,WHO_literature,2019-12-16,2.75,24.494285714285716,30.33,18.25,69.05285714285715,245,178,61,47,29,0.321,378,185,9
2019,51,Akoko South-West,0,WHO_literature,2019-12-23,0.01,24.368571428571432,31.09,17.44,61.55571428571428,245,178,61,47,29,0.321,378,185,9
2019,52,Akoko South-West,0,WHO_literature,2019-12-30,0.0,23.247142857142858,30.45,15.37,56.88714285714286,245,178,61,47,29,0.321,378,185,9
2020,1,Akoko South-West,0,WHO_literature,2020-01-06,0.0,21.391428571428573,29.52,14.59,64.28142857142858,245,178,61,47,29,0.321,378,185,9
2020,2,Akoko South-West,0,WHO_literature,2020-01-13,0.06,24.118571428571432,30.82,17.57,68.11,245,178,61,47,29,0.321,378,185,9
2020,3,Akoko South-West,0,WHO_literature,2020-01-20,0.02,24.434285714285714,31.9,16.6,61.1,245,178,61,47,29,0.321,378,185,9
2020,4,Akoko South-West,0,WHO_literature,2020-01-27,0.0,22.462857142857143,30.85,12.22,53.221428571428575,245,178,61,47,29,0.321,378,185,9
2020,5,Akoko South-West,0,WHO_literature,2020-02-03,0.0,23.03142857142857,31.09,15.1,49.19285714285714,245,178,61,47,29,0.321,378,185,9
2020,6,Akoko South-West,0,WHO_literature,2020-02-10,0.0,24.212857142857143,31.82,15.73,60.54571428571428,245,178,61,47,29,0.321,378,185,9
2020,7,Akoko South-West,0,WHO_literature,2020-02-17,0.0,24.157142857142855,32.71,16.02,57.01285714285715,245,178,61,47,29,0.321,378,185,9
2020,8,Akoko South-West,0,WHO_literature,2020-02-24,0.0,25.84714285714286,33.65,19.52,74.64142857142858,245,178,61,47,29,0.321,378,185,9
2020,9,Akoko South-West,0,WHO_literature,2020-03-02,0.38,25.75714285714286,32.73,20.43,72.74142857142857,245,178,61,47,29,0.321,378,185,9
2020,10,Akoko South-West,0,WHO_literature,2020-03-09,8.26,26.31714285714286,34.49,20.18,80.45285714285716,245,178,61,47,29,0.321,378,185,9
2020,11,Akoko South-West,0,WHO_literature,2020-03-16,20.6,26.292857142857144,32.75,20.39,81.08,245,178,61,47,29,0.321,378,185,9
2020,12,Akoko South-West,0,WHO_literature,2020-03-23,8.299999999999999,26.537142857142857,32.29,22.76,83.99714285714286,245,178,61,47,29,0.321,378,185,9
2020,13,Akoko South-West,0,WHO_literature,2020-03-30,22.0,25.648571428571426,31.69,21.62,84.95857142857143,245,178,61,47,29,0.321,378,185,9
2020,14,Akoko South-West,0,WHO_literature,2020-04-06,19.18,25.835714285714285,31.08,22.87,86.94714285714285,245,178,61,47,29,0.321,378,185,9
2020,15,Akoko South-West,0,WHO_literature,2020-04-13,44.73,25.15142857142857,31.6,20.28,83.17285714285715,245,178,61,47,29,0.321,378,185,9
2020,16,Akoko South-West,0,WHO_literature,2020-04-20,2.11,27.068571428571428,33.45,21.91,81.92714285714285,245,178,61,47,29,0.321,378,185,9
2020,17,Akoko South-West,0,WHO_literature,2020-04-27,35.57,25.437142857142856,29.65,22.04,87.18999999999998,245,178,61,47,29,0.321,378,185,9
2020,18,Akoko South-West,0,WHO_literature,2020-05-04,42.57,25.541428571428572,31.04,21.8,88.71571428571428,245,178,61,47,29,0.321,378,185,9
2020,19,Akoko South-West,0,WHO_literature,2020-05-11,19.53,26.255714285714284,31.57,22.54,85.78142857142858,245,178,61,47,29,0.321,378,185,9
2020,20,Akoko South-West,0,WHO_literature,2020-05-18,19.48,25.611428571428572,30.72,21.76,86.26285714285714,245,178,61,47,29,0.321,378,185,9
2020,21,Akoko South-West,0,WHO_literature,2020-05-25,35.05,25.275714285714287,31.15,21.23,87.81428571428572,245,178,61,47,29,0.321,378,185,9
2020,22,Akoko South-West,0,WHO_literature,2020-06-01,54.93,24.958571428571428,29.09,21.67,89.49714285714286,245,178,61,47,29,0.321,378,185,9
2020,23,Akoko South-West,0,WHO_literature,2020-06-08,74.68,24.787142857142857,28.97,22.03,90.20428571428572,245,178,61,47,29,0.321,378,185,9
2020,24,Akoko South-West,1,WHO_literature,2020-06-15,64.32000000000001,24.46,29.32,21.26,89.60285714285715,245,178,61,47,29,0.321,378,185,9
2020,25,Akoko South-West,1,WHO_literature,2020-06-22,50.21,24.59,30.11,20.29,88.87857142857142,245,178,61,47,29,0.321,378,185,9
2020,26,Akoko South-West,0,WHO_literature,2020-06-29,68.91,24.451428571428572,28.87,21.53,89.31857142857143,245,178,61,47,29,0.321,378,185,9
2020,27,Akoko South-West,0,WHO_literature,2020-07-06,75.9,23.99142857142857,28.51,21.03,89.97857142857143,245,178,61,47,29,0.321,378,185,9
2020,28,Akoko South-West,0,WHO_literature,2020-07-13,74.05,23.805714285714284,28.28,20.9,90.71571428571428,245,178,61,47,29,0.321,378,185,9
2020,29,Akoko South-West,1,WHO_literature,2020-07-20,69.06,23.134285714285713,27.84,20.52,90.57285714285715,245,178,61,47,29,0.321,378,185,9
2020,30,Akoko South-West,0,WHO_literature,2020-07-27,61.839999999999996,23.54,28.15,20.89,90.19428571428571,245,178,61,47,29,0.321,378,185,9
2020,31,Akoko South-West,0,WHO_literature,2020-08-03,27.95,23.495714285714286,28.45,20.11,89.26142857142858,245,178,61,47,29,0.321,378,185,9
2020,32,Akoko South-West,2,WHO_literature,2020-08-10,6.25,22.55857142857143,28.28,18.13,88.01428571428572,245,178,61,47,29,0.321,378,185,9
2020,33,Akoko South-West,0,WHO_literature,2020-08-17,4.78,23.259999999999998,29.69,18.28,86.67428571428572,245,178,61,47,29,0.321,378,185,9
2020,34,Akoko South-West,0,WHO_literature,2020-08-24,35.73,23.87857142857143,29.64,20.65,89.48571428571428,245,178,61,47,29,0.321,378,185,9
2020,35,Akoko South-West,0,WHO_literature,2020-08-31,19.62,23.407142857142855,28.5,19.94,88.47142857142858,245,178,61,47,29,0.321,378,185,9
2020,36,Akoko South-West,0,WHO_literature,2020-09-07,165.73000000000002,23.58857142857143,28.82,20.51,90.41142857142857,245,178,61,47,29,0.321,378,185,9
2020,37,Akoko South-West,0,WHO_literature,2020-09-14,138.67000000000002,23.96857142857143,29.49,20.33,89.10000000000001,245,178,61,47,29,0.321,378,185,9
2020,38,Akoko South-West,1,WHO_literature,2020-09-21,88.53999999999999,24.011428571428574,28.43,20.78,89.77142857142857,245,178,61,47,29,0.321,378,185,9
2020,39,Akoko South-West,0,WHO_literature,2020-09-28,65.22,23.68,27.82,20.44,89.72142857142856,245,178,61,47,29,0.321,378,185,9
2020,40,Akoko South-West,0,WHO_literature,2020-10-05,58.769999999999996,24.002857142857142,28.56,20.63,90.09285714285714,245,178,61,47,29,0.321,378,185,9
2020,41,Akoko South-West,0,WHO_literature,2020-10-12,70.25,23.431428571428572,27.81,19.16,89.37,245,178,61,47,29,0.321,378,185,9
2020,42,Akoko South-West,0,WHO_literature,2020-10-19,50.07,24.544285714285714,29.91,20.65,88.85000000000001,245,178,61,47,29,0.321,378,185,9
2020,43,Akoko South-West,0,WHO_literature,2020-10-26,22.29,25.118571428571432,30.35,21.26,86.88142857142857,245,178,61,47,29,0.321,378,185,9
2020,44,Akoko South-West,0,WHO_literature,2020-11-02,4.87,25.287142857142857,30.88,19.91,82.40857142857143,245,178,61,47,29,0.321,378,185,9
2020,45,Akoko South-West,0,WHO_literature,2020-11-09,4.87,24.907142857142855,30.04,19.39,81.44285714285715,245,178,61,47,29,0.321,378,185,9
2020,46,Akoko South-West,0,WHO_literature,2020-11-16,6.92,24.38714285714286,29.79,19.46,79.14999999999999,245,178,61,47,29,0.321,378,185,9
2020,47,Akoko South-West,0,WHO_literature,2020-11-23,1.06,24.518571428571427,30.05,18.67,74.19714285714285,245,178,61,47,29,0.321,378,185,9
2020,48,Akoko South-West,0,WHO_literature,2020-11-30,23.4,25.444285714285716,31.03,19.97,79.44285714285715,245,178,61,47,29,0.321,378,185,9
2020,49,Akoko South-West,0,WHO_literature,2020-12-07,0.09,24.792857142857144,31.38,18.17,74.84142857142857,245,178,61,47,29,0.321,378,185,9
2020,50,Akoko South-West,0,WHO_literature,2020-12-14,4.49,24.69142857142857,31.0,20.27,85.02428571428571,245,178,61,47,29,0.321,378,185,9
2020,51,Akoko South-West,0,WHO_literature,2020-12-21,4.9,24.900000000000002,30.84,19.18,82.94857142857143,245,178,61,47,29,0.321,378,185,9
2020,52,Akoko South-West,0,WHO_literature,2020-12-28,0.5,24.345714285714283,31.35,16.81,77.33,245,178,61,47,29,0.321,378,185,9
2021,1,Akoko South-West,0,WHO_literature,2021-01-04,7.3100000000000005,25.174285714285713,32.02,19.18,80.01142857142858,245,178,61,47,29,0.321,378,185,9
2021,2,Akoko South-West,0,WHO_literature,2021-01-11,0.12000000000000001,24.827142857142857,32.24,16.67,69.20285714285714,245,178,61,47,29,0.321,378,185,9
2021,3,Akoko South-West,0,WHO_literature,2021-01-18,0.0,23.935714285714287,31.75,16.01,59.29857142857143,245,178,61,47,29,0.321,378,185,9
2021,4,Akoko South-West,0,WHO_literature,2021-01-25,0.98,24.608571428571427,32.52,17.06,73.89428571428572,245,178,61,47,29,0.321,378,185,9
2021,5,Akoko South-West,0,WHO_literature,2021-02-01,0.72,25.34142857142857,32.47,19.35,75.33142857142857,245,178,61,47,29,0.321,378,185,9
2021,6,Akoko South-West,0,WHO_literature,2021-02-08,6.78,26.74857142857143,33.93,21.88,77.25142857142858,245,178,61,47,29,0.321,378,185,9
2021,7,Akoko South-West,0,WHO_literature,2021-02-15,1.2,25.111428571428572,32.83,15.79,57.284285714285716,245,178,61,47,29,0.321,378,185,9
2021,8,Akoko South-West,0,WHO_literature,2021-02-22,0.88,25.822857142857142,34.01,18.9,74.5,245,178,61,47,29,0.321,378,185,9
2021,9,Akoko South-West,1,WHO_literature,2021-03-01,0.41000000000000003,27.172857142857143,35.37,21.49,73.96000000000001,245,178,61,47,29,0.321,378,185,9
2021,10,Akoko South-West,0,WHO_literature,2021-03-08,19.810000000000002,25.891428571428573,32.43,22.74,84.31857142857143,245,178,61,47,29,0.321,378,185,9
2021,11,Akoko South-West,0,WHO_literature,2021-03-15,17.96,24.824285714285715,29.74,21.9,85.75857142857141,245,178,61,47,29,0.321,378,185,9
2021,12,Akoko South-West,0,WHO_literature,2021-03-22,23.24,25.812857142857144,32.21,21.66,82.49428571428572,245,178,61,47,29,0.321,378,185,9
2021,13,Akoko South-West,1,WHO_literature,2021-03-29,0.33,26.94,33.81,21.84,75.55857142857143,245,178,61,47,29,0.321,378,185,9
2021,14,Akoko South-West,1,WHO_literature,2021-04-05,47.699999999999996,26.25857142857143,31.79,23.02,84.23714285714286,245,178,61,47,29,0.321,378,185,9
2021,15,Akoko South-West,1,WHO_literature,2021-04-12,86.68,24.94857142857143,29.99,21.93,87.27857142857144,245,178,61,47,29,0.321,378,185,9
2021,16,Akoko South-West,1,WHO_literature,2021-04-19,25.51,25.215714285714284,30.49,21.6,87.89142857142858,245,178,61,47,29,0.321,378,185,9
2021,17,Akoko South-West,0,WHO_literature,2021-04-26,9.31,25.955714285714286,31.34,22.48,86.18142857142857,245,178,61,47,29,0.321,378,185,9
2021,18,Akoko South-West,1,WHO_literature,2021-05-03,37.76,24.942857142857143,30.73,21.26,85.98428571428572,245,178,61,47,29,0.321,378,185,9
2021,19,Akoko South-West,2,WHO_literature,2021-05-10,22.689999999999998,25.571428571428573,30.83,20.55,86.51428571428572,245,178,61,47,29,0.321,378,185,9
2021,20,Akoko South-West,2,WHO_literature,2021-05-17,39.53,25.33142857142857,30.32,21.1,88.12571428571428,245,178,61,47,29,0.321,378,185,9
2021,21,Akoko South-West,1,WHO_literature,2021-05-24,38.82,25.602857142857143,30.5,22.38,89.27857142857144,245,178,61,47,29,0.321,378,185,9
2021,22,Akoko South-West,1,WHO_literature,2021-05-31,107.2,25.024285714285718,30.16,21.79,88.7,245,178,61,47,29,0.321,378,185,9
2021,23,Akoko South-West,1,WHO_literature,2021-06-07,39.21,25.117142857142856,30.68,21.26,87.24571428571429,245,178,61,47,29,0.321,378,185,9
2021,24,Akoko South-West,4,WHO_literature,2021-06-14,59.31,24.54714285714286,29.32,20.91,90.03714285714285,245,178,61,47,29,0.321,378,185,9
2021,25,Akoko South-West,5,WHO_literature,2021-06-21,47.9,24.464285714285715,30.57,20.98,87.97714285714287,245,178,61,47,29,0.321,378,185,9
2021,26,Akoko South-West,5,WHO_literature,2021-06-28,52.83,23.990000000000002,29.0,20.27,88.40428571428572,245,178,61,47,29,0.321,378,185,9
2021,27,Akoko South-West,5,WHO_literature,2021-07-05,31.63,23.792857142857144,28.36,20.92,89.75428571428571,245,178,61,47,29,0.321,378,185,9
2021,28,Akoko South-West,3,WHO_literature,2021-07-12,88.17,24.101428571428574,28.37,21.0,89.14999999999999,245,178,61,47,29,0.321,378,185,9
2021,29,Akoko South-West,2,WHO_literature,2021-07-19,41.01,23.895714285714284,28.9,20.7,88.98714285714287,245,178,61,47,29,0.321,378,185,9
2021,30,Akoko South-West,3,WHO_literature,2021-07-26,33.5,23.654285714285717,28.52,20.22,88.69428571428571,245,178,61,47,29,0.321,378,185,9
2021,31,Akoko South-West,6,WHO_literature,2021-08-02,115.19,23.382857142857144,28.26,20.43,91.6557142857143,245,178,61,47,29,0.321,378,185,9
2021,32,Akoko South-West,5,WHO_literature,2021-08-09,123.91,23.624285714285715,28.29,19.96,90.83,245,178,61,47,29,0.321,378,185,9
2021,33,Akoko South-West,8,WHO_literature,2021-08-16,106.76,23.00142857142857,27.07,20.48,91.92142857142858,245,178,61,47,29,0.321,378,185,9
2021,34,Akoko South-West,1,WHO_literature,2021-08-23,63.269999999999996,24.202857142857145,28.5,20.76,90.22142857142856,245,178,61,47,29,0.321,378,185,9
2021,35,Akoko South-West,1,WHO_literature,2021-08-30,108.0,24.024285714285714,29.32,20.6,90.12428571428572,245,178,61,47,29,0.321,378,185,9
2021,36,Akoko South-West,2,WHO_literature,2021-09-06,64.03999999999999,23.95285714285714,29.04,20.5,90.32285714285715,245,178,61,47,29,0.321,378,185,9
2021,37,Akoko South-West,3,WHO_literature,2021-09-13,39.72,24.102857142857143,28.35,20.83,90.42428571428572,245,178,61,47,29,0.321,378,185,9
2021,38,Akoko South-West,3,WHO_literature,2021-09-20,101.46000000000001,23.97142857142857,28.16,20.12,90.59285714285714,245,178,61,47,29,0.321,378,185,9
2021,39,Akoko South-West,2,WHO_literature,2021-09-27,63.01,24.310000000000002,28.92,21.07,90.23428571428572,245,178,61,47,29,0.321,378,185,9
2021,40,Akoko South-West,1,WHO_literature,2021-10-04,75.97,24.884285714285713,29.58,21.17,90.48,245,178,61,47,29,0.321,378,185,9
2021,41,Akoko South-West,4,WHO_literature,2021-10-11,39.8,24.98428571428571,29.13,21.31,89.63285714285713,245,178,61,47,29,0.321,378,185,9
2021,42,Akoko South-West,6,WHO_literature,2021-10-18,37.28,24.43857142857143,29.17,21.22,89.13428571428572,245,178,61,47,29,0.321,378,185,9
2021,43,Akoko South-West,1,WHO_literature,2021-10-25,67.38,25.155714285714286,30.15,21.39,87.55,245,178,61,47,29,0.321,378,185,9
2021,44,Akoko South-West,4,WHO_literature,2021-11-01,49.15,24.88714285714286,29.75,21.1,88.17571428571429,245,178,61,47,29,0.321,378,185,9
2021,45,Akoko South-West,2,WHO_literature,2021-11-08,181.51,25.542857142857144,29.98,21.68,85.80571428571429,245,178,61,47,29,0.321,378,185,9
2021,46,Akoko South-West,0,WHO_literature,2021-11-15,244.17,25.145714285714288,29.87,20.1,85.29857142857144,245,178,61,47,29,0.321,378,185,9
2021,47,Akoko South-West,1,NCDC_real,2021-11-22,14.450000000000001,25.035714285714285,29.87,19.45,81.55857142857143,245,178,61,47,29,0.321,378,185,9
2021,48,Akoko South-West,0,WHO_literature,2021-11-29,29.439999999999998,25.195714285714285,30.44,19.8,79.35571428571428,245,178,61,47,29,0.321,378,185,9
2021,49,Akoko South-West,0,WHO_literature,2021-12-06,13.18,24.47142857142857,29.84,18.09,74.74857142857142,245,178,61,47,29,0.321,378,185,9
2021,50,Akoko South-West,0,NCDC_real,2021-12-13,254.01,23.08857142857143,30.1,16.1,75.93571428571428,245,178,61,47,29,0.321,378,185,9
2021,51,Akoko South-West,0,WHO_literature,2021-12-20,1.24,22.771428571428572,30.61,16.17,73.97714285714287,245,178,61,47,29,0.321,378,185,9
2021,52,Akoko South-West,0,WHO_literature,2021-12-27,46.620000000000005,23.57857142857143,29.88,17.94,76.85571428571428,245,178,61,47,29,0.321,378,185,9
2022,1,Akoko South-West,0,WHO_literature,2022-01-03,21.97,23.392857142857142,30.44,16.85,71.08428571428571,245,178,61,47,29,0.321,378,185,9
2022,2,Akoko South-West,0,WHO_literature,2022-01-10,71.84,24.685714285714287,30.13,19.94,80.97285714285714,245,178,61,47,29,0.321,378,185,9
2022,3,Akoko South-West,0,WHO_literature,2022-01-17,6.98,21.722857142857144,29.08,15.0,69.34714285714286,245,178,61,47,29,0.321,378,185,9
2022,4,Akoko South-West,0,WHO_literature,2022-01-24,0.18,21.235714285714288,28.94,13.74,66.51571428571428,245,178,61,47,29,0.321,378,185,9
2022,5,Akoko South-West,0,WHO_literature,2022-01-31,0.0,21.662857142857142,29.2,12.86,59.58142857142857,245,178,61,47,29,0.321,378,185,9
2022,6,Akoko South-West,0,WHO_literature,2022-02-07,28.29,23.964285714285715,30.92,16.33,62.75142857142857,245,178,61,47,29,0.321,378,185,9
2022,7,Akoko South-West,0,WHO_literature,2022-02-14,8.29,25.46857142857143,32.62,19.52,78.35142857142857,245,178,61,47,29,0.321,378,185,9
2022,8,Akoko South-West,0,WHO_literature,2022-02-21,31.919999999999998,25.439999999999998,31.82,18.99,75.67571428571429,245,178,61,47,29,0.321,378,185,9
2022,9,Akoko South-West,0,WHO_literature,2022-02-28,52.99,25.07857142857143,31.29,20.78,87.35714285714286,245,178,61,47,29,0.321,378,185,9
2022,10,Akoko South-West,0,WHO_literature,2022-03-07,15.77,25.794285714285714,30.6,22.35,87.25857142857144,245,178,61,47,29,0.321,378,185,9
2022,11,Akoko South-West,0,WHO_literature,2022-03-14,16.049999999999997,25.864285714285717,31.89,22.28,86.08571428571429,245,178,61,47,29,0.321,378,185,9
2022,12,Akoko South-West,0,WHO_literature,2022-03-21,50.65,25.922857142857143,31.8,21.34,85.51857142857143,245,178,61,47,29,0.321,378,185,9
2022,13,Akoko South-West,0,WHO_literature,2022-03-28,46.26,25.627142857142854,30.8,18.76,85.02285714285713,245,178,61,47,29,0.321,378,185,9
2022,14,Akoko South-West,0,WHO_literature,2022-04-04,38.79,25.315714285714282,30.17,20.62,89.03714285714285,245,178,61,47,29,0.321,378,185,9
2022,15,Akoko South-West,0,WHO_literature,2022-04-11,29.18,24.8,29.82,21.84,89.23285714285714,245,178,61,47,29,0.321,378,185,9
2022,16,Akoko South-West,0,WHO_literature,2022-04-18,33.29,25.069999999999997,30.29,21.94,88.2057142857143,245,178,61,47,29,0.321,378,185,9
2022,17,Akoko South-West,0,WHO_literature,2022-04-25,51.83,24.701428571428572,29.48,21.39,89.41999999999999,245,178,61,47,29,0.321,378,185,9
2022,18,Akoko South-West,0,WHO_literature,2022-05-02,15.83,25.235714285714288,29.77,21.98,88.37,245,178,61,47,29,0.321,378,185,9
2022,19,Akoko South-West,0,WHO_literature,2022-05-09,36.92,25.59857142857143,30.32,21.58,88.80428571428571,245,178,61,47,29,0.321,378,185,9
2022,20,Akoko South-West,1,WHO_literature,2022-05-16,49.81,25.14428571428571,30.49,21.66,89.21285714285715,245,178,61,47,29,0.321,378,185,9
2022,21,Akoko South-West,0,WHO_literature,2022-05-23,25.22,24.52285714285714,29.05,21.12,89.26714285714286,245,178,61,47,29,0.321,378,185,9
2022,22,Akoko South-West,1,WHO_literature,2022-05-30,49.13,24.84142857142857,30.05,21.5,88.9557142857143,245,178,61,47,29,0.321,378,185,9
2022,23,Akoko South-West,3,WHO_literature,2022-06-06,128.0,24.044285714285714,28.2,20.28,91.00285714285714,245,178,61,47,29,0.321,378,185,9
2022,24,Akoko South-West,2,WHO_literature,2022-06-13,41.160000000000004,23.93285714285714,28.43,20.98,91.95428571428572,245,178,61,47,29,0.321,378,185,9
2022,25,Akoko South-West,2,WHO_literature,2022-06-20,63.589999999999996,23.888571428571428,28.46,21.04,91.45714285714287,245,178,61,47,29,0.321,378,185,9
2022,26,Akoko South-West,3,WHO_literature,2022-06-27,43.300000000000004,23.571428571428573,28.18,19.96,90.64285714285714,245,178,61,47,29,0.321,378,185,9
2022,27,Akoko South-West,2,WHO_literature,2022-07-04,48.57,24.071428571428573,28.99,20.22,91.13857142857144,245,178,61,47,29,0.321,378,185,9
2022,28,Akoko South-West,2,WHO_literature,2022-07-11,15.24,24.184285714285714,28.62,21.12,89.25142857142858,245,178,61,47,29,0.321,378,185,9
2022,29,Akoko South-West,2,WHO_literature,2022-07-18,26.78,23.57857142857143,27.96,20.37,89.36,245,178,61,47,29,0.321,378,185,9
2022,30,Akoko South-West,5,WHO_literature,2022-07-25,56.230000000000004,23.497142857142855,28.05,20.51,91.09,245,178,61,47,29,0.321,378,185,9
2022,31,Akoko South-West,4,WHO_literature,2022-08-01,10.89,23.66142857142857,28.62,19.46,88.23285714285714,245,178,61,47,29,0.321,378,185,9
2022,32,Akoko South-West,6,WHO_literature,2022-08-08,68.74,23.557142857142857,27.93,20.76,91.11571428571428,245,178,61,47,29,0.321,378,185,9
2022,33,Akoko South-West,1,WHO_literature,2022-08-15,43.9,23.49142857142857,28.83,19.33,89.20428571428572,245,178,61,47,29,0.321,378,185,9
2022,34,Akoko South-West,0,WHO_literature,2022-08-22,80.73,23.228571428571428,27.55,20.26,91.01,245,178,61,47,29,0.321,378,185,9
2022,35,Akoko South-West,1,WHO_literature,2022-08-29,60.71,23.54,28.06,20.13,90.44857142857143,245,178,61,47,29,0.321,378,185,9
2022,36,Akoko South-West,3,WHO_literature,2022-09-05,45.83,23.98857142857143,28.23,20.82,89.90285714285714,245,178,61,47,29,0.321,378,185,9
2022,37,Akoko South-West,2,WHO_literature,2022-09-12,65.3,23.774285714285714,28.55,20.53,91.60857142857142,245,178,61,47,29,0.321,378,185,9
2022,38,Akoko South-West,1,WHO_literature,2022-09-19,59.83,23.818571428571428,28.3,20.27,90.82714285714285,245,178,61,47,29,0.321,378,185,9
2022,39,Akoko South-West,1,WHO_literature,2022-09-26,116.46,23.051428571428573,28.08,20.38,91.63,245,178,61,47,29,0.321,378,185,9
2022,40,Akoko South-West,4,WHO_literature,2022-10-03,167.92000000000002,24.114285714285717,28.93,20.26,89.80999999999999,245,178,61,47,29,0.321,378,185,9
2022,41,Akoko South-West,2,WHO_literature,2022-10-10,76.85,24.534285714285716,29.44,20.59,87.60285714285715,245,178,61,47,29,0.321,378,185,9
2022,42,Akoko South-West,1,WHO_literature,2022-10-17,20.7,24.872857142857146,29.75,21.01,85.62857142857142,245,178,61,47,29,0.321,378,185,9
2022,43,Akoko South-West,2,WHO_literature,2022-10-24,2.44,25.12857142857143,29.94,19.63,78.84142857142857,245,178,61,47,29,0.321,378,185,9
2022,44,Akoko South-West,3,WHO_literature,2022-10-31,8.29,24.725714285714286,29.83,18.57,78.17571428571429,245,178,61,47,29,0.321,378,185,9
2022,45,Akoko South-West,0,WHO_literature,2022-11-07,8.26,25.172857142857143,30.52,20.89,80.48857142857143,245,178,61,47,29,0.321,378,185,9
2022,46,Akoko South-West,1,WHO_literature,2022-11-14,0.56,24.62857142857143,30.04,18.31,75.86714285714287,245,178,61,47,29,0.321,378,185,9
2022,47,Akoko South-West,0,WHO_literature,2022-11-21,0.6799999999999999,24.201428571428572,29.99,17.42,72.11571428571429,245,178,61,47,29,0.321,378,185,9
2022,48,Akoko South-West,1,WHO_literature,2022-11-28,2.31,24.625714285714285,29.71,19.74,77.55142857142857,245,178,61,47,29,0.321,378,185,9
2022,49,Akoko South-West,0,WHO_literature,2022-12-05,0.02,23.82857142857143,30.13,16.4,66.12571428571428,245,178,61,47,29,0.321,378,185,9
2022,50,Akoko South-West,0,WHO_literature,2022-12-12,6.49,23.955714285714286,30.29,18.41,81.16285714285713,245,178,61,47,29,0.321,378,185,9
2022,51,Akoko South-West,0,WHO_literature,2022-12-19,0.0,21.97,28.62,14.71,62.53857142857142,245,178,61,47,29,0.321,378,185,9
2022,52,Akoko South-West,0,WHO_literature,2022-12-26,0.0,21.327142857142857,28.9,14.2,62.59571428571429,245,178,61,47,29,0.321,378,185,9
2023,1,Akoko South-West,0,WHO_literature,2023-01-02,0.0,23.155714285714286,30.33,16.07,61.40714285714286,245,178,61,47,29,0.321,378,185,9
2023,2,Akoko South-West,0,WHO_literature,2023-01-09,0.03,22.305714285714284,30.46,13.96,54.792857142857144,245,178,61,47,29,0.321,378,185,9
2023,3,Akoko South-West,0,WHO_literature,2023-01-16,0.7,24.142857142857142,31.86,16.29,64.66571428571429,245,178,61,47,29,0.321,378,185,9
2023,4,Akoko South-West,0,WHO_literature,2023-01-23,2.2,24.985714285714288,33.07,18.9,80.05857142857143,245,178,61,47,29,0.321,378,185,9
2023,5,Akoko South-West,0,WHO_literature,2023-01-30,35.17,25.47714285714286,32.58,20.87,79.12571428571428,245,178,61,47,29,0.321,378,185,9
2023,6,Akoko South-West,0,WHO_literature,2023-02-06,116.48,25.169999999999998,31.8,18.04,72.58142857142857,245,178,61,47,29,0.321,378,185,9
2023,7,Akoko South-West,0,WHO_literature,2023-02-13,0.0,23.11285714285714,30.45,16.34,55.04714285714285,245,178,61,47,29,0.321,378,185,9
2023,8,Akoko South-West,0,WHO_literature,2023-02-20,22.33,25.261428571428574,31.61,17.06,73.71571428571428,245,178,61,47,29,0.321,378,185,9
2023,9,Akoko South-West,0,WHO_literature,2023-02-27,12.719999999999999,25.554285714285715,30.73,21.9,85.92285714285715,245,178,61,47,29,0.321,378,185,9
2023,10,Akoko South-West,0,WHO_literature,2023-03-06,25.39,25.532857142857143,30.45,21.93,86.74571428571429,245,178,61,47,29,0.321,378,185,9
2023,11,Akoko South-West,0,WHO_literature,2023-03-13,21.89,24.935714285714287,30.64,21.06,84.48714285714286,245,178,61,47,29,0.321,378,185,9
2023,12,Akoko South-West,0,WHO_literature,2023-03-20,23.95,24.988571428571426,30.46,21.04,84.57571428571428,245,178,61,47,29,0.321,378,185,9
2023,13,Akoko South-West,0,WHO_literature,2023-03-27,35.91,25.69,30.6,21.92,83.67142857142858,245,178,61,47,29,0.321,378,185,9
2023,14,Akoko South-West,0,WHO_literature,2023-04-03,47.64,25.43285714285714,30.56,22.05,87.44142857142857,245,178,61,47,29,0.321,378,185,9
2023,15,Akoko South-West,0,WHO_literature,2023-04-10,31.04,25.648571428571426,31.25,21.76,87.96571428571428,245,178,61,47,29,0.321,378,185,9
2023,16,Akoko South-West,0,WHO_literature,2023-04-17,21.82,25.752857142857142,31.22,22.35,88.01142857142858,245,178,61,47,29,0.321,378,185,9
2023,17,Akoko South-West,0,WHO_literature,2023-04-24,38.1,24.981428571428573,29.49,22.07,88.23857142857142,245,178,61,47,29,0.321,378,185,9
2023,18,Akoko South-West,0,WHO_literature,2023-05-01,46.730000000000004,25.217142857142857,30.07,21.5,87.73857142857143,245,178,61,47,29,0.321,378,185,9
2023,19,Akoko South-West,0,WHO_literature,2023-05-08,33.8,25.63714285714286,30.74,22.18,88.49428571428572,245,178,61,47,29,0.321,378,185,9
2023,20,Akoko South-West,0,WHO_literature,2023-05-15,58.71,25.827142857142857,29.8,22.99,90.08428571428571,245,178,61,47,29,0.321,378,185,9
2023,21,Akoko South-West,1,WHO_literature,2023-05-22,30.33,25.611428571428572,31.11,22.2,90.16142857142857,245,178,61,47,29,0.321,378,185,9
2023,22,Akoko South-West,1,WHO_literature,2023-05-29,40.650000000000006,25.56714285714286,29.74,22.4,89.03714285714285,245,178,61,47,29,0.321,378,185,9
2023,23,Akoko South-West,0,WHO_literature,2023-06-05,157.31,24.464285714285715,28.82,21.46,91.64285714285714,245,178,61,47,29,0.321,378,185,9
2023,24,Akoko South-West,1,WHO_literature,2023-06-12,62.05,24.698571428571427,29.5,21.23,88.98714285714286,245,178,61,47,29,0.321,378,185,9
2023,25,Akoko South-West,2,WHO_literature,2023-06-19,55.25,24.204285714285714,28.68,21.19,90.90714285714286,245,178,61,47,29,0.321,378,185,9
2023,26,Akoko South-West,1,WHO_literature,2023-06-26,44.21,24.464285714285715,29.02,21.41,89.34714285714286,245,178,61,47,29,0.321,378,185,9
2023,27,Akoko South-West,1,WHO_literature,2023-07-03,59.98,24.43,29.88,20.98,89.94285714285715,245,178,61,47,29,0.321,378,185,9
2023,28,Akoko South-West,2,WHO_literature,2023-07-10,41.160000000000004,25.037142857142857,30.26,21.08,88.32857142857142,245,178,61,47,29,0.321,378,185,9
2023,29,Akoko South-West,2,WHO_literature,2023-07-17,81.77,24.845714285714287,28.35,22.21,90.9342857142857,245,178,61,47,29,0.321,378,185,9
2023,30,Akoko South-West,3,WHO_literature,2023-07-24,71.97,24.625714285714285,29.89,21.32,90.23714285714286,245,178,61,47,29,0.321,378,185,9
2023,31,Akoko South-West,2,WHO_literature,2023-07-31,23.35,24.514285714285712,29.02,21.25,90.39571428571428,245,178,61,47,29,0.321,378,185,9
2023,32,Akoko South-West,0,WHO_literature,2023-08-07,35.59,24.28,28.35,21.58,90.54428571428572,245,178,61,47,29,0.321,378,185,9
2023,33,Akoko South-West,0,WHO_literature,2023-08-14,40.230000000000004,24.632857142857144,29.16,21.15,89.01142857142858,245,178,61,47,29,0.321,378,185,9
2023,34,Akoko South-West,0,WHO_literature,2023-08-21,29.32,24.728571428571428,29.15,21.59,89.8157142857143,245,178,61,47,29,0.321,378,185,9
2023,35,Akoko South-West,2,WHO_literature,2023-08-28,144.87,24.17142857142857,28.31,21.0,91.18571428571428,245,178,61,47,29,0.321,378,185,9
2023,36,Akoko South-West,0,WHO_literature,2023-09-04,96.62,24.66,30.3,20.91,89.59714285714286,245,178,61,47,29,0.321,378,185,9
2023,37,Akoko South-West,0,WHO_literature,2023-09-11,80.91,24.604285714285716,28.72,21.75,91.22571428571429,245,178,61,47,29,0.321,378,185,9
2023,38,Akoko South-West,0,WHO_literature,2023-09-18,38.72,24.657142857142855,28.55,21.71,89.66714285714286,245,178,61,47,29,0.321,378,185,9
2023,39,Akoko South-West,2,WHO_literature,2023-09-25,54.78,25.594285714285714,30.21,21.7,87.87285714285714,245,178,61,47,29,0.321,378,185,9
2023,40,Akoko South-West,2,WHO_literature,2023-10-02,57.01,25.21142857142857,29.88,22.23,89.75428571428571,245,178,61,47,29,0.321,378,185,9
2023,41,Akoko South-West,1,WHO_literature,2023-10-09,51.71,25.135714285714283,29.27,22.4,90.64428571428572,245,178,61,47,29,0.321,378,185,9
2023,42,Akoko South-West,0,WHO_literature,2023-10-16,29.87,25.0,29.43,21.19,88.84571428571428,245,178,61,47,29,0.321,378,185,9
2023,43,Akoko South-West,2,WHO_literature,2023-10-23,2.41,25.537142857142857,30.16,21.9,87.82571428571428,245,178,61,47,29,0.321,378,185,9
2023,44,Akoko South-West,0,WHO_literature,2023-10-30,49.33,25.15857142857143,29.72,22.02,88.31428571428572,245,178,61,47,29,0.321,378,185,9
2023,45,Akoko South-West,1,WHO_literature,2023-11-06,19.130000000000003,25.425714285714285,30.13,21.57,87.5257142857143,245,178,61,47,29,0.321,378,185,9
2023,46,Akoko South-West,0,WHO_literature,2023-11-13,3.65,24.925714285714285,29.91,20.86,85.28857142857143,245,178,61,47,29,0.321,378,185,9
2023,47,Akoko South-West,1,WHO_literature,2023-11-20,27.85,25.06714285714286,30.64,21.24,87.57000000000001,245,178,61,47,29,0.321,378,185,9
2023,48,Akoko South-West,0,WHO_literature,2023-11-27,1.95,25.562857142857144,31.1,20.28,81.71857142857142,245,178,61,47,29,0.321,378,185,9
2023,49,Akoko South-West,0,WHO_literature,2023-12-04,0.11,25.66,31.32,20.71,78.89285714285714,245,178,61,47,29,0.321,378,185,9
2023,50,Akoko South-West,0,WHO_literature,2023-12-11,0.0,23.712857142857143,30.71,15.89,63.42714285714286,245,178,61,47,29,0.321,378,185,9
2023,51,Akoko South-West,0,WHO_literature,2023-12-18,0.0,24.542857142857144,31.19,17.38,65.10428571428572,245,178,61,47,29,0.321,378,185,9
2023,52,Akoko South-West,0,WHO_literature,2023-12-25,0.0,24.584285714285716,31.04,16.51,58.362857142857145,245,178,61,47,29,0.321,378,185,9
2024,1,Akoko South-West,0,WHO_literature,2024-01-01,0.22,25.502857142857142,31.68,18.73,70.39428571428572,245,178,61,47,29,0.321,378,185,9
2024,2,Akoko South-West,0,WHO_literature,2024-01-08,0.61,24.768571428571427,31.83,18.62,63.07285714285714,245,178,61,47,29,0.321,378,185,9
2024,3,Akoko South-West,0,WHO_literature,2024-01-15,0.0,23.62142857142857,31.67,14.71,44.44857142857143,245,178,61,47,29,0.321,378,185,9
2024,4,Akoko South-West,0,WHO_literature,2024-01-22,5.1,23.367142857142856,31.63,15.58,61.91142857142857,245,178,61,47,29,0.321,378,185,9
2024,5,Akoko South-West,0,WHO_literature,2024-01-29,0.0,24.917142857142856,31.39,17.0,52.065714285714286,245,178,61,47,29,0.321,378,185,9
2024,6,Akoko South-West,0,WHO_literature,2024-02-05,0.0,24.708571428571428,32.97,16.95,56.300000000000004,245,178,61,47,29,0.321,378,185,9
2024,7,Akoko South-West,0,WHO_literature,2024-02-12,0.41,26.307142857142857,33.71,20.01,75.73285714285714,245,178,61,47,29,0.321,378,185,9
2024,8,Akoko South-West,0,WHO_literature,2024-02-19,9.39,27.205714285714286,33.63,22.48,73.15285714285714,245,178,61,47,29,0.321,378,185,9
2024,9,Akoko South-West,0,WHO_literature,2024-02-26,0.32,27.08285714285714,34.6,21.21,78.72,245,178,61,47,29,0.321,378,185,9
2024,10,Akoko South-West,0,WHO_literature,2024-03-04,1.9700000000000002,27.077142857142857,33.97,22.63,81.05142857142857,245,178,61,47,29,0.321,378,185,9
2024,11,Akoko South-West,0,WHO_literature,2024-03-11,25.78,27.384285714285713,35.02,23.15,81.75999999999999,245,178,61,47,29,0.321,378,185,9
2024,12,Akoko South-West,0,WHO_literature,2024-03-18,2.94,26.987142857142857,33.62,22.76,80.05142857142857,245,178,61,47,29,0.321,378,185,9
2024,13,Akoko South-West,0,WHO_literature,2024-03-25,4.3,27.28142857142857,34.6,23.61,82.57285714285715,245,178,61,47,29,0.321,378,185,9
2024,14,Akoko South-West,0,WHO_literature,2024-04-01,18.48,26.895714285714284,33.54,23.8,84.94285714285715,245,178,61,47,29,0.321,378,185,9
2024,15,Akoko South-West,0,WHO_literature,2024-04-08,17.76,26.12142857142857,31.57,22.85,86.23571428571428,245,178,61,47,29,0.321,378,185,9
2024,16,Akoko South-West,0,WHO_literature,2024-04-15,5.86,26.915714285714284,32.33,23.81,83.53428571428572,245,178,61,47,29,0.321,378,185,9
2024,17,Akoko South-West,0,WHO_literature,2024-04-22,31.27,26.842857142857145,32.07,23.28,86.28571428571429,245,178,61,47,29,0.321,378,185,9
2024,18,Akoko South-West,0,WHO_literature,2024-04-29,42.1,26.240000000000002,31.06,23.04,88.46571428571428,245,178,61,47,29,0.321,378,185,9
2024,19,Akoko South-West,0,WHO_literature,2024-05-06,12.66,26.79,31.95,23.58,85.42999999999999,245,178,61,47,29,0.321,378,185,9
2024,20,Akoko South-West,1,WHO_literature,2024-05-13,24.94,26.875714285714285,32.51,22.43,84.10571428571428,245,178,61,47,29,0.321,378,185,9
2024,21,Akoko South-West,1,WHO_literature,2024-05-20,61.27,25.967142857142857,30.78,21.56,87.82714285714285,245,178,61,47,29,0.321,378,185,9
2024,22,Akoko South-West,0,WHO_literature,2024-05-27,31.99,25.957142857142856,30.35,22.5,88.36571428571428,245,178,61,47,29,0.321,378,185,9
2024,23,Akoko South-West,1,WHO_literature,2024-06-03,45.77,25.434285714285714,29.85,22.5,90.13,245,178,61,47,29,0.321,378,185,9
2024,24,Akoko South-West,0,WHO_literature,2024-06-10,49.47,25.472857142857144,30.1,21.72,88.10714285714286,245,178,61,47,29,0.321,378,185,9
2024,25,Akoko South-West,1,WHO_literature,2024-06-17,28.88,25.111428571428572,31.09,21.36,88.63,245,178,61,47,29,0.321,378,185,9
2024,26,Akoko South-West,0,WHO_literature,2024-06-24,49.54,24.59857142857143,28.99,20.49,89.52,245,178,61,47,29,0.321,378,185,9
2024,27,Akoko South-West,0,WHO_literature,2024-07-01,46.8,24.685714285714287,28.98,21.2,88.93142857142857,245,178,61,47,29,0.321,378,185,9
2024,28,Akoko South-West,2,WHO_literature,2024-07-08,34.51,24.610000000000003,29.42,21.32,88.61142857142856,245,178,61,47,29,0.321,378,185,9
2024,29,Akoko South-West,3,WHO_literature,2024-07-15,62.370000000000005,24.53142857142857,29.05,21.67,89.77857142857144,245,178,61,47,29,0.321,378,185,9
2024,30,Akoko South-West,0,WHO_literature,2024-07-22,13.59,24.43857142857143,29.39,21.43,88.17428571428572,245,178,61,47,29,0.321,378,185,9
2024,31,Akoko South-West,0,WHO_literature,2024-07-29,15.13,24.53,29.43,21.23,87.34285714285714,245,178,61,47,29,0.321,378,185,9
2024,32,Akoko South-West,0,WHO_literature,2024-08-05,5.57,24.572857142857142,29.56,21.17,85.92571428571429,245,178,61,47,29,0.321,378,185,9
2024,33,Akoko South-West,1,WHO_literature,2024-08-12,7.73,24.28,29.35,21.1,86.72428571428573,245,178,61,47,29,0.321,378,185,9
2024,34,Akoko South-West,1,WHO_literature,2024-08-19,81.45,24.041428571428572,28.74,21.33,90.53999999999999,245,178,61,47,29,0.321,378,185,9
2024,35,Akoko South-West,1,WHO_literature,2024-08-26,28.349999999999998,24.45285714285714,29.19,21.42,88.91857142857144,245,178,61,47,29,0.321,378,185,9
2024,36,Akoko South-West,0,WHO_literature,2024-09-02,57.17,24.415714285714284,30.08,20.41,86.86714285714287,245,178,61,47,29,0.321,378,185,9
2024,37,Akoko South-West,0,WHO_literature,2024-09-09,71.92,24.662857142857145,29.55,21.49,89.71285714285715,245,178,61,47,29,0.321,378,185,9
2024,38,Akoko South-West,2,WHO_literature,2024-09-16,38.769999999999996,24.731428571428573,29.75,20.75,87.64285714285714,245,178,61,47,29,0.321,378,185,9
2024,39,Akoko South-West,2,WHO_literature,2024-09-23,74.13,24.755714285714284,29.33,20.93,86.59571428571428,245,178,61,47,29,0.321,378,185,9
2024,40,Akoko South-West,1,WHO_literature,2024-09-30,69.19,24.611428571428572,30.12,21.31,89.89714285714285,245,178,61,47,29,0.321,378,185,9
2024,41,Akoko South-West,0,WHO_literature,2024-10-07,47.22,24.90285714285714,30.14,20.88,86.95857142857143,245,178,61,47,29,0.321,378,185,9
2024,42,Akoko South-West,2,WHO_literature,2024-10-14,24.91,24.641428571428573,29.4,20.31,85.66285714285713,245,178,61,47,29,0.321,378,185,9
2024,43,Akoko South-West,0,WHO_literature,2024-10-21,52.36,25.34,30.44,21.36,86.11285714285714,245,178,61,47,29,0.321,378,185,9
2024,44,Akoko South-West,1,WHO_literature,2024-10-28,27.59,26.03857142857143,31.07,21.76,79.97,245,178,61,47,29,0.321,378,185,9
2024,45,Akoko South-West,0,WHO_literature,2024-11-04,3.16,25.114285714285717,30.88,19.44,76.66142857142857,245,178,61,47,29,0.321,378,185,9
2024,46,Akoko South-West,1,WHO_literature,2024-11-11,0.31,25.49142857142857,31.48,19.09,66.06857142857143,245,178,61,47,29,0.321,378,185,9
2024,47,Akoko South-West,0,WHO_literature,2024-11-18,0.44000000000000006,24.83142857142857,31.08,18.12,66.90857142857143,245,178,61,47,29,0.321,378,185,9
2024,48,Akoko South-West,0,WHO_literature,2024-11-25,0.12,23.73428571428571,30.77,15.84,64.59,245,178,61,47,29,0.321,378,185,9
2024,49,Akoko South-West,0,WHO_literature,2024-12-02,0.0,24.13,31.25,16.73,64.59285714285714,245,178,61,47,29,0.321,378,185,9
2024,50,Akoko South-West,0,WHO_literature,2024-12-09,0.04,24.602857142857143,32.36,16.28,57.73714285714285,245,178,61,47,29,0.321,378,185,9
2024,51,Akoko South-West,0,WHO_literature,2024-12-16,0.0,23.547142857142855,31.59,15.15,58.38857142857143,245,178,61,47,29,0.321,378,185,9
2024,52,Akoko South-West,1,WHO_literature,2024-12-23,0.0,24.76571428571429,32.59,17.28,55.94857142857143,245,178,61,47,29,0.321,378,185,9
2018,1,Akure North,0,WHO_literature,2018-01-01,0.0,20.95,28.56,13.4,58.11,387,298,71,58,18,0.245,298,145,4
2018,2,Akure North,0,WHO_literature,2018-01-08,0.95,23.337142857142855,30.92,15.62,68.67142857142858,387,298,71,58,18,0.245,298,145,4
2018,3,Akure North,0,WHO_literature,2018-01-15,0.0,23.75714285714286,31.05,16.64,64.01285714285714,387,298,71,58,18,0.245,298,145,4
2018,4,Akure North,0,WHO_literature,2018-01-22,0.0,23.261428571428574,31.29,16.36,57.40857142857143,387,298,71,58,18,0.245,298,145,4
2018,5,Akure North,0,WHO_literature,2018-01-29,1.69,24.315714285714286,33.96,16.13,61.9,387,298,71,58,18,0.245,298,145,4
2018,6,Akure North,0,WHO_literature,2018-02-05,35.02,26.25857142857143,33.7,21.16,83.09285714285714,387,298,71,58,18,0.245,298,145,4
2018,7,Akure North,0,WHO_literature,2018-02-12,21.36,26.142857142857142,33.35,21.44,78.37142857142858,387,298,71,58,18,0.245,298,145,4
2018,8,Akure North,0,WHO_literature,2018-02-19,23.7,24.891428571428573,31.39,20.72,86.03285714285714,387,298,71,58,18,0.245,298,145,4
2018,9,Akure North,0,WHO_literature,2018-02-26,4.59,25.464285714285715,33.67,21.52,83.4342857142857,387,298,71,58,18,0.245,298,145,4
2018,10,Akure North,0,WHO_literature,2018-03-05,8.239999999999998,25.97142857142857,32.53,21.78,82.34714285714286,387,298,71,58,18,0.245,298,145,4
2018,11,Akure North,0,WHO_literature,2018-03-12,26.3,25.835714285714285,31.69,22.28,85.42857142857143,387,298,71,58,18,0.245,298,145,4
2018,12,Akure North,0,WHO_literature,2018-03-19,11.21,25.47714285714286,33.04,20.83,83.98428571428572,387,298,71,58,18,0.245,298,145,4
2018,13,Akure North,0,WHO_literature,2018-03-26,2.81,26.15142857142857,32.9,22.68,83.59857142857143,387,298,71,58,18,0.245,298,145,4
2018,14,Akure North,0,WHO_literature,2018-04-02,9.65,25.867142857142856,31.99,21.81,84.62857142857142,387,298,71,58,18,0.245,298,145,4
2018,15,Akure North,1,WHO_literature,2018-04-09,14.360000000000001,25.725714285714282,32.21,21.85,84.09571428571428,387,298,71,58,18,0.245,298,145,4
2018,16,Akure North,2,WHO_literature,2018-04-16,26.54,25.601428571428574,31.11,22.52,86.79571428571428,387,298,71,58,18,0.245,298,145,4
2018,17,Akure North,1,WHO_literature,2018-04-23,14.51,25.41714285714286,30.69,22.01,87.04714285714286,387,298,71,58,18,0.245,298,145,4
2018,18,Akure North,0,WHO_literature,2018-04-30,28.09,25.805714285714284,31.07,22.7,86.78,387,298,71,58,18,0.245,298,145,4
2018,19,Akure North,0,WHO_literature,2018-05-07,48.769999999999996,24.71857142857143,29.39,21.24,88.06857142857143,387,298,71,58,18,0.245,298,145,4
2018,20,Akure North,5,WHO_literature,2018-05-14,41.06,25.027142857142856,29.69,21.27,88.92714285714285,387,298,71,58,18,0.245,298,145,4
2018,21,Akure North,0,WHO_literature,2018-05-21,27.0,24.794285714285714,28.85,21.74,90.42857142857143,387,298,71,58,18,0.245,298,145,4
2018,22,Akure North,3,WHO_literature,2018-05-28,38.94,24.96,29.81,21.76,88.92285714285715,387,298,71,58,18,0.245,298,145,4
2018,23,Akure North,1,WHO_literature,2018-06-04,128.60999999999999,24.594285714285714,29.17,21.28,91.04714285714286,387,298,71,58,18,0.245,298,145,4
2018,24,Akure North,2,WHO_literature,2018-06-11,26.88,24.59714285714286,28.73,20.58,90.16,387,298,71,58,18,0.245,298,145,4
2018,25,Akure North,2,WHO_literature,2018-06-18,116.67999999999999,23.141428571428573,27.9,20.71,92.55,387,298,71,58,18,0.245,298,145,4
2018,26,Akure North,4,WHO_literature,2018-06-25,91.16,23.73428571428571,28.28,20.4,89.5457142857143,387,298,71,58,18,0.245,298,145,4
2018,27,Akure North,3,WHO_literature,2018-07-02,57.63,23.611428571428572,28.18,20.69,91.30857142857143,387,298,71,58,18,0.245,298,145,4
2018,28,Akure North,1,WHO_literature,2018-07-09,31.68,24.108571428571427,28.96,20.99,89.57428571428571,387,298,71,58,18,0.245,298,145,4
2018,29,Akure North,1,WHO_literature,2018-07-16,128.05,23.642857142857142,28.32,20.71,91.50857142857141,387,298,71,58,18,0.245,298,145,4
2018,30,Akure North,3,WHO_literature,2018-07-23,74.14,23.947142857142858,29.16,20.9,90.66142857142857,387,298,71,58,18,0.245,298,145,4
2018,31,Akure North,2,WHO_literature,2018-07-30,62.769999999999996,23.22,28.02,19.67,89.74285714285715,387,298,71,58,18,0.245,298,145,4
2018,32,Akure North,3,WHO_literature,2018-08-06,25.16,23.60571428571429,28.3,20.2,90.27142857142857,387,298,71,58,18,0.245,298,145,4
2018,33,Akure North,2,WHO_literature,2018-08-13,41.22,23.47714285714286,28.24,20.44,91.14285714285714,387,298,71,58,18,0.245,298,145,4
2018,34,Akure North,1,WHO_literature,2018-08-20,128.37,22.987142857142857,28.52,20.28,93.24000000000001,387,298,71,58,18,0.245,298,145,4
2018,35,Akure North,6,WHO_literature,2018-08-27,131.83,23.922857142857143,28.87,20.97,90.57714285714285,387,298,71,58,18,0.245,298,145,4
2018,36,Akure North,3,WHO_literature,2018-09-03,232.28,23.50857142857143,27.68,20.87,92.75285714285714,387,298,71,58,18,0.245,298,145,4
2018,37,Akure North,2,WHO_literature,2018-09-10,43.96,23.82428571428571,27.81,20.89,90.77714285714286,387,298,71,58,18,0.245,298,145,4
2018,38,Akure North,4,WHO_literature,2018-09-17,71.4,24.512857142857143,28.6,21.34,90.42571428571429,387,298,71,58,18,0.245,298,145,4
2018,39,Akure North,3,WHO_literature,2018-09-24,56.29,24.245714285714286,28.79,21.03,90.45714285714287,387,298,71,58,18,0.245,298,145,4
2018,40,Akure North,2,WHO_literature,2018-10-01,25.14,24.25857142857143,28.88,21.11,91.08142857142857,387,298,71,58,18,0.245,298,145,4
2018,41,Akure North,2,WHO_literature,2018-10-08,47.71,24.472857142857144,29.09,20.23,89.3157142857143,387,298,71,58,18,0.245,298,145,4
2018,42,Akure North,5,WHO_literature,2018-10-15,37.96,24.885714285714283,30.43,20.29,87.29714285714286,387,298,71,58,18,0.245,298,145,4
2018,43,Akure North,4,WHO_literature,2018-10-22,25.1,24.784285714285716,29.42,20.62,90.3,387,298,71,58,18,0.245,298,145,4
2018,44,Akure North,4,WHO_literature,2018-10-29,65.2,24.975714285714282,29.85,21.43,89.34571428571428,387,298,71,58,18,0.245,298,145,4
2018,45,Akure North,0,WHO_literature,2018-11-05,13.64,25.004285714285714,30.18,21.56,86.80571428571429,387,298,71,58,18,0.245,298,145,4
2018,46,Akure North,0,WHO_literature,2018-11-12,17.04,25.240000000000002,30.5,20.15,80.73571428571428,387,298,71,58,18,0.245,298,145,4
2018,47,Akure North,0,WHO_literature,2018-11-19,6.2,24.857142857142858,31.05,17.73,80.55285714285715,387,298,71,58,18,0.245,298,145,4
2018,48,Akure North,1,WHO_literature,2018-11-26,0.32,24.937142857142856,30.65,18.76,78.66714285714285,387,298,71,58,18,0.245,298,145,4
2018,49,Akure North,0,WHO_literature,2018-12-03,0.02,24.321428571428573,29.85,17.16,71.07000000000001,387,298,71,58,18,0.245,298,145,4
2018,50,Akure North,0,WHO_literature,2018-12-10,0.55,24.352857142857143,30.55,17.15,69.48714285714286,387,298,71,58,18,0.245,298,145,4
2018,51,Akure North,0,WHO_literature,2018-12-17,0.0,23.252857142857145,30.63,15.3,66.53285714285714,387,298,71,58,18,0.245,298,145,4
2018,52,Akure North,0,WHO_literature,2018-12-24,0.0,22.687142857142856,29.4,15.23,64.60285714285715,387,298,71,58,18,0.245,298,145,4
2019,1,Akure North,0,WHO_literature,2019-01-07,0.0,23.15142857142857,30.32,16.74,65.34142857142857,387,298,71,58,18,0.245,298,145,4
2019,2,Akure North,0,WHO_literature,2019-01-14,0.0,23.37142857142857,30.73,16.1,68.63285714285715,387,298,71,58,18,0.245,298,145,4
2019,3,Akure North,0,WHO_literature,2019-01-21,3.15,24.978571428571428,31.15,20.43,83.38142857142857,387,298,71,58,18,0.245,298,145,4
2019,4,Akure North,0,WHO_literature,2019-01-28,16.490000000000002,25.34142857142857,31.34,19.3,80.28571428571429,387,298,71,58,18,0.245,298,145,4
2019,5,Akure North,0,WHO_literature,2019-02-04,27.48,25.009999999999998,31.4,19.46,83.83428571428571,387,298,71,58,18,0.245,298,145,4
2019,6,Akure North,0,WHO_literature,2019-02-11,2.31,24.94,31.4,18.96,76.32428571428571,387,298,71,58,18,0.245,298,145,4
2019,7,Akure North,1,WHO_literature,2019-02-18,0.54,24.384285714285713,31.61,17.29,62.42,387,298,71,58,18,0.245,298,145,4
2019,8,Akure North,0,WHO_literature,2019-02-25,11.280000000000001,24.944285714285716,31.37,20.78,85.75,387,298,71,58,18,0.245,298,145,4
2019,9,Akure North,0,WHO_literature,2019-03-04,12.459999999999999,24.52285714285714,30.52,20.06,83.30142857142857,387,298,71,58,18,0.245,298,145,4
2019,10,Akure North,0,WHO_literature,2019-03-11,20.25,25.19142857142857,29.74,20.97,87.28857142857143,387,298,71,58,18,0.245,298,145,4
2019,11,Akure North,0,WHO_literature,2019-03-18,4.33,25.88,32.34,22.22,85.84857142857143,387,298,71,58,18,0.245,298,145,4
2019,12,Akure North,0,WHO_literature,2019-03-25,8.1,25.825714285714287,32.52,21.8,86.38571428571429,387,298,71,58,18,0.245,298,145,4
2019,13,Akure North,0,WHO_literature,2019-04-01,2.98,25.868571428571432,31.6,22.11,86.97285714285714,387,298,71,58,18,0.245,298,145,4
2019,14,Akure North,1,WHO_literature,2019-04-08,12.5,26.625714285714285,32.76,22.93,85.03285714285714,387,298,71,58,18,0.245,298,145,4
2019,15,Akure North,0,WHO_literature,2019-04-15,21.11,25.34857142857143,31.35,21.34,86.65714285714286,387,298,71,58,18,0.245,298,145,4
2019,16,Akure North,1,WHO_literature,2019-04-22,7.04,26.029999999999998,31.94,21.25,85.90285714285714,387,298,71,58,18,0.245,298,145,4
2019,17,Akure North,0,WHO_literature,2019-04-29,17.21,26.074285714285715,31.65,23.02,87.93285714285715,387,298,71,58,18,0.245,298,145,4
2019,18,Akure North,0,WHO_literature,2019-05-06,14.67,25.77285714285714,29.68,23.04,89.32428571428571,387,298,71,58,18,0.245,298,145,4
2019,19,Akure North,3,WHO_literature,2019-05-13,60.95,25.52857142857143,30.18,22.19,89.12571428571428,387,298,71,58,18,0.245,298,145,4
2019,20,Akure North,0,WHO_literature,2019-05-20,45.6,24.88714285714286,29.44,21.56,88.97714285714287,387,298,71,58,18,0.245,298,145,4
2019,21,Akure North,3,WHO_literature,2019-05-27,28.87,25.334285714285716,30.12,22.07,89.20285714285716,387,298,71,58,18,0.245,298,145,4
2019,22,Akure North,1,WHO_literature,2019-06-03,56.46,24.755714285714284,28.69,21.94,90.47714285714287,387,298,71,58,18,0.245,298,145,4
2019,23,Akure North,1,WHO_literature,2019-06-10,67.41999999999999,24.478571428571428,29.09,21.59,91.70857142857143,387,298,71,58,18,0.245,298,145,4
2019,24,Akure North,2,WHO_literature,2019-06-17,23.27,24.694285714285716,29.43,21.83,89.59142857142857,387,298,71,58,18,0.245,298,145,4
2019,25,Akure North,3,WHO_literature,2019-06-24,34.35,25.084285714285716,30.03,22.22,89.75428571428571,387,298,71,58,18,0.245,298,145,4
2019,26,Akure North,2,WHO_literature,2019-07-01,172.66,24.232857142857142,29.03,20.51,89.4742857142857,387,298,71,58,18,0.245,298,145,4
2019,27,Akure North,0,WHO_literature,2019-07-08,20.83,24.72142857142857,29.62,21.49,90.37714285714286,387,298,71,58,18,0.245,298,145,4
2019,28,Akure North,1,WHO_literature,2019-07-15,62.37,23.677142857142858,29.24,20.26,90.08285714285715,387,298,71,58,18,0.245,298,145,4
2019,29,Akure North,2,WHO_literature,2019-07-22,54.58,23.93285714285714,28.74,20.91,89.92428571428572,387,298,71,58,18,0.245,298,145,4
2019,30,Akure North,2,WHO_literature,2019-07-29,87.75,23.92142857142857,27.83,21.29,91.26857142857143,387,298,71,58,18,0.245,298,145,4
2019,31,Akure North,2,WHO_literature,2019-08-05,41.85,23.601428571428574,29.06,20.73,90.78999999999999,387,298,71,58,18,0.245,298,145,4
2019,32,Akure North,1,WHO_literature,2019-08-12,50.970000000000006,23.610000000000003,28.24,20.95,91.21142857142857,387,298,71,58,18,0.245,298,145,4
2019,33,Akure North,1,WHO_literature,2019-08-19,24.54,24.057142857142857,28.43,21.08,89.66714285714285,387,298,71,58,18,0.245,298,145,4
2019,34,Akure North,3,WHO_literature,2019-08-26,92.96,23.351428571428574,28.36,20.63,91.19857142857143,387,298,71,58,18,0.245,298,145,4
2019,35,Akure North,2,WHO_literature,2019-09-02,119.84,23.745714285714286,28.01,20.7,90.3157142857143,387,298,71,58,18,0.245,298,145,4
2019,36,Akure North,2,WHO_literature,2019-09-09,61.91,23.985714285714288,29.13,21.01,91.11714285714285,387,298,71,58,18,0.245,298,145,4
2019,37,Akure North,3,WHO_literature,2019-09-16,100.17,23.924285714285713,27.97,21.02,91.47,387,298,71,58,18,0.245,298,145,4
2019,38,Akure North,2,WHO_literature,2019-09-23,107.66,24.302857142857142,28.6,21.13,90.92714285714285,387,298,71,58,18,0.245,298,145,4
2019,39,Akure North,2,WHO_literature,2019-09-30,94.95,24.145714285714288,28.5,20.69,91.08,387,298,71,58,18,0.245,298,145,4
2019,40,Akure North,2,WHO_literature,2019-10-07,113.07,23.48,28.75,20.59,91.75,387,298,71,58,18,0.245,298,145,4
2019,41,Akure North,2,WHO_literature,2019-10-14,227.59,23.717142857142854,27.81,20.42,93.08285714285714,387,298,71,58,18,0.245,298,145,4
2019,42,Akure North,3,WHO_literature,2019-10-21,125.74000000000001,24.08142857142857,28.9,20.65,90.86714285714287,387,298,71,58,18,0.245,298,145,4
2019,43,Akure North,1,WHO_literature,2019-10-28,86.66,24.11285714285714,29.23,19.92,89.59714285714286,387,298,71,58,18,0.245,298,145,4
2019,44,Akure North,0,WHO_literature,2019-11-04,50.05,24.164285714285715,28.62,20.85,89.66428571428571,387,298,71,58,18,0.245,298,145,4
2019,45,Akure North,0,WHO_literature,2019-11-11,8.96,25.65285714285714,30.51,21.85,83.46571428571428,387,298,71,58,18,0.245,298,145,4
2019,46,Akure North,0,WHO_literature,2019-11-18,30.33,25.26142857142857,29.99,21.63,86.08285714285715,387,298,71,58,18,0.245,298,145,4
2019,47,Akure North,1,WHO_literature,2019-11-25,8.38,25.574285714285715,30.75,21.38,84.68285714285715,387,298,71,58,18,0.245,298,145,4
2019,48,Akure North,0,WHO_literature,2019-12-02,2.79,25.30857142857143,30.98,19.32,79.38428571428572,387,298,71,58,18,0.245,298,145,4
2019,49,Akure North,0,WHO_literature,2019-12-09,73.67999999999999,24.91714285714286,30.12,18.95,80.68857142857144,387,298,71,58,18,0.245,298,145,4
2019,50,Akure North,0,WHO_literature,2019-12-16,6.27,24.65142857142857,30.05,18.75,72.85285714285715,387,298,71,58,18,0.245,298,145,4
2019,51,Akure North,0,WHO_literature,2019-12-23,0.060000000000000005,24.38714285714286,30.77,17.55,65.11,387,298,71,58,18,0.245,298,145,4
2019,52,Akure North,0,WHO_literature,2019-12-30,0.0,22.967142857142857,30.32,14.84,60.465714285714284,387,298,71,58,18,0.245,298,145,4
2020,1,Akure North,0,WHO_literature,2020-01-06,0.0,21.187142857142856,29.38,13.52,66.37142857142858,387,298,71,58,18,0.245,298,145,4
2020,2,Akure North,0,WHO_literature,2020-01-13,0.11000000000000001,24.037142857142857,30.6,17.51,70.99714285714286,387,298,71,58,18,0.245,298,145,4
2020,3,Akure North,0,WHO_literature,2020-01-20,0.05,24.38,31.78,16.89,64.38571428571429,387,298,71,58,18,0.245,298,145,4
2020,4,Akure North,0,WHO_literature,2020-01-27,0.0,22.274285714285718,30.64,12.43,57.471428571428575,387,298,71,58,18,0.245,298,145,4
2020,5,Akure North,0,WHO_literature,2020-02-03,0.0,22.835714285714285,30.91,14.74,53.715714285714284,387,298,71,58,18,0.245,298,145,4
2020,6,Akure North,0,WHO_literature,2020-02-10,0.0,24.17142857142857,31.82,16.24,63.271428571428565,387,298,71,58,18,0.245,298,145,4
2020,7,Akure North,0,WHO_literature,2020-02-17,0.0,23.8,32.75,15.95,61.49285714285714,387,298,71,58,18,0.245,298,145,4
2020,8,Akure North,0,WHO_literature,2020-02-24,0.0,25.964285714285715,33.44,19.99,76.92571428571429,387,298,71,58,18,0.245,298,145,4
2020,9,Akure North,0,WHO_literature,2020-03-02,0.36,25.891428571428573,32.55,20.99,77.42571428571429,387,298,71,58,18,0.245,298,145,4
2020,10,Akure North,0,WHO_literature,2020-03-09,10.79,26.150000000000002,33.97,20.25,82.36285714285714,387,298,71,58,18,0.245,298,145,4
2020,11,Akure North,0,WHO_literature,2020-03-16,24.77,26.16857142857143,32.11,21.36,84.29714285714286,387,298,71,58,18,0.245,298,145,4
2020,12,Akure North,0,WHO_literature,2020-03-23,7.74,26.375714285714285,31.57,23.25,85.26285714285714,387,298,71,58,18,0.245,298,145,4
2020,13,Akure North,0,WHO_literature,2020-03-30,22.45,25.321428571428573,31.47,21.59,86.71285714285715,387,298,71,58,18,0.245,298,145,4
2020,14,Akure North,0,WHO_literature,2020-04-06,19.080000000000002,25.44857142857143,30.46,22.75,88.95571428571428,387,298,71,58,18,0.245,298,145,4
2020,15,Akure North,0,WHO_literature,2020-04-13,39.83,25.012857142857143,31.41,20.36,85.25285714285714,387,298,71,58,18,0.245,298,145,4
2020,16,Akure North,0,WHO_literature,2020-04-20,2.87,26.919999999999998,32.82,22.51,83.07142857142857,387,298,71,58,18,0.245,298,145,4
2020,17,Akure North,0,WHO_literature,2020-04-27,40.519999999999996,25.351428571428574,30.3,22.19,88.07857142857142,387,298,71,58,18,0.245,298,145,4
2020,18,Akure North,0,WHO_literature,2020-05-04,42.57,25.322857142857142,30.58,21.73,90.04857142857144,387,298,71,58,18,0.245,298,145,4
2020,19,Akure North,0,WHO_literature,2020-05-11,21.69,26.18,31.16,22.52,86.79285714285713,387,298,71,58,18,0.245,298,145,4
2020,20,Akure North,0,WHO_literature,2020-05-18,20.98,25.41,30.47,21.22,87.79285714285713,387,298,71,58,18,0.245,298,145,4
2020,21,Akure North,0,WHO_literature,2020-05-25,36.08,25.298571428571428,30.6,22.03,88.99857142857142,387,298,71,58,18,0.245,298,145,4
2020,22,Akure North,1,WHO_literature,2020-06-01,54.81,24.798571428571428,28.67,21.62,90.58571428571429,387,298,71,58,18,0.245,298,145,4
2020,23,Akure North,1,WHO_literature,2020-06-08,78.49,24.69142857142857,29.0,22.06,90.77,387,298,71,58,18,0.245,298,145,4
2020,24,Akure North,0,WHO_literature,2020-06-15,62.17,24.22714285714286,28.78,21.11,90.61142857142856,387,298,71,58,18,0.245,298,145,4
2020,25,Akure North,1,WHO_literature,2020-06-22,61.18,24.28857142857143,29.87,19.8,90.63428571428571,387,298,71,58,18,0.245,298,145,4
2020,26,Akure North,0,WHO_literature,2020-06-29,76.93,24.374285714285715,28.86,21.39,90.20142857142856,387,298,71,58,18,0.245,298,145,4
2020,27,Akure North,1,WHO_literature,2020-07-06,78.01,23.812857142857144,28.61,20.91,91.08571428571429,387,298,71,58,18,0.245,298,145,4
2020,28,Akure North,0,WHO_literature,2020-07-13,64.72,23.55857142857143,28.04,20.92,91.75,387,298,71,58,18,0.245,298,145,4
2020,29,Akure North,0,WHO_literature,2020-07-20,61.84,23.018571428571427,27.64,20.53,91.23142857142857,387,298,71,58,18,0.245,298,145,4
2020,30,Akure North,0,WHO_literature,2020-07-27,58.17,23.437142857142856,27.61,20.68,90.68142857142857,387,298,71,58,18,0.245,298,145,4
2020,31,Akure North,0,WHO_literature,2020-08-03,25.3,23.154285714285713,28.3,19.87,90.05999999999999,387,298,71,58,18,0.245,298,145,4
2020,32,Akure North,1,WHO_literature,2020-08-10,6.65,22.344285714285714,27.84,18.18,88.66428571428571,387,298,71,58,18,0.245,298,145,4
2020,33,Akure North,1,WHO_literature,2020-08-17,4.96,22.994285714285716,29.22,17.69,87.4342857142857,387,298,71,58,18,0.245,298,145,4
2020,34,Akure North,0,WHO_literature,2020-08-24,28.599999999999998,23.697142857142858,29.35,20.49,89.86571428571428,387,298,71,58,18,0.245,298,145,4
2020,35,Akure North,1,WHO_literature,2020-08-31,17.48,23.19,28.17,19.75,89.21571428571428,387,298,71,58,18,0.245,298,145,4
2020,36,Akure North,0,WHO_literature,2020-09-07,143.77,23.455714285714286,28.92,20.46,90.67999999999999,387,298,71,58,18,0.245,298,145,4
2020,37,Akure North,1,WHO_literature,2020-09-14,139.13,23.87142857142857,29.24,20.47,89.8457142857143,387,298,71,58,18,0.245,298,145,4
2020,38,Akure North,0,WHO_literature,2020-09-21,109.59,23.759999999999998,28.59,20.67,90.84857142857143,387,298,71,58,18,0.245,298,145,4
2020,39,Akure North,0,WHO_literature,2020-09-28,60.21,23.635714285714283,28.06,20.15,90.79571428571428,387,298,71,58,18,0.245,298,145,4
2020,40,Akure North,2,WHO_literature,2020-10-05,57.14,24.02857142857143,28.67,20.46,90.52142857142857,387,298,71,58,18,0.245,298,145,4
2020,41,Akure North,0,WHO_literature,2020-10-12,75.28,23.547142857142855,27.87,19.22,89.81285714285715,387,298,71,58,18,0.245,298,145,4
2020,42,Akure North,0,WHO_literature,2020-10-19,45.31,24.554285714285715,29.91,20.8,89.03285714285714,387,298,71,58,18,0.245,298,145,4
2020,43,Akure North,0,WHO_literature,2020-10-26,22.8,25.064285714285713,30.08,21.48,87.40714285714286,387,298,71,58,18,0.245,298,145,4
2020,44,Akure North,0,WHO_literature,2020-11-02,6.94,25.344285714285714,30.83,20.54,83.41,387,298,71,58,18,0.245,298,145,4
2020,45,Akure North,0,WHO_literature,2020-11-09,7.960000000000001,24.88,30.03,19.6,83.30571428571429,387,298,71,58,18,0.245,298,145,4
2020,46,Akure North,0,WHO_literature,2020-11-16,11.08,24.147142857142857,29.48,19.8,83.24428571428572,387,298,71,58,18,0.245,298,145,4
2020,47,Akure North,0,WHO_literature,2020-11-23,1.0899999999999999,24.587142857142858,30.31,18.51,78.01285714285714,387,298,71,58,18,0.245,298,145,4
2020,48,Akure North,0,WHO_literature,2020-11-30,25.42,25.442857142857143,30.81,20.4,82.46000000000001,387,298,71,58,18,0.245,298,145,4
2020,49,Akure North,0,WHO_literature,2020-12-07,0.92,25.005714285714284,31.08,18.8,77.27142857142857,387,298,71,58,18,0.245,298,145,4
2020,50,Akure North,0,WHO_literature,2020-12-14,4.16,24.662857142857142,30.62,20.13,86.1842857142857,387,298,71,58,18,0.245,298,145,4
2020,51,Akure North,0,WHO_literature,2020-12-21,6.72,24.934285714285714,30.9,20.6,85.41571428571429,387,298,71,58,18,0.245,298,145,4
2020,52,Akure North,0,WHO_literature,2020-12-28,1.3399999999999999,24.267142857142858,31.05,16.77,79.50142857142858,387,298,71,58,18,0.245,298,145,4
2021,1,Akure North,0,WHO_literature,2021-01-04,6.53,25.264285714285712,31.71,20.06,81.92,387,298,71,58,18,0.245,298,145,4
2021,2,Akure North,1,WHO_literature,2021-01-11,0.15,24.745714285714286,31.81,16.58,71.25285714285714,387,298,71,58,18,0.245,298,145,4
2021,3,Akure North,0,WHO_literature,2021-01-18,0.02,23.669999999999998,31.49,16.05,62.96714285714285,387,298,71,58,18,0.245,298,145,4
2021,4,Akure North,0,WHO_literature,2021-01-25,1.1600000000000001,24.614285714285717,32.15,17.23,77.38857142857144,387,298,71,58,18,0.245,298,145,4
2021,5,Akure North,0,WHO_literature,2021-02-01,1.31,25.557142857142857,32.12,20.39,79.28142857142858,387,298,71,58,18,0.245,298,145,4
2021,6,Akure North,0,WHO_literature,2021-02-08,5.800000000000001,26.68857142857143,33.61,21.89,79.03428571428572,387,298,71,58,18,0.245,298,145,4
2021,7,Akure North,0,WHO_literature,2021-02-15,1.9500000000000002,24.610000000000003,32.56,15.48,61.63428571428572,387,298,71,58,18,0.245,298,145,4
2021,8,Akure North,0,WHO_literature,2021-02-22,1.03,25.464285714285715,33.23,18.77,77.97857142857143,387,298,71,58,18,0.245,298,145,4
2021,9,Akure North,0,WHO_literature,2021-03-01,0.56,26.805714285714288,34.32,21.66,78.02142857142857,387,298,71,58,18,0.245,298,145,4
2021,10,Akure North,0,WHO_literature,2021-03-08,19.439999999999998,25.46857142857143,29.99,22.47,86.71714285714286,387,298,71,58,18,0.245,298,145,4
2021,11,Akure North,0,WHO_literature,2021-03-15,16.16,24.645714285714288,29.57,21.74,87.07285714285715,387,298,71,58,18,0.245,298,145,4
2021,12,Akure North,0,WHO_literature,2021-03-22,26.12,25.544285714285714,32.08,21.89,85.05285714285715,387,298,71,58,18,0.245,298,145,4
2021,13,Akure North,1,WHO_literature,2021-03-29,0.51,26.78,33.19,22.27,79.17857142857143,387,298,71,58,18,0.245,298,145,4
2021,14,Akure North,1,WHO_literature,2021-04-05,45.92,26.05857142857143,32.76,22.85,85.67,387,298,71,58,18,0.245,298,145,4
2021,15,Akure North,0,WHO_literature,2021-04-12,87.11,24.714285714285715,30.02,21.67,88.86714285714285,387,298,71,58,18,0.245,298,145,4
2021,16,Akure North,0,WHO_literature,2021-04-19,23.81,25.05857142857143,30.13,20.97,89.18571428571428,387,298,71,58,18,0.245,298,145,4
2021,17,Akure North,3,WHO_literature,2021-04-26,8.76,25.795714285714286,31.18,22.39,87.26428571428572,387,298,71,58,18,0.245,298,145,4
2021,18,Akure North,0,WHO_literature,2021-05-03,39.77,24.714285714285715,30.41,20.9,87.23857142857143,387,298,71,58,18,0.245,298,145,4
2021,19,Akure North,5,WHO_literature,2021-05-10,21.85,25.169999999999998,29.75,19.9,88.36428571428571,387,298,71,58,18,0.245,298,145,4
2021,20,Akure North,1,WHO_literature,2021-05-17,39.269999999999996,25.268571428571427,30.81,21.36,88.75571428571428,387,298,71,58,18,0.245,298,145,4
2021,21,Akure North,3,WHO_literature,2021-05-24,38.82,25.534285714285716,30.47,22.38,89.92571428571429,387,298,71,58,18,0.245,298,145,4
2021,22,Akure North,4,WHO_literature,2021-05-31,112.62,24.934285714285714,29.72,21.72,89.80142857142857,387,298,71,58,18,0.245,298,145,4
2021,23,Akure North,6,WHO_literature,2021-06-07,38.49,24.96,30.27,21.51,88.38857142857144,387,298,71,58,18,0.245,298,145,4
2021,24,Akure North,8,WHO_literature,2021-06-14,62.2,24.404285714285717,29.01,21.16,90.97571428571429,387,298,71,58,18,0.245,298,145,4
2021,25,Akure North,4,WHO_literature,2021-06-21,51.87,24.302857142857142,29.1,20.89,88.80857142857143,387,298,71,58,18,0.245,298,145,4
2021,26,Akure North,4,WHO_literature,2021-06-28,55.78,23.647142857142857,28.7,19.94,89.98857142857143,387,298,71,58,18,0.245,298,145,4
2021,27,Akure North,8,WHO_literature,2021-07-05,29.71,23.714285714285715,28.22,21.03,90.25999999999999,387,298,71,58,18,0.245,298,145,4
2021,28,Akure North,9,WHO_literature,2021-07-12,130.27,23.99857142857143,28.07,20.58,90.03142857142858,387,298,71,58,18,0.245,298,145,4
2021,29,Akure North,7,WHO_literature,2021-07-19,43.84,23.745714285714286,28.73,20.68,89.57142857142857,387,298,71,58,18,0.245,298,145,4
2021,30,Akure North,9,WHO_literature,2021-07-26,31.869999999999997,23.405714285714286,28.16,20.19,89.67285714285715,387,298,71,58,18,0.245,298,145,4
2021,31,Akure North,4,WHO_literature,2021-08-02,114.71000000000001,23.298571428571428,27.73,20.37,92.60142857142857,387,298,71,58,18,0.245,298,145,4
2021,32,Akure North,12,WHO_literature,2021-08-09,124.81,23.509999999999998,28.07,20.12,91.52857142857144,387,298,71,58,18,0.245,298,145,4
2021,33,Akure North,11,WHO_literature,2021-08-16,103.7,22.972857142857144,27.03,20.74,92.24000000000001,387,298,71,58,18,0.245,298,145,4
2021,34,Akure North,7,WHO_literature,2021-08-23,79.74000000000001,24.12857142857143,28.27,20.6,90.88714285714286,387,298,71,58,18,0.245,298,145,4
2021,35,Akure North,9,WHO_literature,2021-08-30,114.05,23.94142857142857,28.74,20.4,90.73571428571428,387,298,71,58,18,0.245,298,145,4
2021,36,Akure North,6,WHO_literature,2021-09-06,63.61,23.94,28.83,20.7,90.9057142857143,387,298,71,58,18,0.245,298,145,4
2021,37,Akure North,5,WHO_literature,2021-09-13,43.74,23.951428571428572,28.29,20.76,91.23285714285714,387,298,71,58,18,0.245,298,145,4
2021,38,Akure North,8,WHO_literature,2021-09-20,108.88,23.88714285714286,27.59,20.14,90.98428571428572,387,298,71,58,18,0.245,298,145,4
2021,39,Akure North,8,WHO_literature,2021-09-27,67.35,24.231428571428573,28.73,21.02,90.60428571428572,387,298,71,58,18,0.245,298,145,4
2021,40,Akure North,6,WHO_literature,2021-10-04,79.59,24.872857142857146,29.54,21.18,90.85857142857142,387,298,71,58,18,0.245,298,145,4
2021,41,Akure North,8,WHO_literature,2021-10-11,47.28,24.764285714285712,29.05,21.21,90.61,387,298,71,58,18,0.245,298,145,4
2021,42,Akure North,1,WHO_literature,2021-10-18,35.74,24.40285714285714,29.48,21.2,89.21714285714286,387,298,71,58,18,0.245,298,145,4
2021,43,Akure North,1,WHO_literature,2021-10-25,66.44,25.131428571428568,29.9,21.13,88.19285714285715,387,298,71,58,18,0.245,298,145,4
2021,44,Akure North,2,WHO_literature,2021-11-01,54.29,24.759999999999998,29.78,21.52,89.28,387,298,71,58,18,0.245,298,145,4
2021,45,Akure North,3,WHO_literature,2021-11-08,188.47,25.287142857142857,29.65,21.85,87.54428571428572,387,298,71,58,18,0.245,298,145,4
2021,46,Akure North,2,WHO_literature,2021-11-15,220.56,25.22142857142857,29.81,20.44,86.11,387,298,71,58,18,0.245,298,145,4
2021,47,Akure North,0,NCDC_real,2021-11-22,16.43,25.00142857142857,30.26,20.6,84.56285714285715,387,298,71,58,18,0.245,298,145,4
2021,48,Akure North,1,WHO_literature,2021-11-29,28.55,25.057142857142857,30.29,20.35,82.45,387,298,71,58,18,0.245,298,145,4
2021,49,Akure North,0,WHO_literature,2021-12-06,15.92,24.48,29.86,18.61,76.83142857142857,387,298,71,58,18,0.245,298,145,4
2021,50,Akure North,2,NCDC_real,2021-12-13,225.07,23.29714285714286,30.27,15.75,78.50285714285714,387,298,71,58,18,0.245,298,145,4
2021,51,Akure North,0,WHO_literature,2021-12-20,0.66,22.882857142857144,30.75,15.92,78.29857142857144,387,298,71,58,18,0.245,298,145,4
2021,52,Akure North,0,WHO_literature,2021-12-27,65.8,23.49142857142857,29.61,18.5,79.67,387,298,71,58,18,0.245,298,145,4
2022,1,Akure North,1,WHO_literature,2022-01-03,21.229999999999997,23.285714285714285,30.34,16.72,73.10857142857142,387,298,71,58,18,0.245,298,145,4
2022,2,Akure North,0,WHO_literature,2022-01-10,61.63,24.374285714285715,30.09,19.27,81.89,387,298,71,58,18,0.245,298,145,4
2022,3,Akure North,0,WHO_literature,2022-01-17,4.9399999999999995,21.83857142857143,29.59,15.07,71.36571428571429,387,298,71,58,18,0.245,298,145,4
2022,4,Akure North,1,WHO_literature,2022-01-24,0.19,21.365714285714287,29.93,13.68,68.23,387,298,71,58,18,0.245,298,145,4
2022,5,Akure North,0,WHO_literature,2022-01-31,0.0,21.801428571428573,29.86,12.7,62.44714285714286,387,298,71,58,18,0.245,298,145,4
2022,6,Akure North,0,WHO_literature,2022-02-07,26.93,24.19,30.88,16.49,70.96,387,298,71,58,18,0.245,298,145,4
2022,7,Akure North,0,WHO_literature,2022-02-14,7.26,25.495714285714286,32.19,19.77,80.67142857142858,387,298,71,58,18,0.245,298,145,4
2022,8,Akure North,0,WHO_literature,2022-02-21,28.799999999999997,25.667142857142856,31.81,20.27,79.38714285714286,387,298,71,58,18,0.245,298,145,4
2022,9,Akure North,0,WHO_literature,2022-02-28,48.699999999999996,24.864285714285717,31.22,20.88,88.78,387,298,71,58,18,0.245,298,145,4
2022,10,Akure North,0,WHO_literature,2022-03-07,18.0,25.63,30.23,22.29,88.23428571428572,387,298,71,58,18,0.245,298,145,4
2022,11,Akure North,0,WHO_literature,2022-03-14,17.4,25.702857142857145,31.91,22.48,87.57285714285715,387,298,71,58,18,0.245,298,145,4
2022,12,Akure North,0,WHO_literature,2022-03-21,48.29,25.717142857142857,31.66,22.6,87.33,387,298,71,58,18,0.245,298,145,4
2022,13,Akure North,0,WHO_literature,2022-03-28,44.730000000000004,25.59857142857143,31.11,19.63,87.37571428571428,387,298,71,58,18,0.245,298,145,4
2022,14,Akure North,0,WHO_literature,2022-04-04,37.71,25.012857142857143,29.46,20.55,90.30857142857143,387,298,71,58,18,0.245,298,145,4
2022,15,Akure North,0,WHO_literature,2022-04-11,33.16,24.58857142857143,29.44,21.51,90.26857142857143,387,298,71,58,18,0.245,298,145,4
2022,16,Akure North,5,WHO_literature,2022-04-18,40.82,24.835714285714285,29.99,21.89,89.5,387,298,71,58,18,0.245,298,145,4
2022,17,Akure North,0,WHO_literature,2022-04-25,59.61,24.51571428571429,29.07,21.57,90.44428571428571,387,298,71,58,18,0.245,298,145,4
2022,18,Akure North,3,WHO_literature,2022-05-02,18.9,24.937142857142856,29.43,22.0,89.74571428571429,387,298,71,58,18,0.245,298,145,4
2022,19,Akure North,1,WHO_literature,2022-05-09,36.78,25.382857142857144,29.94,21.77,89.72428571428573,387,298,71,58,18,0.245,298,145,4
2022,20,Akure North,3,WHO_literature,2022-05-16,50.26,25.055714285714284,30.26,21.97,90.07000000000001,387,298,71,58,18,0.245,298,145,4
2022,21,Akure North,2,WHO_literature,2022-05-23,26.96,24.437142857142856,28.9,20.76,89.79428571428572,387,298,71,58,18,0.245,298,145,4
2022,22,Akure North,4,WHO_literature,2022-05-30,48.61,24.740000000000002,29.52,21.7,89.83000000000001,387,298,71,58,18,0.245,298,145,4
2022,23,Akure North,7,WHO_literature,2022-06-06,136.42000000000002,23.97,28.18,20.17,91.67428571428572,387,298,71,58,18,0.245,298,145,4
2022,24,Akure North,2,WHO_literature,2022-06-13,51.86,23.857142857142858,28.13,20.77,92.69714285714285,387,298,71,58,18,0.245,298,145,4
2022,25,Akure North,2,WHO_literature,2022-06-20,71.74,23.787142857142857,28.0,21.11,91.98571428571428,387,298,71,58,18,0.245,298,145,4
2022,26,Akure North,6,WHO_literature,2022-06-27,54.04,23.527142857142856,27.72,20.21,91.21714285714286,387,298,71,58,18,0.245,298,145,4
2022,27,Akure North,6,WHO_literature,2022-07-04,57.32,23.91,28.48,20.61,91.97714285714287,387,298,71,58,18,0.245,298,145,4
2022,28,Akure North,4,WHO_literature,2022-07-11,22.17,23.892857142857142,28.61,21.03,90.61285714285714,387,298,71,58,18,0.245,298,145,4
2022,29,Akure North,9,WHO_literature,2022-07-18,58.17,23.382857142857144,27.8,19.95,90.19857142857143,387,298,71,58,18,0.245,298,145,4
2022,30,Akure North,2,WHO_literature,2022-07-25,59.53,23.211428571428574,26.97,20.68,92.44714285714285,387,298,71,58,18,0.245,298,145,4
2022,31,Akure North,8,WHO_literature,2022-08-01,11.02,23.34714285714286,28.39,19.67,89.17999999999999,387,298,71,58,18,0.245,298,145,4
2022,32,Akure North,11,WHO_literature,2022-08-08,64.76,23.275714285714287,27.92,20.56,91.90142857142857,387,298,71,58,18,0.245,298,145,4
2022,33,Akure North,5,WHO_literature,2022-08-15,56.169999999999995,23.23,28.75,19.54,90.27714285714286,387,298,71,58,18,0.245,298,145,4
2022,34,Akure North,8,WHO_literature,2022-08-22,78.42,23.101428571428574,27.36,20.2,91.7057142857143,387,298,71,58,18,0.245,298,145,4
2022,35,Akure North,5,WHO_literature,2022-08-29,62.32,23.43285714285714,27.9,19.98,91.20285714285714,387,298,71,58,18,0.245,298,145,4
2022,36,Akure North,4,WHO_literature,2022-09-05,53.93,23.861428571428572,28.26,20.83,90.71571428571428,387,298,71,58,18,0.245,298,145,4
2022,37,Akure North,5,WHO_literature,2022-09-12,74.96,23.595714285714283,27.96,20.54,92.29428571428572,387,298,71,58,18,0.245,298,145,4
2022,38,Akure North,8,WHO_literature,2022-09-19,72.97,23.755714285714284,28.12,20.65,91.4342857142857,387,298,71,58,18,0.245,298,145,4
2022,39,Akure North,7,WHO_literature,2022-09-26,121.63,23.077142857142857,27.73,20.5,92.03714285714285,387,298,71,58,18,0.245,298,145,4
2022,40,Akure North,8,WHO_literature,2022-10-03,165.17,24.132857142857144,28.69,20.32,90.14999999999999,387,298,71,58,18,0.245,298,145,4
2022,41,Akure North,1,WHO_literature,2022-10-10,77.05,24.361428571428572,29.15,20.4,88.39142857142858,387,298,71,58,18,0.245,298,145,4
2022,42,Akure North,1,WHO_literature,2022-10-17,39.26,24.857142857142858,29.94,20.87,86.67428571428572,387,298,71,58,18,0.245,298,145,4
2022,43,Akure North,2,WHO_literature,2022-10-24,5.37,25.06,30.02,20.14,81.32857142857142,387,298,71,58,18,0.245,298,145,4
2022,44,Akure North,4,WHO_literature,2022-10-31,10.42,24.624285714285715,29.72,18.66,82.03714285714285,387,298,71,58,18,0.245,298,145,4
2022,45,Akure North,2,WHO_literature,2022-11-07,9.3,25.04714285714286,30.69,21.03,83.71000000000001,387,298,71,58,18,0.245,298,145,4
2022,46,Akure North,1,WHO_literature,2022-11-14,1.02,24.422857142857143,29.68,18.99,80.95,387,298,71,58,18,0.245,298,145,4
2022,47,Akure North,0,WHO_literature,2022-11-21,1.8,24.074285714285715,30.01,17.98,77.24285714285715,387,298,71,58,18,0.245,298,145,4
2022,48,Akure North,4,WHO_literature,2022-11-28,5.04,24.58285714285714,29.84,20.33,82.61714285714287,387,298,71,58,18,0.245,298,145,4
2022,49,Akure North,1,WHO_literature,2022-12-05,0.07,23.771428571428572,29.52,16.58,72.60714285714286,387,298,71,58,18,0.245,298,145,4
2022,50,Akure North,0,WHO_literature,2022-12-12,5.87,23.882857142857144,30.39,19.23,84.51714285714286,387,298,71,58,18,0.245,298,145,4
2022,51,Akure North,0,WHO_literature,2022-12-19,0.0,21.905714285714286,28.74,14.52,66.20571428571428,387,298,71,58,18,0.245,298,145,4
2022,52,Akure North,1,WHO_literature,2022-12-26,0.0,21.33285714285714,29.41,13.95,64.68428571428572,387,298,71,58,18,0.245,298,145,4
2023,1,Akure North,0,WHO_literature,2023-01-02,0.0,23.17571428571429,30.29,16.22,64.46142857142857,387,298,71,58,18,0.245,298,145,4
2023,2,Akure North,0,WHO_literature,2023-01-09,0.03,22.107142857142858,30.41,14.04,59.114285714285714,387,298,71,58,18,0.245,298,145,4
2023,3,Akure North,0,WHO_literature,2023-01-16,0.8200000000000001,24.06142857142857,31.45,15.77,69.41428571428571,387,298,71,58,18,0.245,298,145,4
2023,4,Akure North,0,WHO_literature,2023-01-23,2.4499999999999997,25.00714285714286,32.76,19.98,83.19000000000001,387,298,71,58,18,0.245,298,145,4
2023,5,Akure North,0,WHO_literature,2023-01-30,34.84,25.145714285714288,32.44,20.46,82.69142857142857,387,298,71,58,18,0.245,298,145,4
2023,6,Akure North,0,WHO_literature,2023-02-06,109.63000000000001,25.165714285714284,32.08,19.38,78.29714285714286,387,298,71,58,18,0.245,298,145,4
2023,7,Akure North,0,WHO_literature,2023-02-13,0.0,23.06142857142857,30.85,16.29,59.354285714285716,387,298,71,58,18,0.245,298,145,4
2023,8,Akure North,0,WHO_literature,2023-02-20,21.98,25.222857142857144,31.83,17.11,76.21285714285715,387,298,71,58,18,0.245,298,145,4
2023,9,Akure North,0,WHO_literature,2023-02-27,15.03,25.381428571428575,30.48,21.64,87.00428571428571,387,298,71,58,18,0.245,298,145,4
2023,10,Akure North,0,WHO_literature,2023-03-06,24.8,25.305714285714284,30.02,21.92,88.33,387,298,71,58,18,0.245,298,145,4
2023,11,Akure North,0,WHO_literature,2023-03-13,24.54,24.860000000000003,30.58,21.21,85.41428571428571,387,298,71,58,18,0.245,298,145,4
2023,12,Akure North,0,WHO_literature,2023-03-20,32.18,24.87,29.91,20.88,86.07857142857142,387,298,71,58,18,0.245,298,145,4
2023,13,Akure North,0,WHO_literature,2023-03-27,33.61,25.455714285714286,30.28,21.74,85.44142857142857,387,298,71,58,18,0.245,298,145,4
2023,14,Akure North,0,WHO_literature,2023-04-03,56.69,25.25142857142857,30.17,21.87,88.87714285714286,387,298,71,58,18,0.245,298,145,4
2023,15,Akure North,1,WHO_literature,2023-04-10,35.51,25.314285714285713,30.06,21.68,89.68714285714285,387,298,71,58,18,0.245,298,145,4
2023,16,Akure North,0,WHO_literature,2023-04-17,26.28,25.587142857142858,31.0,22.37,89.28999999999999,387,298,71,58,18,0.245,298,145,4
2023,17,Akure North,3,WHO_literature,2023-04-24,47.97,24.842857142857145,29.93,21.93,89.31428571428572,387,298,71,58,18,0.245,298,145,4
2023,18,Akure North,0,WHO_literature,2023-05-01,48.040000000000006,25.052857142857142,29.71,21.24,88.43857142857144,387,298,71,58,18,0.245,298,145,4
2023,19,Akure North,1,WHO_literature,2023-05-08,35.72,25.324285714285715,29.46,22.29,90.52428571428571,387,298,71,58,18,0.245,298,145,4
2023,20,Akure North,1,WHO_literature,2023-05-15,58.24,25.678571428571427,29.48,23.11,91.01285714285713,387,298,71,58,18,0.245,298,145,4
2023,21,Akure North,3,WHO_literature,2023-05-22,31.91,25.490000000000002,30.32,22.35,90.89857142857143,387,298,71,58,18,0.245,298,145,4
2023,22,Akure North,2,WHO_literature,2023-05-29,42.68,25.511428571428574,29.38,22.08,89.78142857142858,387,298,71,58,18,0.245,298,145,4
2023,23,Akure North,1,WHO_literature,2023-06-05,173.28,24.361428571428572,28.52,21.61,92.35000000000001,387,298,71,58,18,0.245,298,145,4
2023,24,Akure North,1,WHO_literature,2023-06-12,72.28999999999999,24.424285714285713,29.12,20.98,90.7242857142857,387,298,71,58,18,0.245,298,145,4
2023,25,Akure North,3,WHO_literature,2023-06-19,66.35,24.042857142857144,28.05,20.99,91.73,387,298,71,58,18,0.245,298,145,4
2023,26,Akure North,2,WHO_literature,2023-06-26,47.95,24.25857142857143,28.98,21.3,90.70714285714287,387,298,71,58,18,0.245,298,145,4
2023,27,Akure North,1,WHO_literature,2023-07-03,58.88,24.38,29.16,21.36,90.92428571428572,387,298,71,58,18,0.245,298,145,4
2023,28,Akure North,2,WHO_literature,2023-07-10,42.07,24.964285714285715,30.32,21.06,89.10714285714286,387,298,71,58,18,0.245,298,145,4
2023,29,Akure North,1,WHO_literature,2023-07-17,84.56,24.64428571428571,28.2,22.17,91.92571428571429,387,298,71,58,18,0.245,298,145,4
2023,30,Akure North,3,WHO_literature,2023-07-24,75.17,24.37,29.51,21.22,91.34142857142857,387,298,71,58,18,0.245,298,145,4
2023,31,Akure North,4,WHO_literature,2023-07-31,28.330000000000002,24.34714285714286,28.96,21.13,91.11285714285714,387,298,71,58,18,0.245,298,145,4
2023,32,Akure North,3,WHO_literature,2023-08-07,34.62,24.11285714285714,28.04,21.44,91.21000000000001,387,298,71,58,18,0.245,298,145,4
2023,33,Akure North,4,WHO_literature,2023-08-14,45.1,24.457142857142856,29.08,21.15,89.72142857142856,387,298,71,58,18,0.245,298,145,4
2023,34,Akure North,1,WHO_literature,2023-08-21,34.15,24.537142857142857,28.89,21.37,90.82714285714285,387,298,71,58,18,0.245,298,145,4
2023,35,Akure North,2,WHO_literature,2023-08-28,148.42000000000002,23.97142857142857,28.01,21.19,91.97714285714287,387,298,71,58,18,0.245,298,145,4
2023,36,Akure North,2,WHO_literature,2023-09-04,106.37,24.495714285714286,29.92,21.18,90.68142857142857,387,298,71,58,18,0.245,298,145,4
2023,37,Akure North,5,WHO_literature,2023-09-11,86.09,24.482857142857142,28.41,21.67,91.9557142857143,387,298,71,58,18,0.245,298,145,4
2023,38,Akure North,5,WHO_literature,2023-09-18,49.81,24.62142857142857,28.85,21.62,90.28285714285714,387,298,71,58,18,0.245,298,145,4
2023,39,Akure North,6,WHO_literature,2023-09-25,56.49,25.407142857142855,30.2,22.08,89.08571428571429,387,298,71,58,18,0.245,298,145,4
2023,40,Akure North,0,WHO_literature,2023-10-02,66.92,25.255714285714284,29.73,22.45,89.97857142857143,387,298,71,58,18,0.245,298,145,4
2023,41,Akure North,0,WHO_literature,2023-10-09,52.44,24.96,29.1,22.23,91.36285714285714,387,298,71,58,18,0.245,298,145,4
2023,42,Akure North,1,WHO_literature,2023-10-16,33.37,24.845714285714287,29.36,20.94,89.95285714285714,387,298,71,58,18,0.245,298,145,4
2023,43,Akure North,2,WHO_literature,2023-10-23,5.390000000000001,25.385714285714283,30.09,21.93,88.67571428571429,387,298,71,58,18,0.245,298,145,4
2023,44,Akure North,2,WHO_literature,2023-10-30,55.980000000000004,25.054285714285715,29.95,22.21,89.34142857142857,387,298,71,58,18,0.245,298,145,4
2023,45,Akure North,0,WHO_literature,2023-11-06,23.04,25.192857142857143,29.76,22.11,89.19428571428571,387,298,71,58,18,0.245,298,145,4
2023,46,Akure North,0,WHO_literature,2023-11-13,4.36,24.857142857142858,29.92,21.36,86.66714285714285,387,298,71,58,18,0.245,298,145,4
2023,47,Akure North,1,WHO_literature,2023-11-20,32.81,24.992857142857144,30.45,21.61,88.86142857142856,387,298,71,58,18,0.245,298,145,4
2023,48,Akure North,2,WHO_literature,2023-11-27,2.37,25.37,30.9,20.83,83.45857142857143,387,298,71,58,18,0.245,298,145,4
2023,49,Akure North,0,WHO_literature,2023-12-04,0.29,25.40285714285714,30.61,20.38,80.52285714285713,387,298,71,58,18,0.245,298,145,4
2023,50,Akure North,0,WHO_literature,2023-12-11,0.0,23.482857142857142,30.49,15.59,66.38285714285715,387,298,71,58,18,0.245,298,145,4
2023,51,Akure North,0,WHO_literature,2023-12-18,0.0,24.115714285714287,31.0,16.85,68.43142857142857,387,298,71,58,18,0.245,298,145,4
2023,52,Akure North,0,WHO_literature,2023-12-25,0.0,24.485714285714288,30.94,16.72,62.07857142857143,387,298,71,58,18,0.245,298,145,4
2024,1,Akure North,0,WHO_literature,2024-01-01,0.35,25.462857142857143,31.46,19.2,76.9742857142857,387,298,71,58,18,0.245,298,145,4
2024,2,Akure North,0,WHO_literature,2024-01-08,1.12,24.891428571428573,31.9,19.34,71.24571428571429,387,298,71,58,18,0.245,298,145,4
2024,3,Akure North,0,WHO_literature,2024-01-15,0.0,23.40142857142857,31.84,15.5,49.64,387,298,71,58,18,0.245,298,145,4
2024,4,Akure North,0,WHO_literature,2024-01-22,5.34,23.178571428571427,31.51,14.99,64.5942857142857,387,298,71,58,18,0.245,298,145,4
2024,5,Akure North,0,WHO_literature,2024-01-29,0.0,24.575714285714287,31.06,17.48,59.76571428571429,387,298,71,58,18,0.245,298,145,4
2024,6,Akure North,0,WHO_literature,2024-02-05,0.0,24.32857142857143,32.82,17.07,61.378571428571426,387,298,71,58,18,0.245,298,145,4
2024,7,Akure North,0,WHO_literature,2024-02-12,0.64,26.03857142857143,33.24,19.52,78.75999999999999,387,298,71,58,18,0.245,298,145,4
2024,8,Akure North,0,WHO_literature,2024-02-19,16.6,26.717142857142857,32.74,22.42,76.83714285714287,387,298,71,58,18,0.245,298,145,4
2024,9,Akure North,0,WHO_literature,2024-02-26,0.91,26.728571428571428,33.93,21.46,81.97285714285715,387,298,71,58,18,0.245,298,145,4
2024,10,Akure North,0,WHO_literature,2024-03-04,4.83,26.601428571428574,32.54,22.39,84.06285714285715,387,298,71,58,18,0.245,298,145,4
2024,11,Akure North,0,WHO_literature,2024-03-11,26.48,27.09142857142857,34.25,22.75,83.58714285714287,387,298,71,58,18,0.245,298,145,4
2024,12,Akure North,0,WHO_literature,2024-03-18,3.03,26.791428571428572,32.98,23.28,83.18285714285715,387,298,71,58,18,0.245,298,145,4
2024,13,Akure North,0,WHO_literature,2024-03-25,5.25,26.94142857142857,33.89,23.47,84.7942857142857,387,298,71,58,18,0.245,298,145,4
2024,14,Akure North,1,WHO_literature,2024-04-01,21.14,26.551428571428573,32.66,23.39,87.21428571428571,387,298,71,58,18,0.245,298,145,4
2024,15,Akure North,0,WHO_literature,2024-04-08,18.67,25.942857142857143,30.51,22.84,88.0257142857143,387,298,71,58,18,0.245,298,145,4
2024,16,Akure North,1,WHO_literature,2024-04-15,6.37,26.624285714285715,31.68,23.68,85.76428571428572,387,298,71,58,18,0.245,298,145,4
2024,17,Akure North,0,WHO_literature,2024-04-22,34.12,26.48,31.35,23.17,88.5142857142857,387,298,71,58,18,0.245,298,145,4
2024,18,Akure North,1,WHO_literature,2024-04-29,45.19,26.00857142857143,30.95,22.91,90.03428571428572,387,298,71,58,18,0.245,298,145,4
2024,19,Akure North,1,WHO_literature,2024-05-06,14.21,26.165714285714284,30.37,23.47,88.78999999999999,387,298,71,58,18,0.245,298,145,4
2024,20,Akure North,1,WHO_literature,2024-05-13,26.04,26.447142857142858,31.35,22.17,86.39,387,298,71,58,18,0.245,298,145,4
2024,21,Akure North,2,WHO_literature,2024-05-20,70.12,25.692857142857143,30.22,21.24,89.46000000000001,387,298,71,58,18,0.245,298,145,4
2024,22,Akure North,0,WHO_literature,2024-05-27,32.57,25.650000000000002,30.33,21.86,90.0457142857143,387,298,71,58,18,0.245,298,145,4
2024,23,Akure North,1,WHO_literature,2024-06-03,51.08,25.215714285714284,29.6,22.21,91.12428571428572,387,298,71,58,18,0.245,298,145,4
2024,24,Akure North,2,WHO_literature,2024-06-10,55.3,25.224285714285713,29.55,21.91,89.84714285714287,387,298,71,58,18,0.245,298,145,4
2024,25,Akure North,2,WHO_literature,2024-06-17,28.880000000000003,24.934285714285714,30.81,21.19,89.76285714285714,387,298,71,58,18,0.245,298,145,4
2024,26,Akure North,1,WHO_literature,2024-06-24,64.99,24.580000000000002,28.91,20.94,90.27,387,298,71,58,18,0.245,298,145,4
2024,27,Akure North,0,WHO_literature,2024-07-01,60.8,24.48428571428571,28.7,21.06,89.94714285714285,387,298,71,58,18,0.245,298,145,4
2024,28,Akure North,1,WHO_literature,2024-07-08,40.72,24.392857142857142,28.94,21.21,89.74857142857142,387,298,71,58,18,0.245,298,145,4
2024,29,Akure North,3,WHO_literature,2024-07-15,55.010000000000005,24.291428571428572,28.73,21.32,90.61,387,298,71,58,18,0.245,298,145,4
2024,30,Akure North,1,WHO_literature,2024-07-22,13.6,24.231428571428573,28.98,21.18,89.07857142857142,387,298,71,58,18,0.245,298,145,4
2024,31,Akure North,2,WHO_literature,2024-07-29,15.3,24.324285714285715,29.4,20.99,88.28142857142858,387,298,71,58,18,0.245,298,145,4
2024,32,Akure North,3,WHO_literature,2024-08-05,5.8100000000000005,24.37142857142857,29.25,20.98,86.84142857142857,387,298,71,58,18,0.245,298,145,4
2024,33,Akure North,2,WHO_literature,2024-08-12,7.75,24.162857142857142,28.97,21.07,87.71857142857142,387,298,71,58,18,0.245,298,145,4
2024,34,Akure North,2,WHO_literature,2024-08-19,91.88,23.844285714285714,28.3,21.3,91.43999999999998,387,298,71,58,18,0.245,298,145,4
2024,35,Akure North,2,WHO_literature,2024-08-26,32.15,24.23428571428571,29.64,21.29,89.98,387,298,71,58,18,0.245,298,145,4
2024,36,Akure North,5,WHO_literature,2024-09-02,62.43,24.165714285714284,29.5,20.41,88.28714285714285,387,298,71,58,18,0.245,298,145,4
2024,37,Akure North,4,WHO_literature,2024-09-09,75.95,24.43,28.88,21.65,90.76571428571428,387,298,71,58,18,0.245,298,145,4
2024,38,Akure North,4,WHO_literature,2024-09-16,43.17,24.52857142857143,29.06,21.25,89.11714285714285,387,298,71,58,18,0.245,298,145,4
2024,39,Akure North,1,WHO_literature,2024-09-23,83.87,24.672857142857143,29.21,21.11,87.91142857142857,387,298,71,58,18,0.245,298,145,4
2024,40,Akure North,0,WHO_literature,2024-09-30,73.65,24.462857142857143,29.73,21.42,91.14999999999999,387,298,71,58,18,0.245,298,145,4
2024,41,Akure North,1,WHO_literature,2024-10-07,52.099999999999994,24.994285714285716,30.13,21.38,87.5,387,298,71,58,18,0.245,298,145,4
2024,42,Akure North,2,WHO_literature,2024-10-14,31.73,24.494285714285716,29.31,20.52,87.31428571428572,387,298,71,58,18,0.245,298,145,4
2024,43,Akure North,2,WHO_literature,2024-10-21,58.67,25.231428571428573,30.08,20.9,87.67428571428572,387,298,71,58,18,0.245,298,145,4
2024,44,Akure North,0,WHO_literature,2024-10-28,34.12,25.795714285714286,30.75,22.04,83.22285714285715,387,298,71,58,18,0.245,298,145,4
2024,45,Akure North,0,WHO_literature,2024-11-04,6.6000000000000005,25.044285714285714,30.59,19.44,81.47428571428573,387,298,71,58,18,0.245,298,145,4
2024,46,Akure North,1,WHO_literature,2024-11-11,0.9299999999999999,25.232857142857142,30.95,19.01,75.67571428571429,387,298,71,58,18,0.245,298,145,4
2024,47,Akure North,2,WHO_literature,2024-11-18,1.1199999999999999,24.392857142857142,30.22,17.46,72.3457142857143,387,298,71,58,18,0.245,298,145,4
2024,48,Akure North,1,WHO_literature,2024-11-25,0.28,23.497142857142855,30.04,15.79,67.97857142857143,387,298,71,58,18,0.245,298,145,4
2024,49,Akure North,0,WHO_literature,2024-12-02,0.02,23.761428571428574,30.59,16.74,69.0957142857143,387,298,71,58,18,0.245,298,145,4
2024,50,Akure North,1,WHO_literature,2024-12-09,0.09,24.00714285714286,31.05,15.43,64.91285714285713,387,298,71,58,18,0.245,298,145,4
2024,51,Akure North,0,WHO_literature,2024-12-16,0.0,23.16,30.6,14.55,62.4,387,298,71,58,18,0.245,298,145,4
2024,52,Akure North,1,WHO_literature,2024-12-23,0.0,23.919999999999998,31.35,17.34,65.39714285714285,387,298,71,58,18,0.245,298,145,4
2018,1,Akure South,0,WHO_literature,2018-01-01,0.0,21.178571428571427,28.07,13.95,64.42,1247,612,78,67,12,0.198,245,138,3
2018,2,Akure South,0,WHO_literature,2018-01-08,0.36000000000000004,23.91857142857143,30.65,17.02,79.42714285714285,1247,612,78,67,12,0.198,245,138,3
2018,3,Akure South,1,WHO_literature,2018-01-15,0.0,24.478571428571428,31.04,18.04,76.7757142857143,1247,612,78,67,12,0.198,245,138,3
2018,4,Akure South,0,WHO_literature,2018-01-22,0.0,23.22142857142857,30.69,16.16,67.51,1247,612,78,67,12,0.198,245,138,3
2018,5,Akure South,0,WHO_literature,2018-01-29,0.5,24.49142857142857,32.81,16.44,73.15857142857143,1247,612,78,67,12,0.198,245,138,3
2018,6,Akure South,0,WHO_literature,2018-02-05,29.33,26.532857142857143,32.82,22.12,87.82857142857142,1247,612,78,67,12,0.198,245,138,3
2018,7,Akure South,0,WHO_literature,2018-02-12,15.35,26.45,32.84,22.56,85.30571428571429,1247,612,78,67,12,0.198,245,138,3
2018,8,Akure South,0,WHO_literature,2018-02-19,28.94,25.324285714285715,30.9,21.56,89.32857142857142,1247,612,78,67,12,0.198,245,138,3
2018,9,Akure South,0,WHO_literature,2018-02-26,7.66,25.75142857142857,32.18,22.45,88.41142857142857,1247,612,78,67,12,0.198,245,138,3
2018,10,Akure South,0,WHO_literature,2018-03-05,12.55,25.984285714285715,31.73,22.36,87.94857142857143,1247,612,78,67,12,0.198,245,138,3
2018,11,Akure South,0,WHO_literature,2018-03-12,28.3,26.00142857142857,30.96,22.63,89.96428571428571,1247,612,78,67,12,0.198,245,138,3
2018,12,Akure South,0,WHO_literature,2018-03-19,20.48,25.607142857142858,31.43,21.68,89.26571428571428,1247,612,78,67,12,0.198,245,138,3
2018,13,Akure South,0,WHO_literature,2018-03-26,5.97,26.13714285714286,30.77,23.26,89.90428571428572,1247,612,78,67,12,0.198,245,138,3
2018,14,Akure South,2,WHO_literature,2018-04-02,11.23,25.852857142857143,30.74,22.53,90.59,1247,612,78,67,12,0.198,245,138,3
2018,15,Akure South,0,WHO_literature,2018-04-09,13.85,25.832857142857144,30.96,22.59,88.76571428571428,1247,612,78,67,12,0.198,245,138,3
2018,16,Akure South,2,WHO_literature,2018-04-16,23.36,25.93857142857143,30.5,23.13,90.39142857142858,1247,612,78,67,12,0.198,245,138,3
2018,17,Akure South,2,WHO_literature,2018-04-23,18.71,25.632857142857144,29.53,22.6,91.42571428571429,1247,612,78,67,12,0.198,245,138,3
2018,18,Akure South,1,WHO_literature,2018-04-30,21.19,26.09714285714286,30.14,22.85,89.99714285714286,1247,612,78,67,12,0.198,245,138,3
2018,19,Akure South,0,WHO_literature,2018-05-07,53.39,24.972857142857144,29.0,22.19,91.93142857142857,1247,612,78,67,12,0.198,245,138,3
2018,20,Akure South,0,WHO_literature,2018-05-14,28.33,25.514285714285712,29.97,22.18,91.11285714285714,1247,612,78,67,12,0.198,245,138,3
2018,21,Akure South,6,WHO_literature,2018-05-21,46.82,25.24142857142857,28.84,22.38,92.99285714285715,1247,612,78,67,12,0.198,245,138,3
2018,22,Akure South,0,WHO_literature,2018-05-28,57.57,25.211428571428574,29.6,22.47,92.20285714285714,1247,612,78,67,12,0.198,245,138,3
2018,23,Akure South,5,WHO_literature,2018-06-04,76.72999999999999,24.919999999999998,29.0,21.87,93.17428571428572,1247,612,78,67,12,0.198,245,138,3
2018,24,Akure South,1,WHO_literature,2018-06-11,44.72,25.087142857142855,29.02,21.58,92.25,1247,612,78,67,12,0.198,245,138,3
2018,25,Akure South,3,WHO_literature,2018-06-18,152.79,23.74857142857143,28.37,21.25,94.07142857142857,1247,612,78,67,12,0.198,245,138,3
2018,26,Akure South,4,WHO_literature,2018-06-25,95.72,24.12285714285714,28.56,20.96,91.7,1247,612,78,67,12,0.198,245,138,3
2018,27,Akure South,4,WHO_literature,2018-07-02,62.53,24.22714285714286,28.58,21.48,92.79142857142857,1247,612,78,67,12,0.198,245,138,3
2018,28,Akure South,5,WHO_literature,2018-07-09,42.46,24.525714285714287,28.96,21.76,91.36285714285714,1247,612,78,67,12,0.198,245,138,3
2018,29,Akure South,2,WHO_literature,2018-07-16,92.2,24.15142857142857,28.7,21.55,93.06285714285714,1247,612,78,67,12,0.198,245,138,3
2018,30,Akure South,2,WHO_literature,2018-07-23,107.52000000000001,24.56857142857143,29.65,21.9,91.99428571428572,1247,612,78,67,12,0.198,245,138,3
2018,31,Akure South,5,WHO_literature,2018-07-30,66.31,23.728571428571428,28.46,20.17,90.69428571428571,1247,612,78,67,12,0.198,245,138,3
2018,32,Akure South,5,WHO_literature,2018-08-06,28.33,24.13,28.88,20.76,91.09142857142857,1247,612,78,67,12,0.198,245,138,3
2018,33,Akure South,7,WHO_literature,2018-08-13,42.519999999999996,23.96,28.55,20.97,92.58,1247,612,78,67,12,0.198,245,138,3
2018,34,Akure South,2,WHO_literature,2018-08-20,105.91,23.599999999999998,29.13,20.89,94.01857142857143,1247,612,78,67,12,0.198,245,138,3
2018,35,Akure South,2,WHO_literature,2018-08-27,166.96,24.53142857142857,28.96,21.31,91.92714285714285,1247,612,78,67,12,0.198,245,138,3
2018,36,Akure South,8,WHO_literature,2018-09-03,186.60999999999999,24.077142857142857,27.73,21.6,94.01571428571428,1247,612,78,67,12,0.198,245,138,3
2018,37,Akure South,6,WHO_literature,2018-09-10,42.12,24.314285714285713,28.84,21.53,92.23714285714286,1247,612,78,67,12,0.198,245,138,3
2018,38,Akure South,5,WHO_literature,2018-09-17,78.9,25.131428571428575,29.02,22.13,91.65428571428572,1247,612,78,67,12,0.198,245,138,3
2018,39,Akure South,7,WHO_literature,2018-09-24,51.88,24.759999999999998,29.38,21.67,91.78,1247,612,78,67,12,0.198,245,138,3
2018,40,Akure South,2,WHO_literature,2018-10-01,37.199999999999996,24.81714285714286,29.06,21.9,92.22142857142856,1247,612,78,67,12,0.198,245,138,3
2018,41,Akure South,2,WHO_literature,2018-10-08,46.980000000000004,24.931428571428572,29.31,21.18,91.54714285714286,1247,612,78,67,12,0.198,245,138,3
2018,42,Akure South,3,WHO_literature,2018-10-15,46.99,25.297142857142855,31.07,20.96,89.87285714285714,1247,612,78,67,12,0.198,245,138,3
2018,43,Akure South,6,WHO_literature,2018-10-22,25.69,25.271428571428572,29.78,21.83,92.57285714285715,1247,612,78,67,12,0.198,245,138,3
2018,44,Akure South,4,WHO_literature,2018-10-29,87.92999999999999,25.389999999999997,29.55,22.62,92.80571428571429,1247,612,78,67,12,0.198,245,138,3
2018,45,Akure South,3,WHO_literature,2018-11-05,24.15,25.624285714285715,30.5,22.72,90.14999999999999,1247,612,78,67,12,0.198,245,138,3
2018,46,Akure South,0,WHO_literature,2018-11-12,32.46,25.90285714285714,31.04,21.93,87.46714285714286,1247,612,78,67,12,0.198,245,138,3
2018,47,Akure South,0,WHO_literature,2018-11-19,18.34,25.65857142857143,31.18,19.98,86.70714285714287,1247,612,78,67,12,0.198,245,138,3
2018,48,Akure South,1,WHO_literature,2018-11-26,0.78,25.801428571428573,31.06,20.74,86.01714285714286,1247,612,78,67,12,0.198,245,138,3
2018,49,Akure South,1,WHO_literature,2018-12-03,0.07,25.017142857142858,30.05,18.31,77.56285714285715,1247,612,78,67,12,0.198,245,138,3
2018,50,Akure South,0,WHO_literature,2018-12-10,0.9400000000000001,25.072857142857142,31.07,18.46,78.28428571428572,1247,612,78,67,12,0.198,245,138,3
2018,51,Akure South,0,WHO_literature,2018-12-17,0.0,24.04,30.99,16.29,72.12857142857142,1247,612,78,67,12,0.198,245,138,3
2018,52,Akure South,0,WHO_literature,2018-12-24,0.0,23.337142857142858,29.57,16.87,68.82714285714286,1247,612,78,67,12,0.198,245,138,3
2019,1,Akure South,0,WHO_literature,2019-01-07,0.0,23.40142857142857,30.4,17.68,72.38714285714285,1247,612,78,67,12,0.198,245,138,3
2019,2,Akure South,0,WHO_literature,2019-01-14,0.0,23.802857142857142,30.34,17.01,76.57857142857142,1247,612,78,67,12,0.198,245,138,3
2019,3,Akure South,0,WHO_literature,2019-01-21,6.41,25.745714285714286,31.51,21.68,87.45714285714287,1247,612,78,67,12,0.198,245,138,3
2019,4,Akure South,0,WHO_literature,2019-01-28,7.42,26.131428571428575,32.06,21.62,85.48,1247,612,78,67,12,0.198,245,138,3
2019,5,Akure South,0,WHO_literature,2019-02-04,33.57,25.67571428571429,31.59,20.58,88.23,1247,612,78,67,12,0.198,245,138,3
2019,6,Akure South,0,WHO_literature,2019-02-11,4.76,25.601428571428574,31.33,20.94,81.21142857142857,1247,612,78,67,12,0.198,245,138,3
2019,7,Akure South,0,WHO_literature,2019-02-18,0.83,24.872857142857146,31.51,18.18,72.06428571428572,1247,612,78,67,12,0.198,245,138,3
2019,8,Akure South,1,WHO_literature,2019-02-25,16.85,25.585714285714285,31.26,21.26,89.83,1247,612,78,67,12,0.198,245,138,3
2019,9,Akure South,0,WHO_literature,2019-03-04,15.79,25.14428571428571,30.09,21.45,88.00571428571428,1247,612,78,67,12,0.198,245,138,3
2019,10,Akure South,0,WHO_literature,2019-03-11,32.26,25.79,29.85,22.62,90.10571428571428,1247,612,78,67,12,0.198,245,138,3
2019,11,Akure South,0,WHO_literature,2019-03-18,6.15,26.425714285714285,32.27,23.1,88.83857142857143,1247,612,78,67,12,0.198,245,138,3
2019,12,Akure South,0,WHO_literature,2019-03-25,11.910000000000002,26.254285714285714,32.31,22.72,89.97571428571429,1247,612,78,67,12,0.198,245,138,3
2019,13,Akure South,0,WHO_literature,2019-04-01,1.22,26.267142857142858,31.35,22.87,90.4342857142857,1247,612,78,67,12,0.198,245,138,3
2019,14,Akure South,0,WHO_literature,2019-04-08,18.96,26.834285714285716,31.91,23.8,89.35714285714286,1247,612,78,67,12,0.198,245,138,3
2019,15,Akure South,1,WHO_literature,2019-04-15,35.68,25.66142857142857,30.56,22.52,91.35714285714286,1247,612,78,67,12,0.198,245,138,3
2019,16,Akure South,2,WHO_literature,2019-04-22,3.63,26.21857142857143,30.83,22.11,90.26571428571428,1247,612,78,67,12,0.198,245,138,3
2019,17,Akure South,1,WHO_literature,2019-04-29,13.75,26.47142857142857,30.76,23.97,91.14999999999999,1247,612,78,67,12,0.198,245,138,3
2019,18,Akure South,0,WHO_literature,2019-05-06,15.58,26.12142857142857,29.47,23.61,92.50571428571428,1247,612,78,67,12,0.198,245,138,3
2019,19,Akure South,0,WHO_literature,2019-05-13,48.86,25.987142857142857,30.51,23.0,91.7957142857143,1247,612,78,67,12,0.198,245,138,3
2019,20,Akure South,3,WHO_literature,2019-05-20,38.37,25.382857142857144,29.58,22.43,91.56857142857143,1247,612,78,67,12,0.198,245,138,3
2019,21,Akure South,0,WHO_literature,2019-05-27,46.25,25.737142857142857,29.94,22.88,92.00142857142858,1247,612,78,67,12,0.198,245,138,3
2019,22,Akure South,4,WHO_literature,2019-06-03,77.58,25.201428571428572,29.21,22.77,92.69428571428571,1247,612,78,67,12,0.198,245,138,3
2019,23,Akure South,1,WHO_literature,2019-06-10,57.82,24.995714285714286,29.45,22.19,93.23857142857142,1247,612,78,67,12,0.198,245,138,3
2019,24,Akure South,2,WHO_literature,2019-06-17,28.53,25.28,29.65,22.41,90.74571428571429,1247,612,78,67,12,0.198,245,138,3
2019,25,Akure South,2,WHO_literature,2019-06-24,35.510000000000005,25.445714285714285,30.01,22.67,91.84714285714286,1247,612,78,67,12,0.198,245,138,3
2019,26,Akure South,4,WHO_literature,2019-07-01,278.93,24.669999999999998,29.2,21.47,91.55714285714285,1247,612,78,67,12,0.198,245,138,3
2019,27,Akure South,3,WHO_literature,2019-07-08,25.33,25.17285714285714,29.79,22.36,91.78428571428572,1247,612,78,67,12,0.198,245,138,3
2019,28,Akure South,1,WHO_literature,2019-07-15,79.96000000000001,24.165714285714284,29.53,20.94,91.63714285714286,1247,612,78,67,12,0.198,245,138,3
2019,29,Akure South,1,WHO_literature,2019-07-22,62.39,24.437142857142856,29.22,21.46,91.42857142857143,1247,612,78,67,12,0.198,245,138,3
2019,30,Akure South,4,WHO_literature,2019-07-29,82.05,24.365714285714287,28.21,21.97,93.25428571428571,1247,612,78,67,12,0.198,245,138,3
2019,31,Akure South,3,WHO_literature,2019-08-05,47.29,24.071428571428573,29.03,21.53,92.48142857142857,1247,612,78,67,12,0.198,245,138,3
2019,32,Akure South,3,WHO_literature,2019-08-12,58.449999999999996,24.118571428571425,28.88,21.63,92.42571428571429,1247,612,78,67,12,0.198,245,138,3
2019,33,Akure South,2,WHO_literature,2019-08-19,35.519999999999996,24.55,28.9,21.76,90.67428571428572,1247,612,78,67,12,0.198,245,138,3
2019,34,Akure South,1,WHO_literature,2019-08-26,115.57000000000001,23.964285714285715,28.79,21.09,92.86142857142856,1247,612,78,67,12,0.198,245,138,3
2019,35,Akure South,5,WHO_literature,2019-09-02,148.24,24.312857142857144,28.27,21.39,91.97285714285714,1247,612,78,67,12,0.198,245,138,3
2019,36,Akure South,6,WHO_literature,2019-09-09,65.38,24.45,29.45,21.84,93.17714285714285,1247,612,78,67,12,0.198,245,138,3
2019,37,Akure South,5,WHO_literature,2019-09-16,114.71000000000001,24.521428571428572,28.39,21.91,92.7042857142857,1247,612,78,67,12,0.198,245,138,3
2019,38,Akure South,4,WHO_literature,2019-09-23,114.22,24.650000000000002,28.82,21.85,93.32857142857142,1247,612,78,67,12,0.198,245,138,3
2019,39,Akure South,3,WHO_literature,2019-09-30,87.11,24.551428571428573,28.59,21.33,92.75857142857141,1247,612,78,67,12,0.198,245,138,3
2019,40,Akure South,2,WHO_literature,2019-10-07,165.98,24.22714285714286,29.19,21.62,92.5942857142857,1247,612,78,67,12,0.198,245,138,3
2019,41,Akure South,2,WHO_literature,2019-10-14,149.97,24.27857142857143,28.46,21.18,93.97428571428573,1247,612,78,67,12,0.198,245,138,3
2019,42,Akure South,4,WHO_literature,2019-10-21,84.26,24.54714285714286,29.57,21.22,92.13285714285713,1247,612,78,67,12,0.198,245,138,3
2019,43,Akure South,3,WHO_literature,2019-10-28,85.62,24.802857142857142,29.45,20.92,91.42142857142858,1247,612,78,67,12,0.198,245,138,3
2019,44,Akure South,4,WHO_literature,2019-11-04,66.36,24.770000000000003,29.15,21.34,91.44714285714285,1247,612,78,67,12,0.198,245,138,3
2019,45,Akure South,0,WHO_literature,2019-11-11,19.42,26.132857142857144,30.98,22.59,88.33714285714287,1247,612,78,67,12,0.198,245,138,3
2019,46,Akure South,0,WHO_literature,2019-11-18,24.35,25.868571428571432,30.28,22.43,90.11142857142856,1247,612,78,67,12,0.198,245,138,3
2019,47,Akure South,0,WHO_literature,2019-11-25,11.34,26.08857142857143,31.07,22.72,89.21142857142857,1247,612,78,67,12,0.198,245,138,3
2019,48,Akure South,1,WHO_literature,2019-12-02,3.3,26.15142857142857,31.43,20.9,85.06714285714285,1247,612,78,67,12,0.198,245,138,3
2019,49,Akure South,0,WHO_literature,2019-12-09,32.36,25.72714285714286,30.66,20.92,85.34857142857143,1247,612,78,67,12,0.198,245,138,3
2019,50,Akure South,0,WHO_literature,2019-12-16,11.31,25.490000000000002,30.92,19.16,78.60000000000001,1247,612,78,67,12,0.198,245,138,3
2019,51,Akure South,0,WHO_literature,2019-12-23,0.33999999999999997,24.97142857142857,31.13,18.2,70.67428571428572,1247,612,78,67,12,0.198,245,138,3
2019,52,Akure South,0,WHO_literature,2019-12-30,0.0,23.551428571428573,30.49,15.87,65.45285714285714,1247,612,78,67,12,0.198,245,138,3
2020,1,Akure South,0,WHO_literature,2020-01-06,0.0,22.085714285714285,29.52,15.54,70.05714285714286,1247,612,78,67,12,0.198,245,138,3
2020,2,Akure South,0,WHO_literature,2020-01-13,0.14,24.555714285714284,30.64,18.13,75.23285714285714,1247,612,78,67,12,0.198,245,138,3
2020,3,Akure South,0,WHO_literature,2020-01-20,0.09,25.004285714285714,32.25,18.18,75.61714285714285,1247,612,78,67,12,0.198,245,138,3
2020,4,Akure South,0,WHO_literature,2020-01-27,0.0,22.777142857142856,30.98,13.07,63.614285714285714,1247,612,78,67,12,0.198,245,138,3
2020,5,Akure South,0,WHO_literature,2020-02-03,0.0,23.111428571428572,30.68,15.0,61.535714285714285,1247,612,78,67,12,0.198,245,138,3
2020,6,Akure South,0,WHO_literature,2020-02-10,0.0,24.744285714285716,31.55,16.48,73.92857142857143,1247,612,78,67,12,0.198,245,138,3
2020,7,Akure South,0,WHO_literature,2020-02-17,0.0,24.25714285714286,32.1,16.73,68.04142857142857,1247,612,78,67,12,0.198,245,138,3
2020,8,Akure South,0,WHO_literature,2020-02-24,0.0,26.62857142857143,33.45,21.84,83.41857142857144,1247,612,78,67,12,0.198,245,138,3
2020,9,Akure South,0,WHO_literature,2020-03-02,0.6799999999999999,26.55,32.05,23.02,83.99571428571429,1247,612,78,67,12,0.198,245,138,3
2020,10,Akure South,0,WHO_literature,2020-03-09,18.71,26.38,32.71,21.37,87.36285714285714,1247,612,78,67,12,0.198,245,138,3
2020,11,Akure South,0,WHO_literature,2020-03-16,43.56,26.431428571428572,31.33,22.71,89.52285714285713,1247,612,78,67,12,0.198,245,138,3
2020,12,Akure South,0,WHO_literature,2020-03-23,14.169999999999998,26.65285714285714,31.18,23.92,89.32285714285715,1247,612,78,67,12,0.198,245,138,3
2020,13,Akure South,0,WHO_literature,2020-03-30,33.23,25.73428571428571,30.8,22.31,90.36,1247,612,78,67,12,0.198,245,138,3
2020,14,Akure South,0,WHO_literature,2020-04-06,17.96,25.985714285714288,31.25,23.32,91.58142857142856,1247,612,78,67,12,0.198,245,138,3
2020,15,Akure South,0,WHO_literature,2020-04-13,30.830000000000002,25.672857142857143,31.59,21.39,88.5,1247,612,78,67,12,0.198,245,138,3
2020,16,Akure South,0,WHO_literature,2020-04-20,1.94,27.247142857142855,32.34,23.61,86.58,1247,612,78,67,12,0.198,245,138,3
2020,17,Akure South,0,WHO_literature,2020-04-27,43.78,25.69142857142857,30.02,22.83,91.54857142857144,1247,612,78,67,12,0.198,245,138,3
2020,18,Akure South,0,WHO_literature,2020-05-04,42.839999999999996,25.90285714285714,30.65,22.39,91.86,1247,612,78,67,12,0.198,245,138,3
2020,19,Akure South,1,WHO_literature,2020-05-11,22.91,26.554285714285715,31.19,23.3,89.36571428571428,1247,612,78,67,12,0.198,245,138,3
2020,20,Akure South,0,WHO_literature,2020-05-18,23.47,25.767142857142858,30.12,22.03,90.63571428571429,1247,612,78,67,12,0.198,245,138,3
2020,21,Akure South,0,WHO_literature,2020-05-25,30.11,25.68142857142857,30.57,22.71,91.49,1247,612,78,67,12,0.198,245,138,3
2020,22,Akure South,0,WHO_literature,2020-06-01,39.72,25.25857142857143,28.77,22.7,92.91571428571429,1247,612,78,67,12,0.198,245,138,3
2020,23,Akure South,1,WHO_literature,2020-06-08,58.94,25.158571428571427,29.32,22.32,92.54857142857144,1247,612,78,67,12,0.198,245,138,3
2020,24,Akure South,1,WHO_literature,2020-06-15,52.260000000000005,24.717142857142857,29.24,21.94,92.25857142857141,1247,612,78,67,12,0.198,245,138,3
2020,25,Akure South,1,WHO_literature,2020-06-22,73.98,24.827142857142857,30.04,20.85,92.44428571428571,1247,612,78,67,12,0.198,245,138,3
2020,26,Akure South,1,WHO_literature,2020-06-29,102.24,24.771428571428572,29.42,21.91,92.30714285714285,1247,612,78,67,12,0.198,245,138,3
2020,27,Akure South,0,WHO_literature,2020-07-06,116.41,24.31,28.95,21.83,92.74,1247,612,78,67,12,0.198,245,138,3
2020,28,Akure South,0,WHO_literature,2020-07-13,96.76,23.958571428571428,28.48,21.59,93.60142857142857,1247,612,78,67,12,0.198,245,138,3
2020,29,Akure South,1,WHO_literature,2020-07-20,60.69,23.602857142857143,27.81,21.32,92.61,1247,612,78,67,12,0.198,245,138,3
2020,30,Akure South,0,WHO_literature,2020-07-27,53.65,23.945714285714285,28.15,21.52,91.99571428571429,1247,612,78,67,12,0.198,245,138,3
2020,31,Akure South,0,WHO_literature,2020-08-03,28.19,23.68285714285714,28.61,20.61,90.69714285714285,1247,612,78,67,12,0.198,245,138,3
2020,32,Akure South,0,WHO_literature,2020-08-10,4.96,22.928571428571427,28.39,18.6,88.69142857142857,1247,612,78,67,12,0.198,245,138,3
2020,33,Akure South,1,WHO_literature,2020-08-17,5.05,23.49285714285714,29.51,18.16,87.96285714285715,1247,612,78,67,12,0.198,245,138,3
2020,34,Akure South,1,WHO_literature,2020-08-24,33.38,24.142857142857142,29.61,21.0,90.48428571428572,1247,612,78,67,12,0.198,245,138,3
2020,35,Akure South,0,WHO_literature,2020-08-31,21.36,23.72,28.77,20.25,90.01571428571428,1247,612,78,67,12,0.198,245,138,3
2020,36,Akure South,1,WHO_literature,2020-09-07,145.26,24.03857142857143,29.53,21.21,91.62857142857142,1247,612,78,67,12,0.198,245,138,3
2020,37,Akure South,0,WHO_literature,2020-09-14,186.18,24.274285714285718,29.83,21.08,91.81714285714285,1247,612,78,67,12,0.198,245,138,3
2020,38,Akure South,1,WHO_literature,2020-09-21,112.53,24.307142857142857,29.34,21.53,92.19428571428571,1247,612,78,67,12,0.198,245,138,3
2020,39,Akure South,0,WHO_literature,2020-09-28,77.9,24.197142857142858,28.87,21.06,92.32000000000001,1247,612,78,67,12,0.198,245,138,3
2020,40,Akure South,0,WHO_literature,2020-10-05,47.41,24.59142857142857,29.05,21.26,91.92571428571429,1247,612,78,67,12,0.198,245,138,3
2020,41,Akure South,2,WHO_literature,2020-10-12,50.66,24.259999999999998,28.68,20.35,91.24857142857142,1247,612,78,67,12,0.198,245,138,3
2020,42,Akure South,0,WHO_literature,2020-10-19,48.91,24.981428571428573,30.0,21.61,90.58857142857143,1247,612,78,67,12,0.198,245,138,3
2020,43,Akure South,0,WHO_literature,2020-10-26,22.23,25.521428571428572,30.18,22.36,90.36285714285714,1247,612,78,67,12,0.198,245,138,3
2020,44,Akure South,0,WHO_literature,2020-11-02,16.7,25.904285714285713,31.2,21.82,87.50142857142858,1247,612,78,67,12,0.198,245,138,3
2020,45,Akure South,0,WHO_literature,2020-11-09,17.919999999999998,25.63714285714286,30.66,20.96,87.26142857142858,1247,612,78,67,12,0.198,245,138,3
2020,46,Akure South,0,WHO_literature,2020-11-16,21.71,24.845714285714283,29.31,20.71,86.61142857142856,1247,612,78,67,12,0.198,245,138,3
2020,47,Akure South,1,WHO_literature,2020-11-23,4.61,25.46,30.41,20.51,83.4557142857143,1247,612,78,67,12,0.198,245,138,3
2020,48,Akure South,0,WHO_literature,2020-11-30,63.4,26.117142857142856,31.37,21.63,86.49000000000001,1247,612,78,67,12,0.198,245,138,3
2020,49,Akure South,0,WHO_literature,2020-12-07,4.05,25.877142857142854,31.42,20.45,83.18571428571428,1247,612,78,67,12,0.198,245,138,3
2020,50,Akure South,0,WHO_literature,2020-12-14,8.56,25.095714285714283,30.68,20.19,89.89,1247,612,78,67,12,0.198,245,138,3
2020,51,Akure South,0,WHO_literature,2020-12-21,13.379999999999999,25.472857142857144,30.88,22.1,89.42142857142858,1247,612,78,67,12,0.198,245,138,3
2020,52,Akure South,0,WHO_literature,2020-12-28,2.5,25.00857142857143,31.2,18.21,84.13142857142857,1247,612,78,67,12,0.198,245,138,3
2021,1,Akure South,0,WHO_literature,2021-01-04,17.94,25.87142857142857,31.68,22.06,87.97285714285714,1247,612,78,67,12,0.198,245,138,3
2021,2,Akure South,0,WHO_literature,2021-01-11,0.42000000000000004,25.665714285714284,32.03,19.54,80.72857142857143,1247,612,78,67,12,0.198,245,138,3
2021,3,Akure South,1,WHO_literature,2021-01-18,0.05,24.175714285714285,31.72,17.17,70.42857142857143,1247,612,78,67,12,0.198,245,138,3
2021,4,Akure South,1,WHO_literature,2021-01-25,2.92,25.15285714285714,31.86,18.24,85.33428571428571,1247,612,78,67,12,0.198,245,138,3
2021,5,Akure South,0,WHO_literature,2021-02-01,2.1999999999999997,25.935714285714287,31.66,21.82,85.36714285714287,1247,612,78,67,12,0.198,245,138,3
2021,6,Akure South,1,WHO_literature,2021-02-08,13.91,26.914285714285715,33.23,22.86,84.87428571428572,1247,612,78,67,12,0.198,245,138,3
2021,7,Akure South,1,WHO_literature,2021-02-15,3.05,24.34857142857143,32.04,16.63,71.33571428571429,1247,612,78,67,12,0.198,245,138,3
2021,8,Akure South,0,WHO_literature,2021-02-22,2.5,25.40142857142857,31.42,19.16,86.17714285714285,1247,612,78,67,12,0.198,245,138,3
2021,9,Akure South,1,WHO_literature,2021-03-01,1.03,26.735714285714288,33.1,22.47,85.68714285714285,1247,612,78,67,12,0.198,245,138,3
2021,10,Akure South,0,WHO_literature,2021-03-08,33.62,25.681428571428572,29.93,23.04,91.54571428571428,1247,612,78,67,12,0.198,245,138,3
2021,11,Akure South,0,WHO_literature,2021-03-15,12.83,25.014285714285712,29.84,22.39,90.80714285714285,1247,612,78,67,12,0.198,245,138,3
2021,12,Akure South,0,WHO_literature,2021-03-22,23.62,25.895714285714288,31.71,22.71,88.65857142857143,1247,612,78,67,12,0.198,245,138,3
2021,13,Akure South,2,WHO_literature,2021-03-29,1.03,26.774285714285714,31.9,23.27,85.93571428571428,1247,612,78,67,12,0.198,245,138,3
2021,14,Akure South,2,WHO_literature,2021-04-05,48.83,26.21,31.4,23.43,90.90714285714286,1247,612,78,67,12,0.198,245,138,3
2021,15,Akure South,4,WHO_literature,2021-04-12,102.19,25.284285714285716,29.6,22.73,91.28428571428572,1247,612,78,67,12,0.198,245,138,3
2021,16,Akure South,0,WHO_literature,2021-04-19,33.57,25.52857142857143,29.95,22.1,92.13571428571429,1247,612,78,67,12,0.198,245,138,3
2021,17,Akure South,0,WHO_literature,2021-04-26,12.360000000000001,26.20285714285714,30.97,23.27,90.34142857142857,1247,612,78,67,12,0.198,245,138,3
2021,18,Akure South,6,WHO_literature,2021-05-03,48.54,25.042857142857144,29.73,21.85,90.57285714285715,1247,612,78,67,12,0.198,245,138,3
2021,19,Akure South,3,WHO_literature,2021-05-10,20.5,25.568571428571428,30.25,20.66,91.41,1247,612,78,67,12,0.198,245,138,3
2021,20,Akure South,9,WHO_literature,2021-05-17,38.26,25.638571428571428,30.17,21.8,91.64,1247,612,78,67,12,0.198,245,138,3
2021,21,Akure South,3,WHO_literature,2021-05-24,38.61,25.96,30.35,23.02,92.58714285714287,1247,612,78,67,12,0.198,245,138,3
2021,22,Akure South,5,WHO_literature,2021-05-31,79.84,25.494285714285716,29.96,22.3,91.47142857142856,1247,612,78,67,12,0.198,245,138,3
2021,23,Akure South,14,WHO_literature,2021-06-07,29.44,25.417142857142856,30.29,22.33,90.3442857142857,1247,612,78,67,12,0.198,245,138,3
2021,24,Akure South,11,WHO_literature,2021-06-14,93.1,24.86285714285714,29.32,22.15,93.38714285714286,1247,612,78,67,12,0.198,245,138,3
2021,25,Akure South,11,WHO_literature,2021-06-21,53.76,24.70285714285714,28.87,21.92,90.83428571428571,1247,612,78,67,12,0.198,245,138,3
2021,26,Akure South,9,WHO_literature,2021-06-28,61.77,24.192857142857143,29.12,20.75,91.98857142857142,1247,612,78,67,12,0.198,245,138,3
2021,27,Akure South,11,WHO_literature,2021-07-05,40.33,24.255714285714287,28.69,21.52,91.8,1247,612,78,67,12,0.198,245,138,3
2021,28,Akure South,12,WHO_literature,2021-07-12,149.04,24.472857142857144,28.4,21.38,91.53571428571429,1247,612,78,67,12,0.198,245,138,3
2021,29,Akure South,9,WHO_literature,2021-07-19,41.089999999999996,24.222857142857144,29.06,20.92,90.2957142857143,1247,612,78,67,12,0.198,245,138,3
2021,30,Akure South,11,WHO_literature,2021-07-26,34.56,23.864285714285717,28.72,20.61,90.82857142857142,1247,612,78,67,12,0.198,245,138,3
2021,31,Akure South,9,WHO_literature,2021-08-02,94.53,23.974285714285713,27.98,21.5,93.60428571428572,1247,612,78,67,12,0.198,245,138,3
2021,32,Akure South,16,WHO_literature,2021-08-09,135.91,24.104285714285712,28.62,21.2,92.46142857142857,1247,612,78,67,12,0.198,245,138,3
2021,33,Akure South,18,WHO_literature,2021-08-16,113.35,23.684285714285714,27.99,21.5,93.52714285714286,1247,612,78,67,12,0.198,245,138,3
2021,34,Akure South,9,WHO_literature,2021-08-23,76.94999999999999,24.747142857142855,28.96,21.61,92.14714285714285,1247,612,78,67,12,0.198,245,138,3
2021,35,Akure South,12,WHO_literature,2021-08-30,136.68,24.541428571428572,28.99,21.67,92.15857142857143,1247,612,78,67,12,0.198,245,138,3
2021,36,Akure South,13,WHO_literature,2021-09-06,52.57,24.577142857142857,28.4,21.83,92.62714285714286,1247,612,78,67,12,0.198,245,138,3
2021,37,Akure South,19,WHO_literature,2021-09-13,45.78,24.56142857142857,28.78,21.34,92.10714285714286,1247,612,78,67,12,0.198,245,138,3
2021,38,Akure South,13,WHO_literature,2021-09-20,122.08,24.478571428571428,28.63,20.88,91.96142857142857,1247,612,78,67,12,0.198,245,138,3
2021,39,Akure South,11,WHO_literature,2021-09-27,49.76,24.822857142857142,29.1,21.87,91.92714285714285,1247,612,78,67,12,0.198,245,138,3
2021,40,Akure South,8,WHO_literature,2021-10-04,57.09,25.38,30.23,22.4,92.59571428571428,1247,612,78,67,12,0.198,245,138,3
2021,41,Akure South,8,WHO_literature,2021-10-11,46.95,25.228571428571428,29.5,22.13,92.34714285714287,1247,612,78,67,12,0.198,245,138,3
2021,42,Akure South,14,WHO_literature,2021-10-18,37.01,25.080000000000002,29.93,21.9,90.5657142857143,1247,612,78,67,12,0.198,245,138,3
2021,43,Akure South,2,WHO_literature,2021-10-25,64.07,25.534285714285716,30.16,22.16,91.12285714285714,1247,612,78,67,12,0.198,245,138,3
2021,44,Akure South,6,WHO_literature,2021-11-01,62.42,25.37,29.86,22.52,91.88428571428572,1247,612,78,67,12,0.198,245,138,3
2021,45,Akure South,1,WHO_literature,2021-11-08,142.11,25.611428571428572,29.84,22.54,91.60857142857142,1247,612,78,67,12,0.198,245,138,3
2021,46,Akure South,4,WHO_literature,2021-11-15,94.42,25.92142857142857,30.22,22.59,89.89428571428572,1247,612,78,67,12,0.198,245,138,3
2021,47,Akure South,0,NCDC_real,2021-11-22,28.29,25.717142857142857,30.33,22.56,89.74571428571429,1247,612,78,67,12,0.198,245,138,3
2021,48,Akure South,4,WHO_literature,2021-11-29,16.22,26.0,30.85,21.87,86.49142857142859,1247,612,78,67,12,0.198,245,138,3
2021,49,Akure South,0,WHO_literature,2021-12-06,4.38,25.325714285714287,30.46,19.88,82.66714285714285,1247,612,78,67,12,0.198,245,138,3
2021,50,Akure South,1,NCDC_real,2021-12-13,62.34,24.275714285714287,31.15,17.37,82.12428571428572,1247,612,78,67,12,0.198,245,138,3
2021,51,Akure South,1,WHO_literature,2021-12-20,1.98,23.645714285714284,31.14,17.07,81.0442857142857,1247,612,78,67,12,0.198,245,138,3
2021,52,Akure South,1,WHO_literature,2021-12-27,21.47,24.551428571428573,30.19,19.12,83.27571428571427,1247,612,78,67,12,0.198,245,138,3
2022,1,Akure South,0,WHO_literature,2022-01-03,16.509999999999998,24.147142857142857,30.77,17.74,78.13571428571429,1247,612,78,67,12,0.198,245,138,3
2022,2,Akure South,1,WHO_literature,2022-01-10,34.33,25.14428571428571,30.68,21.04,86.89142857142858,1247,612,78,67,12,0.198,245,138,3
2022,3,Akure South,0,WHO_literature,2022-01-17,7.239999999999999,22.544285714285714,30.37,16.23,74.93857142857142,1247,612,78,67,12,0.198,245,138,3
2022,4,Akure South,0,WHO_literature,2022-01-24,0.29,21.99285714285714,30.11,14.67,71.67714285714285,1247,612,78,67,12,0.198,245,138,3
2022,5,Akure South,1,WHO_literature,2022-01-31,0.0,22.085714285714285,29.71,13.69,66.85714285714286,1247,612,78,67,12,0.198,245,138,3
2022,6,Akure South,1,WHO_literature,2022-02-07,10.52,24.954285714285714,31.67,17.1,78.14571428571428,1247,612,78,67,12,0.198,245,138,3
2022,7,Akure South,0,WHO_literature,2022-02-14,2.7600000000000002,26.315714285714286,32.63,21.8,85.01285714285713,1247,612,78,67,12,0.198,245,138,3
2022,8,Akure South,0,WHO_literature,2022-02-21,11.28,26.572857142857142,32.29,22.22,84.40428571428572,1247,612,78,67,12,0.198,245,138,3
2022,9,Akure South,0,WHO_literature,2022-02-28,38.01,25.624285714285715,31.54,22.46,90.63285714285715,1247,612,78,67,12,0.198,245,138,3
2022,10,Akure South,0,WHO_literature,2022-03-07,21.89,26.134285714285713,30.65,22.86,90.01857142857143,1247,612,78,67,12,0.198,245,138,3
2022,11,Akure South,0,WHO_literature,2022-03-14,9.87,26.395714285714288,32.25,23.23,89.73142857142857,1247,612,78,67,12,0.198,245,138,3
2022,12,Akure South,0,WHO_literature,2022-03-21,22.75,26.5,32.52,23.43,88.98714285714286,1247,612,78,67,12,0.198,245,138,3
2022,13,Akure South,0,WHO_literature,2022-03-28,22.52,26.360000000000003,32.02,21.82,89.18285714285715,1247,612,78,67,12,0.198,245,138,3
2022,14,Akure South,1,WHO_literature,2022-04-04,36.46,25.657142857142855,30.13,21.66,91.84428571428573,1247,612,78,67,12,0.198,245,138,3
2022,15,Akure South,0,WHO_literature,2022-04-11,22.01,25.437142857142856,30.16,22.23,90.67999999999999,1247,612,78,67,12,0.198,245,138,3
2022,16,Akure South,0,WHO_literature,2022-04-18,40.96,25.494285714285716,30.42,22.66,90.63857142857144,1247,612,78,67,12,0.198,245,138,3
2022,17,Akure South,5,WHO_literature,2022-04-25,79.48,25.175714285714285,29.56,22.13,92.14285714285714,1247,612,78,67,12,0.198,245,138,3
2022,18,Akure South,0,WHO_literature,2022-05-02,22.25,25.58142857142857,29.87,22.75,91.26714285714286,1247,612,78,67,12,0.198,245,138,3
2022,19,Akure South,5,WHO_literature,2022-05-09,26.1,25.97,30.33,22.89,91.20857142857143,1247,612,78,67,12,0.198,245,138,3
2022,20,Akure South,2,WHO_literature,2022-05-16,54.19,25.41857142857143,30.18,22.69,92.85857142857142,1247,612,78,67,12,0.198,245,138,3
2022,21,Akure South,3,WHO_literature,2022-05-23,34.300000000000004,24.801428571428573,29.21,21.17,91.38285714285715,1247,612,78,67,12,0.198,245,138,3
2022,22,Akure South,4,WHO_literature,2022-05-30,60.14,25.334285714285716,29.6,22.46,91.9557142857143,1247,612,78,67,12,0.198,245,138,3
2022,23,Akure South,8,WHO_literature,2022-06-06,160.07999999999998,24.458571428571428,28.05,21.22,93.99571428571429,1247,612,78,67,12,0.198,245,138,3
2022,24,Akure South,8,WHO_literature,2022-06-13,42.16,24.46857142857143,28.62,21.51,93.66285714285713,1247,612,78,67,12,0.198,245,138,3
2022,25,Akure South,5,WHO_literature,2022-06-20,51.269999999999996,24.240000000000002,27.67,21.75,93.71142857142857,1247,612,78,67,12,0.198,245,138,3
2022,26,Akure South,4,WHO_literature,2022-06-27,62.25,24.284285714285716,28.84,21.3,91.66428571428571,1247,612,78,67,12,0.198,245,138,3
2022,27,Akure South,12,WHO_literature,2022-07-04,87.07,24.494285714285716,29.32,21.75,93.03285714285714,1247,612,78,67,12,0.198,245,138,3
2022,28,Akure South,9,WHO_literature,2022-07-11,21.77,24.505714285714284,29.01,21.7,90.83428571428571,1247,612,78,67,12,0.198,245,138,3
2022,29,Akure South,10,WHO_literature,2022-07-18,84.07,23.982857142857142,28.72,20.55,90.68571428571428,1247,612,78,67,12,0.198,245,138,3
2022,30,Akure South,9,WHO_literature,2022-07-25,61.51,23.889999999999997,27.97,21.48,92.95142857142858,1247,612,78,67,12,0.198,245,138,3
2022,31,Akure South,3,WHO_literature,2022-08-01,8.12,23.96142857142857,28.81,20.35,88.88,1247,612,78,67,12,0.198,245,138,3
2022,32,Akure South,13,WHO_literature,2022-08-08,65.5,23.844285714285714,28.34,21.17,92.4742857142857,1247,612,78,67,12,0.198,245,138,3
2022,33,Akure South,11,WHO_literature,2022-08-15,45.59,23.859999999999996,29.17,20.46,90.96142857142857,1247,612,78,67,12,0.198,245,138,3
2022,34,Akure South,12,WHO_literature,2022-08-22,76.96,23.77857142857143,27.99,20.93,92.31142857142858,1247,612,78,67,12,0.198,245,138,3
2022,35,Akure South,11,WHO_literature,2022-08-29,53.98,24.207142857142856,28.72,21.17,91.50142857142858,1247,612,78,67,12,0.198,245,138,3
2022,36,Akure South,6,WHO_literature,2022-09-05,48.32,24.40857142857143,28.98,21.55,91.41428571428571,1247,612,78,67,12,0.198,245,138,3
2022,37,Akure South,8,WHO_literature,2022-09-12,71.05,24.261428571428574,29.2,21.45,93.06428571428572,1247,612,78,67,12,0.198,245,138,3
2022,38,Akure South,8,WHO_literature,2022-09-19,92.49,24.34857142857143,28.72,21.6,92.40285714285713,1247,612,78,67,12,0.198,245,138,3
2022,39,Akure South,10,WHO_literature,2022-09-26,84.77000000000001,23.777142857142856,28.38,21.29,92.68571428571428,1247,612,78,67,12,0.198,245,138,3
2022,40,Akure South,7,WHO_literature,2022-10-03,90.56,24.754285714285714,29.2,21.09,90.83857142857143,1247,612,78,67,12,0.198,245,138,3
2022,41,Akure South,9,WHO_literature,2022-10-10,56.15,24.981428571428573,29.56,21.6,90.55857142857143,1247,612,78,67,12,0.198,245,138,3
2022,42,Akure South,1,WHO_literature,2022-10-17,51.24,25.56142857142857,30.53,22.2,90.02857142857144,1247,612,78,67,12,0.198,245,138,3
2022,43,Akure South,4,WHO_literature,2022-10-24,9.15,25.73428571428571,30.78,22.42,86.75857142857141,1247,612,78,67,12,0.198,245,138,3
2022,44,Akure South,2,WHO_literature,2022-10-31,25.72,25.398571428571426,30.14,20.37,87.16,1247,612,78,67,12,0.198,245,138,3
2022,45,Akure South,3,WHO_literature,2022-11-07,8.7,25.859999999999996,30.95,22.37,87.26714285714286,1247,612,78,67,12,0.198,245,138,3
2022,46,Akure South,2,WHO_literature,2022-11-14,2.33,25.382857142857144,30.35,21.06,85.62,1247,612,78,67,12,0.198,245,138,3
2022,47,Akure South,1,WHO_literature,2022-11-21,3.58,25.05,30.28,19.29,82.66428571428571,1247,612,78,67,12,0.198,245,138,3
2022,48,Akure South,1,WHO_literature,2022-11-28,10.32,25.34857142857143,30.11,21.39,87.10142857142857,1247,612,78,67,12,0.198,245,138,3
2022,49,Akure South,1,WHO_literature,2022-12-05,0.14,24.398571428571426,29.78,17.34,79.48857142857142,1247,612,78,67,12,0.198,245,138,3
2022,50,Akure South,1,WHO_literature,2022-12-12,15.96,24.701428571428572,30.64,20.28,89.41,1247,612,78,67,12,0.198,245,138,3
2022,51,Akure South,0,WHO_literature,2022-12-19,0.0,22.374285714285715,28.85,15.56,71.57857142857144,1247,612,78,67,12,0.198,245,138,3
2022,52,Akure South,0,WHO_literature,2022-12-26,0.0,21.86285714285714,29.29,15.04,69.03428571428572,1247,612,78,67,12,0.198,245,138,3
2023,1,Akure South,0,WHO_literature,2023-01-02,0.04,23.74142857142857,30.38,16.71,69.1542857142857,1247,612,78,67,12,0.198,245,138,3
2023,2,Akure South,0,WHO_literature,2023-01-09,0.01,22.577142857142857,30.18,14.66,64.60142857142857,1247,612,78,67,12,0.198,245,138,3
2023,3,Akure South,0,WHO_literature,2023-01-16,1.2200000000000002,24.65142857142857,31.71,16.78,76.0457142857143,1247,612,78,67,12,0.198,245,138,3
2023,4,Akure South,1,WHO_literature,2023-01-23,3.94,25.55,32.3,21.54,87.91714285714285,1247,612,78,67,12,0.198,245,138,3
2023,5,Akure South,0,WHO_literature,2023-01-30,14.3,25.695714285714285,32.32,21.72,87.45142857142856,1247,612,78,67,12,0.198,245,138,3
2023,6,Akure South,0,WHO_literature,2023-02-06,40.94,26.2,32.83,21.19,81.92714285714285,1247,612,78,67,12,0.198,245,138,3
2023,7,Akure South,0,WHO_literature,2023-02-13,0.0,23.458571428571428,30.52,16.93,65.22142857142858,1247,612,78,67,12,0.198,245,138,3
2023,8,Akure South,0,WHO_literature,2023-02-20,23.66,25.577142857142857,31.41,17.7,81.3157142857143,1247,612,78,67,12,0.198,245,138,3
2023,9,Akure South,0,WHO_literature,2023-02-27,16.96,25.83142857142857,30.07,22.59,90.13285714285715,1247,612,78,67,12,0.198,245,138,3
2023,10,Akure South,0,WHO_literature,2023-03-06,29.28,25.924285714285713,30.45,22.87,90.09714285714287,1247,612,78,67,12,0.198,245,138,3
2023,11,Akure South,0,WHO_literature,2023-03-13,34.83,25.25142857142857,30.04,22.15,89.58714285714287,1247,612,78,67,12,0.198,245,138,3
2023,12,Akure South,0,WHO_literature,2023-03-20,39.97,25.397142857142857,30.73,21.49,88.33285714285715,1247,612,78,67,12,0.198,245,138,3
2023,13,Akure South,0,WHO_literature,2023-03-27,18.48,26.07857142857143,31.06,22.64,88.08714285714287,1247,612,78,67,12,0.198,245,138,3
2023,14,Akure South,0,WHO_literature,2023-04-03,43.459999999999994,25.859999999999996,30.35,22.59,90.54714285714286,1247,612,78,67,12,0.198,245,138,3
2023,15,Akure South,0,WHO_literature,2023-04-10,27.5,25.895714285714288,30.25,22.84,91.94285714285715,1247,612,78,67,12,0.198,245,138,3
2023,16,Akure South,3,WHO_literature,2023-04-17,26.35,26.111428571428572,30.99,23.15,91.31285714285714,1247,612,78,67,12,0.198,245,138,3
2023,17,Akure South,0,WHO_literature,2023-04-24,51.32,25.345714285714283,29.6,22.69,91.63857142857144,1247,612,78,67,12,0.198,245,138,3
2023,18,Akure South,3,WHO_literature,2023-05-01,23.55,25.514285714285712,29.66,21.75,90.48714285714286,1247,612,78,67,12,0.198,245,138,3
2023,19,Akure South,1,WHO_literature,2023-05-08,30.39,25.965714285714284,29.95,23.09,92.32428571428571,1247,612,78,67,12,0.198,245,138,3
2023,20,Akure South,1,WHO_literature,2023-05-15,37.53,26.185714285714287,30.01,23.38,92.49571428571429,1247,612,78,67,12,0.198,245,138,3
2023,21,Akure South,2,WHO_literature,2023-05-22,27.07,26.01142857142857,29.84,22.9,92.50285714285714,1247,612,78,67,12,0.198,245,138,3
2023,22,Akure South,4,WHO_literature,2023-05-29,37.11,26.014285714285712,30.45,22.76,91.42,1247,612,78,67,12,0.198,245,138,3
2023,23,Akure South,5,WHO_literature,2023-06-05,159.01999999999998,24.928571428571427,29.14,22.33,93.64,1247,612,78,67,12,0.198,245,138,3
2023,24,Akure South,1,WHO_literature,2023-06-12,78.59,25.017142857142858,29.39,21.86,92.14999999999999,1247,612,78,67,12,0.198,245,138,3
2023,25,Akure South,1,WHO_literature,2023-06-19,57.879999999999995,24.731428571428573,28.65,21.7,92.13571428571429,1247,612,78,67,12,0.198,245,138,3
2023,26,Akure South,4,WHO_literature,2023-06-26,52.129999999999995,24.68,29.54,22.15,92.26428571428572,1247,612,78,67,12,0.198,245,138,3
2023,27,Akure South,3,WHO_literature,2023-07-03,59.17,24.884285714285713,29.73,22.13,92.50285714285714,1247,612,78,67,12,0.198,245,138,3
2023,28,Akure South,4,WHO_literature,2023-07-10,23.53,25.524285714285714,30.73,21.86,90.28,1247,612,78,67,12,0.198,245,138,3
2023,29,Akure South,2,WHO_literature,2023-07-17,68.42,25.07857142857143,28.95,22.65,92.82857142857142,1247,612,78,67,12,0.198,245,138,3
2023,30,Akure South,1,WHO_literature,2023-07-24,80.66,24.892857142857142,29.78,21.94,91.95285714285714,1247,612,78,67,12,0.198,245,138,3
2023,31,Akure South,8,WHO_literature,2023-07-31,24.82,24.87857142857143,29.82,21.86,90.90285714285714,1247,612,78,67,12,0.198,245,138,3
2023,32,Akure South,9,WHO_literature,2023-08-07,26.97,24.76142857142857,29.06,22.22,90.97857142857143,1247,612,78,67,12,0.198,245,138,3
2023,33,Akure South,5,WHO_literature,2023-08-14,25.8,25.051428571428573,30.18,22.02,90.62571428571428,1247,612,78,67,12,0.198,245,138,3
2023,34,Akure South,3,WHO_literature,2023-08-21,30.310000000000002,25.037142857142857,29.65,22.09,91.62857142857142,1247,612,78,67,12,0.198,245,138,3
2023,35,Akure South,4,WHO_literature,2023-08-28,111.89,24.545714285714286,28.79,21.82,92.69285714285715,1247,612,78,67,12,0.198,245,138,3
2023,36,Akure South,2,WHO_literature,2023-09-04,98.4,24.925714285714285,30.25,21.74,92.14428571428572,1247,612,78,67,12,0.198,245,138,3
2023,37,Akure South,4,WHO_literature,2023-09-11,110.8,24.987142857142857,28.97,22.6,93.3,1247,612,78,67,12,0.198,245,138,3
2023,38,Akure South,8,WHO_literature,2023-09-18,59.39,25.142857142857142,29.67,22.67,91.98571428571428,1247,612,78,67,12,0.198,245,138,3
2023,39,Akure South,5,WHO_literature,2023-09-25,63.54,25.944285714285716,30.75,22.83,90.86714285714287,1247,612,78,67,12,0.198,245,138,3
2023,40,Akure South,5,WHO_literature,2023-10-02,87.97,25.701428571428572,29.98,23.09,92.08714285714287,1247,612,78,67,12,0.198,245,138,3
2023,41,Akure South,1,WHO_literature,2023-10-09,46.93,25.58285714285714,29.65,23.07,92.82142857142857,1247,612,78,67,12,0.198,245,138,3
2023,42,Akure South,0,WHO_literature,2023-10-16,32.03,25.43285714285714,30.21,21.69,91.98571428571428,1247,612,78,67,12,0.198,245,138,3
2023,43,Akure South,1,WHO_literature,2023-10-23,8.66,25.90857142857143,30.7,22.75,90.42142857142858,1247,612,78,67,12,0.198,245,138,3
2023,44,Akure South,3,WHO_literature,2023-10-30,57.5,25.66142857142857,29.56,23.14,91.65571428571427,1247,612,78,67,12,0.198,245,138,3
2023,45,Akure South,0,WHO_literature,2023-11-06,22.7,25.835714285714285,30.23,23.17,91.45714285714287,1247,612,78,67,12,0.198,245,138,3
2023,46,Akure South,0,WHO_literature,2023-11-13,8.35,25.77285714285714,30.13,21.99,89.59285714285714,1247,612,78,67,12,0.198,245,138,3
2023,47,Akure South,0,WHO_literature,2023-11-20,30.700000000000003,25.744285714285716,31.0,22.61,91.07571428571428,1247,612,78,67,12,0.198,245,138,3
2023,48,Akure South,1,WHO_literature,2023-11-27,5.91,26.175714285714285,31.36,21.93,87.51428571428572,1247,612,78,67,12,0.198,245,138,3
2023,49,Akure South,0,WHO_literature,2023-12-04,0.64,26.27857142857143,31.38,22.12,85.76428571428572,1247,612,78,67,12,0.198,245,138,3
2023,50,Akure South,0,WHO_literature,2023-12-11,0.0,24.24142857142857,30.85,17.2,71.36428571428571,1247,612,78,67,12,0.198,245,138,3
2023,51,Akure South,0,WHO_literature,2023-12-18,0.0,24.83285714285714,30.93,18.11,74.34714285714287,1247,612,78,67,12,0.198,245,138,3
2023,52,Akure South,1,WHO_literature,2023-12-25,0.0,25.032857142857143,31.24,17.75,69.90285714285714,1247,612,78,67,12,0.198,245,138,3
2024,1,Akure South,0,WHO_literature,2024-01-01,1.0,26.45285714285714,32.06,20.28,82.73714285714286,1247,612,78,67,12,0.198,245,138,3
2024,2,Akure South,0,WHO_literature,2024-01-08,2.59,26.169999999999998,32.52,20.59,78.32142857142857,1247,612,78,67,12,0.198,245,138,3
2024,3,Akure South,1,WHO_literature,2024-01-15,0.0,23.692857142857143,31.37,15.53,58.46714285714285,1247,612,78,67,12,0.198,245,138,3
2024,4,Akure South,0,WHO_literature,2024-01-22,6.0,23.92142857142857,32.15,16.66,70.77857142857144,1247,612,78,67,12,0.198,245,138,3
2024,5,Akure South,0,WHO_literature,2024-01-29,0.0,24.87142857142857,31.14,17.68,68.14285714285714,1247,612,78,67,12,0.198,245,138,3
2024,6,Akure South,0,WHO_literature,2024-02-05,0.01,24.43857142857143,32.63,17.63,68.05428571428571,1247,612,78,67,12,0.198,245,138,3
2024,7,Akure South,0,WHO_literature,2024-02-12,0.67,26.867142857142856,33.18,22.56,84.17999999999999,1247,612,78,67,12,0.198,245,138,3
2024,8,Akure South,0,WHO_literature,2024-02-19,27.09,27.027142857142856,33.04,23.19,82.00142857142858,1247,612,78,67,12,0.198,245,138,3
2024,9,Akure South,0,WHO_literature,2024-02-26,1.3599999999999999,27.03,33.54,22.62,86.7057142857143,1247,612,78,67,12,0.198,245,138,3
2024,10,Akure South,0,WHO_literature,2024-03-04,8.5,26.81714285714286,31.55,23.52,88.7757142857143,1247,612,78,67,12,0.198,245,138,3
2024,11,Akure South,0,WHO_literature,2024-03-11,13.319999999999999,27.390000000000004,34.02,23.77,87.28999999999999,1247,612,78,67,12,0.198,245,138,3
2024,12,Akure South,0,WHO_literature,2024-03-18,4.73,27.108571428571427,32.79,24.26,88.17428571428572,1247,612,78,67,12,0.198,245,138,3
2024,13,Akure South,0,WHO_literature,2024-03-25,5.37,27.12,32.64,24.25,89.45142857142856,1247,612,78,67,12,0.198,245,138,3
2024,14,Akure South,0,WHO_literature,2024-04-01,17.68,26.944285714285716,31.66,24.25,90.52428571428571,1247,612,78,67,12,0.198,245,138,3
2024,15,Akure South,1,WHO_literature,2024-04-08,26.07,26.444285714285716,30.3,23.34,91.14714285714285,1247,612,78,67,12,0.198,245,138,3
2024,16,Akure South,0,WHO_literature,2024-04-15,6.28,26.928571428571427,31.03,24.43,90.40714285714286,1247,612,78,67,12,0.198,245,138,3
2024,17,Akure South,1,WHO_literature,2024-04-22,39.56,26.827142857142857,30.63,24.16,91.82714285714285,1247,612,78,67,12,0.198,245,138,3
2024,18,Akure South,0,WHO_literature,2024-04-29,57.19,26.464285714285715,30.59,23.49,92.78571428571429,1247,612,78,67,12,0.198,245,138,3
2024,19,Akure South,1,WHO_literature,2024-05-06,10.58,26.631428571428568,30.06,24.01,91.19428571428571,1247,612,78,67,12,0.198,245,138,3
2024,20,Akure South,2,WHO_literature,2024-05-13,35.849999999999994,26.825714285714287,31.41,23.09,89.89285714285714,1247,612,78,67,12,0.198,245,138,3
2024,21,Akure South,3,WHO_literature,2024-05-20,87.46000000000001,26.222857142857144,30.85,22.62,91.72,1247,612,78,67,12,0.198,245,138,3
2024,22,Akure South,2,WHO_literature,2024-05-27,33.63,26.02285714285714,30.28,22.77,92.61857142857143,1247,612,78,67,12,0.198,245,138,3
2024,23,Akure South,1,WHO_literature,2024-06-03,47.629999999999995,25.771428571428572,29.8,23.05,92.64142857142858,1247,612,78,67,12,0.198,245,138,3
2024,24,Akure South,1,WHO_literature,2024-06-10,55.410000000000004,25.715714285714284,29.96,22.74,91.63142857142859,1247,612,78,67,12,0.198,245,138,3
2024,25,Akure South,3,WHO_literature,2024-06-17,36.64,25.462857142857143,30.59,22.15,92.21714285714286,1247,612,78,67,12,0.198,245,138,3
2024,26,Akure South,2,WHO_literature,2024-06-24,67.02,25.15285714285714,29.08,21.74,91.66857142857143,1247,612,78,67,12,0.198,245,138,3
2024,27,Akure South,1,WHO_literature,2024-07-01,77.02000000000001,25.035714285714285,29.34,22.13,91.07857142857142,1247,612,78,67,12,0.198,245,138,3
2024,28,Akure South,2,WHO_literature,2024-07-08,43.49,25.009999999999998,29.35,21.94,90.48857142857143,1247,612,78,67,12,0.198,245,138,3
2024,29,Akure South,1,WHO_literature,2024-07-15,62.0,24.801428571428573,29.32,22.45,91.8157142857143,1247,612,78,67,12,0.198,245,138,3
2024,30,Akure South,3,WHO_literature,2024-07-22,14.389999999999999,24.8,29.41,21.98,89.89571428571428,1247,612,78,67,12,0.198,245,138,3
2024,31,Akure South,4,WHO_literature,2024-07-29,20.64,24.784285714285716,29.74,21.73,89.41428571428571,1247,612,78,67,12,0.198,245,138,3
2024,32,Akure South,3,WHO_literature,2024-08-05,3.7800000000000002,24.717142857142857,29.75,21.57,87.8157142857143,1247,612,78,67,12,0.198,245,138,3
2024,33,Akure South,6,WHO_literature,2024-08-12,6.83,24.650000000000002,29.24,21.8,88.89142857142858,1247,612,78,67,12,0.198,245,138,3
2024,34,Akure South,3,WHO_literature,2024-08-19,90.77000000000001,24.52285714285714,29.24,22.13,92.27857142857144,1247,612,78,67,12,0.198,245,138,3
2024,35,Akure South,2,WHO_literature,2024-08-26,38.26,24.818571428571428,29.76,22.04,90.71142857142857,1247,612,78,67,12,0.198,245,138,3
2024,36,Akure South,3,WHO_literature,2024-09-02,56.72,24.792857142857144,29.96,21.33,89.49428571428572,1247,612,78,67,12,0.198,245,138,3
2024,37,Akure South,5,WHO_literature,2024-09-09,88.39999999999999,24.88714285714286,29.25,22.28,92.34571428571428,1247,612,78,67,12,0.198,245,138,3
2024,38,Akure South,5,WHO_literature,2024-09-16,43.6,25.087142857142858,29.53,22.26,91.30714285714285,1247,612,78,67,12,0.198,245,138,3
2024,39,Akure South,8,WHO_literature,2024-09-23,39.16,25.065714285714286,29.42,21.83,90.15714285714286,1247,612,78,67,12,0.198,245,138,3
2024,40,Akure South,1,WHO_literature,2024-09-30,60.65,25.017142857142858,29.93,22.2,92.17142857142858,1247,612,78,67,12,0.198,245,138,3
2024,41,Akure South,0,WHO_literature,2024-10-07,43.019999999999996,25.47142857142857,30.08,22.33,89.80857142857143,1247,612,78,67,12,0.198,245,138,3
2024,42,Akure South,1,WHO_literature,2024-10-14,45.92999999999999,24.982857142857142,29.84,21.35,90.69000000000001,1247,612,78,67,12,0.198,245,138,3
2024,43,Akure South,3,WHO_literature,2024-10-21,55.22,25.669999999999998,30.8,21.9,90.92,1247,612,78,67,12,0.198,245,138,3
2024,44,Akure South,2,WHO_literature,2024-10-28,41.31,26.47,31.06,23.15,88.24142857142859,1247,612,78,67,12,0.198,245,138,3
2024,45,Akure South,0,WHO_literature,2024-11-04,11.34,25.84142857142857,30.85,21.68,86.80857142857143,1247,612,78,67,12,0.198,245,138,3
2024,46,Akure South,0,WHO_literature,2024-11-11,1.8900000000000001,26.04,31.2,20.38,82.5442857142857,1247,612,78,67,12,0.198,245,138,3
2024,47,Akure South,2,WHO_literature,2024-11-18,2.77,25.208571428571428,30.6,19.81,79.91285714285713,1247,612,78,67,12,0.198,245,138,3
2024,48,Akure South,2,WHO_literature,2024-11-25,1.0,24.195714285714285,30.09,17.0,74.18999999999998,1247,612,78,67,12,0.198,245,138,3
2024,49,Akure South,0,WHO_literature,2024-12-02,0.02,24.532857142857143,30.66,18.62,77.49142857142859,1247,612,78,67,12,0.198,245,138,3
2024,50,Akure South,0,WHO_literature,2024-12-09,0.09,24.302857142857142,30.85,16.91,73.42857142857143,1247,612,78,67,12,0.198,245,138,3
2024,51,Akure South,1,WHO_literature,2024-12-16,0.0,23.672857142857143,30.27,15.71,68.06571428571428,1247,612,78,67,12,0.198,245,138,3
2024,52,Akure South,0,WHO_literature,2024-12-23,0.0,24.14428571428571,30.93,18.43,76.39142857142858,1247,612,78,67,12,0.198,245,138,3
2018,1,Ese-Odo,0,WHO_literature,2018-01-01,0.02,21.822857142857142,29.28,13.25,66.05428571428571,85,98,28,18,52,0.512,12,8,1
2018,2,Ese-Odo,0,WHO_literature,2018-01-08,0.21,25.72142857142857,31.35,18.15,83.20714285714287,85,98,28,18,52,0.512,12,8,1
2018,3,Ese-Odo,2,WHO_literature,2018-01-15,0.02,26.06714285714286,31.84,20.81,79.46571428571428,85,98,28,18,52,0.512,12,8,1
2018,4,Ese-Odo,0,WHO_literature,2018-01-22,0.02,24.35571428571429,31.63,16.29,66.88428571428571,85,98,28,18,52,0.512,12,8,1
2018,5,Ese-Odo,0,WHO_literature,2018-01-29,0.11,26.198571428571427,33.7,18.06,74.96000000000001,85,98,28,18,52,0.512,12,8,1
2018,6,Ese-Odo,0,WHO_literature,2018-02-05,32.66,27.312857142857144,32.94,23.65,88.61857142857143,85,98,28,18,52,0.512,12,8,1
2018,7,Ese-Odo,2,WHO_literature,2018-02-12,5.5,27.132857142857144,33.11,23.03,86.40285714285713,85,98,28,18,52,0.512,12,8,1
2018,8,Ese-Odo,0,WHO_literature,2018-02-19,28.79,26.10571428571429,31.88,23.02,90.10857142857142,85,98,28,18,52,0.512,12,8,1
2018,9,Ese-Odo,0,WHO_literature,2018-02-26,7.569999999999999,26.57,31.71,23.34,88.36428571428571,85,98,28,18,52,0.512,12,8,1
2018,10,Ese-Odo,1,WHO_literature,2018-03-05,16.97,26.71,31.89,23.39,88.18857142857142,85,98,28,18,52,0.512,12,8,1
2018,11,Ese-Odo,0,WHO_literature,2018-03-12,52.0,26.74142857142857,31.71,23.8,90.55428571428571,85,98,28,18,52,0.512,12,8,1
2018,12,Ese-Odo,0,WHO_literature,2018-03-19,46.519999999999996,26.184285714285714,30.39,23.26,89.96285714285715,85,98,28,18,52,0.512,12,8,1
2018,13,Ese-Odo,0,WHO_literature,2018-03-26,12.870000000000001,26.74285714285714,30.97,23.96,90.80571428571429,85,98,28,18,52,0.512,12,8,1
2018,14,Ese-Odo,3,WHO_literature,2018-04-02,11.68,26.532857142857143,31.17,23.8,90.69285714285715,85,98,28,18,52,0.512,12,8,1
2018,15,Ese-Odo,0,WHO_literature,2018-04-09,13.260000000000002,26.462857142857143,31.89,23.37,89.05142857142857,85,98,28,18,52,0.512,12,8,1
2018,16,Ese-Odo,1,WHO_literature,2018-04-16,38.97,26.72714285714286,31.3,23.68,89.72428571428573,85,98,28,18,52,0.512,12,8,1
2018,17,Ese-Odo,3,WHO_literature,2018-04-23,24.02,26.56714285714286,30.82,23.69,90.62285714285714,85,98,28,18,52,0.512,12,8,1
2018,18,Ese-Odo,2,WHO_literature,2018-04-30,13.36,26.83857142857143,31.26,23.85,89.76857142857143,85,98,28,18,52,0.512,12,8,1
2018,19,Ese-Odo,7,WHO_literature,2018-05-07,64.3,25.812857142857144,29.87,23.0,92.02,85,98,28,18,52,0.512,12,8,1
2018,20,Ese-Odo,6,WHO_literature,2018-05-14,23.85,26.139999999999997,30.25,23.25,90.83285714285715,85,98,28,18,52,0.512,12,8,1
2018,21,Ese-Odo,5,WHO_literature,2018-05-21,46.95,26.02857142857143,29.78,23.34,91.89714285714285,85,98,28,18,52,0.512,12,8,1
2018,22,Ese-Odo,8,WHO_literature,2018-05-28,80.91999999999999,25.821428571428573,30.18,23.48,92.7057142857143,85,98,28,18,52,0.512,12,8,1
2018,23,Ese-Odo,3,WHO_literature,2018-06-04,53.54,25.59714285714286,29.76,22.54,93.07142857142857,85,98,28,18,52,0.512,12,8,1
2018,24,Ese-Odo,9,WHO_literature,2018-06-11,74.68,26.06,30.35,22.27,90.93571428571428,85,98,28,18,52,0.512,12,8,1
2018,25,Ese-Odo,14,WHO_literature,2018-06-18,207.78,24.667142857142856,29.47,22.2,92.72285714285714,85,98,28,18,52,0.512,12,8,1
2018,26,Ese-Odo,4,WHO_literature,2018-06-25,164.63,24.78142857142857,28.75,22.09,92.33142857142857,85,98,28,18,52,0.512,12,8,1
2018,27,Ese-Odo,8,WHO_literature,2018-07-02,53.16,25.115714285714287,29.82,22.16,92.05,85,98,28,18,52,0.512,12,8,1
2018,28,Ese-Odo,2,WHO_literature,2018-07-09,62.43,25.185714285714287,29.36,22.61,91.92,85,98,28,18,52,0.512,12,8,1
2018,29,Ese-Odo,5,WHO_literature,2018-07-16,71.33,25.03142857142857,29.33,22.67,92.64571428571428,85,98,28,18,52,0.512,12,8,1
2018,30,Ese-Odo,7,WHO_literature,2018-07-23,123.17999999999999,25.102857142857143,29.71,22.45,92.52714285714286,85,98,28,18,52,0.512,12,8,1
2018,31,Ese-Odo,6,WHO_literature,2018-07-30,20.32,24.27285714285714,28.93,21.08,90.64857142857143,85,98,28,18,52,0.512,12,8,1
2018,32,Ese-Odo,9,WHO_literature,2018-08-06,21.03,24.664285714285715,29.03,21.55,91.45142857142856,85,98,28,18,52,0.512,12,8,1
2018,33,Ese-Odo,6,WHO_literature,2018-08-13,47.45,24.638571428571428,29.16,21.85,92.83142857142857,85,98,28,18,52,0.512,12,8,1
2018,34,Ese-Odo,4,WHO_literature,2018-08-20,60.480000000000004,24.55857142857143,30.05,21.0,92.10285714285715,85,98,28,18,52,0.512,12,8,1
2018,35,Ese-Odo,11,WHO_literature,2018-08-27,138.04,25.002857142857145,29.25,21.99,92.22714285714285,85,98,28,18,52,0.512,12,8,1
2018,36,Ese-Odo,9,WHO_literature,2018-09-03,77.73,24.791428571428572,28.59,22.68,93.75714285714285,85,98,28,18,52,0.512,12,8,1
2018,37,Ese-Odo,7,WHO_literature,2018-09-10,53.93,25.21857142857143,29.93,22.42,91.47857142857143,85,98,28,18,52,0.512,12,8,1
2018,38,Ese-Odo,9,WHO_literature,2018-09-17,55.730000000000004,25.787142857142857,31.04,22.99,91.53999999999999,85,98,28,18,52,0.512,12,8,1
2018,39,Ese-Odo,5,WHO_literature,2018-09-24,57.879999999999995,25.412857142857142,30.2,22.96,91.9057142857143,85,98,28,18,52,0.512,12,8,1
2018,40,Ese-Odo,8,WHO_literature,2018-10-01,56.64,25.595714285714283,30.02,22.81,91.48857142857142,85,98,28,18,52,0.512,12,8,1
2018,41,Ese-Odo,6,WHO_literature,2018-10-08,49.76,25.244285714285716,29.89,21.87,92.27857142857144,85,98,28,18,52,0.512,12,8,1
2018,42,Ese-Odo,5,WHO_literature,2018-10-15,69.82,25.774285714285718,30.98,22.48,91.30142857142857,85,98,28,18,52,0.512,12,8,1
2018,43,Ese-Odo,9,WHO_literature,2018-10-22,30.68,26.37142857142857,30.49,23.28,90.35714285714286,85,98,28,18,52,0.512,12,8,1
2018,44,Ese-Odo,5,WHO_literature,2018-10-29,100.61,26.10571428571429,30.06,23.4,92.75428571428571,85,98,28,18,52,0.512,12,8,1
2018,45,Ese-Odo,2,WHO_literature,2018-11-05,52.36,26.424285714285713,31.1,22.91,89.99000000000001,85,98,28,18,52,0.512,12,8,1
2018,46,Ese-Odo,2,WHO_literature,2018-11-12,43.92,26.84142857142857,31.5,23.88,89.30285714285715,85,98,28,18,52,0.512,12,8,1
2018,47,Ese-Odo,5,WHO_literature,2018-11-19,43.63,26.975714285714286,31.8,23.46,88.30857142857144,85,98,28,18,52,0.512,12,8,1
2018,48,Ese-Odo,4,WHO_literature,2018-11-26,0.59,26.97142857142857,32.06,22.87,87.66285714285713,85,98,28,18,52,0.512,12,8,1
2018,49,Ese-Odo,1,WHO_literature,2018-12-03,0.05,26.104285714285712,30.82,19.11,81.23,85,98,28,18,52,0.512,12,8,1
2018,50,Ese-Odo,0,WHO_literature,2018-12-10,2.38,26.592857142857145,31.76,21.73,82.82571428571428,85,98,28,18,52,0.512,12,8,1
2018,51,Ese-Odo,0,WHO_literature,2018-12-17,0.0,25.052857142857142,32.11,17.72,72.09142857142857,85,98,28,18,52,0.512,12,8,1
2018,52,Ese-Odo,0,WHO_literature,2018-12-24,0.0,24.574285714285715,31.05,17.31,69.18285714285715,85,98,28,18,52,0.512,12,8,1
2019,1,Ese-Odo,0,WHO_literature,2019-01-07,0.0,24.28142857142857,30.84,18.03,70.39142857142858,85,98,28,18,52,0.512,12,8,1
2019,2,Ese-Odo,2,WHO_literature,2019-01-14,0.0,24.904285714285713,30.58,17.32,76.48,85,98,28,18,52,0.512,12,8,1
2019,3,Ese-Odo,0,WHO_literature,2019-01-21,7.15,26.812857142857144,31.56,23.22,86.81857142857143,85,98,28,18,52,0.512,12,8,1
2019,4,Ese-Odo,0,WHO_literature,2019-01-28,8.06,26.768571428571427,32.38,23.17,87.45857142857143,85,98,28,18,52,0.512,12,8,1
2019,5,Ese-Odo,0,WHO_literature,2019-02-04,23.580000000000002,26.84,32.31,23.35,88.14285714285714,85,98,28,18,52,0.512,12,8,1
2019,6,Ese-Odo,0,WHO_literature,2019-02-11,8.389999999999999,26.217142857142857,31.23,20.63,75.78142857142858,85,98,28,18,52,0.512,12,8,1
2019,7,Ese-Odo,1,WHO_literature,2019-02-18,0.25,25.997142857142855,33.04,19.09,74.73142857142857,85,98,28,18,52,0.512,12,8,1
2019,8,Ese-Odo,0,WHO_literature,2019-02-25,12.22,26.81,32.17,22.66,89.22428571428573,85,98,28,18,52,0.512,12,8,1
2019,9,Ese-Odo,1,WHO_literature,2019-03-04,27.77,26.31714285714286,31.65,23.21,88.01285714285714,85,98,28,18,52,0.512,12,8,1
2019,10,Ese-Odo,0,WHO_literature,2019-03-11,49.61,26.712857142857143,31.26,23.73,89.44142857142857,85,98,28,18,52,0.512,12,8,1
2019,11,Ese-Odo,0,WHO_literature,2019-03-18,9.7,27.424285714285713,33.24,24.15,88.17428571428572,85,98,28,18,52,0.512,12,8,1
2019,12,Ese-Odo,0,WHO_literature,2019-03-25,17.04,27.10571428571429,32.16,23.88,90.22571428571429,85,98,28,18,52,0.512,12,8,1
2019,13,Ese-Odo,1,WHO_literature,2019-04-01,0.37,27.247142857142855,31.9,23.74,89.28428571428572,85,98,28,18,52,0.512,12,8,1
2019,14,Ese-Odo,0,WHO_literature,2019-04-08,12.71,27.59714285714286,32.21,24.7,89.20142857142856,85,98,28,18,52,0.512,12,8,1
2019,15,Ese-Odo,0,WHO_literature,2019-04-15,34.79,26.744285714285716,31.1,23.86,90.60000000000001,85,98,28,18,52,0.512,12,8,1
2019,16,Ese-Odo,2,WHO_literature,2019-04-22,1.18,27.147142857142857,32.5,22.58,89.03,85,98,28,18,52,0.512,12,8,1
2019,17,Ese-Odo,3,WHO_literature,2019-04-29,8.16,27.368571428571425,31.92,24.69,90.16285714285713,85,98,28,18,52,0.512,12,8,1
2019,18,Ese-Odo,0,WHO_literature,2019-05-06,18.310000000000002,27.12142857142857,31.22,24.66,91.41857142857144,85,98,28,18,52,0.512,12,8,1
2019,19,Ese-Odo,3,WHO_literature,2019-05-13,46.69,27.052857142857142,31.12,23.87,90.36857142857143,85,98,28,18,52,0.512,12,8,1
2019,20,Ese-Odo,2,WHO_literature,2019-05-20,31.89,26.478571428571428,31.48,23.13,89.26571428571428,85,98,28,18,52,0.512,12,8,1
2019,21,Ese-Odo,4,WHO_literature,2019-05-27,121.86,26.292857142857144,30.43,23.53,92.73714285714286,85,98,28,18,52,0.512,12,8,1
2019,22,Ese-Odo,1,WHO_literature,2019-06-03,74.49,25.934285714285714,29.72,23.7,92.32000000000001,85,98,28,18,52,0.512,12,8,1
2019,23,Ese-Odo,5,WHO_literature,2019-06-10,65.45,25.987142857142857,30.34,23.48,92.20571428571428,85,98,28,18,52,0.512,12,8,1
2019,24,Ese-Odo,11,WHO_literature,2019-06-17,36.37,26.055714285714284,30.24,23.17,89.83857142857143,85,98,28,18,52,0.512,12,8,1
2019,25,Ese-Odo,1,WHO_literature,2019-06-24,42.51,25.957142857142856,30.93,23.55,92.21142857142857,85,98,28,18,52,0.512,12,8,1
2019,26,Ese-Odo,7,WHO_literature,2019-07-01,236.08,25.46142857142857,29.56,22.75,90.84285714285714,85,98,28,18,52,0.512,12,8,1
2019,27,Ese-Odo,1,WHO_literature,2019-07-08,32.99,25.59857142857143,30.12,23.15,92.09571428571428,85,98,28,18,52,0.512,12,8,1
2019,28,Ese-Odo,3,WHO_literature,2019-07-15,92.58,24.71142857142857,29.38,21.94,91.95142857142856,85,98,28,18,52,0.512,12,8,1
2019,29,Ese-Odo,5,WHO_literature,2019-07-22,62.42,24.98,29.51,22.32,92.25571428571428,85,98,28,18,52,0.512,12,8,1
2019,30,Ese-Odo,6,WHO_literature,2019-07-29,69.74,25.027142857142856,28.89,22.63,92.73142857142857,85,98,28,18,52,0.512,12,8,1
2019,31,Ese-Odo,8,WHO_literature,2019-08-05,64.43,24.852857142857143,29.27,22.5,92.42,85,98,28,18,52,0.512,12,8,1
2019,32,Ese-Odo,2,WHO_literature,2019-08-12,66.03999999999999,24.56142857142857,29.46,22.37,93.03428571428572,85,98,28,18,52,0.512,12,8,1
2019,33,Ese-Odo,3,WHO_literature,2019-08-19,22.09,25.150000000000002,29.61,22.16,90.77571428571427,85,98,28,18,52,0.512,12,8,1
2019,34,Ese-Odo,8,WHO_literature,2019-08-26,183.2,24.81,29.27,21.87,92.5442857142857,85,98,28,18,52,0.512,12,8,1
2019,35,Ese-Odo,6,WHO_literature,2019-09-02,85.39,24.93,28.29,21.84,92.30428571428571,85,98,28,18,52,0.512,12,8,1
2019,36,Ese-Odo,7,WHO_literature,2019-09-09,71.18,25.222857142857144,29.64,23.04,93.29857142857144,85,98,28,18,52,0.512,12,8,1
2019,37,Ese-Odo,9,WHO_literature,2019-09-16,86.65,25.175714285714285,29.32,22.45,92.53285714285714,85,98,28,18,52,0.512,12,8,1
2019,38,Ese-Odo,2,WHO_literature,2019-09-23,143.46,25.52857142857143,30.24,22.59,92.40142857142857,85,98,28,18,52,0.512,12,8,1
2019,39,Ese-Odo,8,WHO_literature,2019-09-30,93.95,25.125714285714285,29.13,22.03,92.82428571428571,85,98,28,18,52,0.512,12,8,1
2019,40,Ese-Odo,5,WHO_literature,2019-10-07,280.27,25.17142857142857,29.75,22.37,90.93857142857144,85,98,28,18,52,0.512,12,8,1
2019,41,Ese-Odo,3,WHO_literature,2019-10-14,66.92,25.064285714285713,29.69,22.28,93.0257142857143,85,98,28,18,52,0.512,12,8,1
2019,42,Ese-Odo,5,WHO_literature,2019-10-21,52.74,25.27,29.64,21.83,91.31285714285715,85,98,28,18,52,0.512,12,8,1
2019,43,Ese-Odo,3,WHO_literature,2019-10-28,70.16,25.798571428571428,30.62,22.91,90.36428571428571,85,98,28,18,52,0.512,12,8,1
2019,44,Ese-Odo,2,WHO_literature,2019-11-04,65.52,25.735714285714288,29.58,22.47,90.67285714285715,85,98,28,18,52,0.512,12,8,1
2019,45,Ese-Odo,2,WHO_literature,2019-11-11,45.53,26.447142857142858,31.16,23.02,90.46285714285715,85,98,28,18,52,0.512,12,8,1
2019,46,Ese-Odo,5,WHO_literature,2019-11-18,35.45,26.24857142857143,30.84,23.25,91.42285714285715,85,98,28,18,52,0.512,12,8,1
2019,47,Ese-Odo,3,WHO_literature,2019-11-25,19.32,26.714285714285715,31.83,23.46,90.01571428571428,85,98,28,18,52,0.512,12,8,1
2019,48,Ese-Odo,3,WHO_literature,2019-12-02,4.28,27.085714285714285,31.76,23.57,87.13428571428572,85,98,28,18,52,0.512,12,8,1
2019,49,Ese-Odo,0,WHO_literature,2019-12-09,16.82,26.724285714285713,31.58,23.04,86.60000000000001,85,98,28,18,52,0.512,12,8,1
2019,50,Ese-Odo,0,WHO_literature,2019-12-16,12.35,26.465714285714284,31.95,19.79,76.85857142857142,85,98,28,18,52,0.512,12,8,1
2019,51,Ese-Odo,0,WHO_literature,2019-12-23,0.72,25.88714285714286,31.58,18.79,73.4742857142857,85,98,28,18,52,0.512,12,8,1
2019,52,Ese-Odo,1,WHO_literature,2019-12-30,0.0,24.397142857142857,30.67,16.89,66.28571428571429,85,98,28,18,52,0.512,12,8,1
2020,1,Ese-Odo,0,WHO_literature,2020-01-06,0.0,23.235714285714288,30.58,15.7,69.46571428571428,85,98,28,18,52,0.512,12,8,1
2020,2,Ese-Odo,0,WHO_literature,2020-01-13,0.16,25.37714285714286,30.9,18.53,76.97428571428573,85,98,28,18,52,0.512,12,8,1
2020,3,Ese-Odo,0,WHO_literature,2020-01-20,0.15,26.071428571428573,32.67,18.04,78.9557142857143,85,98,28,18,52,0.512,12,8,1
2020,4,Ese-Odo,0,WHO_literature,2020-01-27,0.0,23.864285714285717,31.76,13.58,66.41428571428571,85,98,28,18,52,0.512,12,8,1
2020,5,Ese-Odo,0,WHO_literature,2020-02-03,0.0,24.205714285714286,30.84,16.07,62.25,85,98,28,18,52,0.512,12,8,1
2020,6,Ese-Odo,0,WHO_literature,2020-02-10,0.0,26.361428571428572,32.6,18.77,76.55571428571429,85,98,28,18,52,0.512,12,8,1
2020,7,Ese-Odo,0,WHO_literature,2020-02-17,0.0,25.47,31.89,17.73,70.89142857142858,85,98,28,18,52,0.512,12,8,1
2020,8,Ese-Odo,0,WHO_literature,2020-02-24,0.0,27.655714285714286,33.26,23.85,85.29857142857144,85,98,28,18,52,0.512,12,8,1
2020,9,Ese-Odo,0,WHO_literature,2020-03-02,0.91,27.67142857142857,32.6,23.77,82.0657142857143,85,98,28,18,52,0.512,12,8,1
2020,10,Ese-Odo,0,WHO_literature,2020-03-09,25.810000000000002,27.275714285714287,32.8,22.77,86.34285714285714,85,98,28,18,52,0.512,12,8,1
2020,11,Ese-Odo,0,WHO_literature,2020-03-16,77.78,27.518571428571427,32.53,24.19,88.94857142857143,85,98,28,18,52,0.512,12,8,1
2020,12,Ese-Odo,0,WHO_literature,2020-03-23,24.37,27.5,32.01,24.24,89.4542857142857,85,98,28,18,52,0.512,12,8,1
2020,13,Ese-Odo,0,WHO_literature,2020-03-30,58.75,26.614285714285717,31.5,23.28,90.42142857142858,85,98,28,18,52,0.512,12,8,1
2020,14,Ese-Odo,0,WHO_literature,2020-04-06,25.66,27.157142857142855,33.55,24.15,89.98285714285714,85,98,28,18,52,0.512,12,8,1
2020,15,Ese-Odo,0,WHO_literature,2020-04-13,42.28,26.927142857142858,32.6,22.28,87.23,85,98,28,18,52,0.512,12,8,1
2020,16,Ese-Odo,0,WHO_literature,2020-04-20,0.66,27.64428571428571,32.17,24.29,88.64,85,98,28,18,52,0.512,12,8,1
2020,17,Ese-Odo,0,WHO_literature,2020-04-27,51.57,26.45285714285714,31.34,23.48,91.47428571428573,85,98,28,18,52,0.512,12,8,1
2020,18,Ese-Odo,0,WHO_literature,2020-05-04,64.92999999999999,26.91857142857143,31.36,23.37,91.09714285714287,85,98,28,18,52,0.512,12,8,1
2020,19,Ese-Odo,1,WHO_literature,2020-05-11,26.55,27.208571428571428,32.16,24.13,89.29857142857144,85,98,28,18,52,0.512,12,8,1
2020,20,Ese-Odo,1,WHO_literature,2020-05-18,30.02,26.81142857142857,31.44,23.56,89.55857142857143,85,98,28,18,52,0.512,12,8,1
2020,21,Ese-Odo,0,WHO_literature,2020-05-25,32.72,26.307142857142857,31.41,23.34,91.21142857142857,85,98,28,18,52,0.512,12,8,1
2020,22,Ese-Odo,0,WHO_literature,2020-06-01,38.47,26.282857142857143,30.93,23.48,91.78857142857143,85,98,28,18,52,0.512,12,8,1
2020,23,Ese-Odo,3,WHO_literature,2020-06-08,76.08,26.037142857142857,29.86,23.19,91.49857142857142,85,98,28,18,52,0.512,12,8,1
2020,24,Ese-Odo,0,WHO_literature,2020-06-15,82.02,25.474285714285713,29.71,22.4,91.67428571428572,85,98,28,18,52,0.512,12,8,1
2020,25,Ese-Odo,3,WHO_literature,2020-06-22,57.95,25.71857142857143,30.72,22.52,91.27285714285713,85,98,28,18,52,0.512,12,8,1
2020,26,Ese-Odo,0,WHO_literature,2020-06-29,117.42,25.33142857142857,30.0,22.19,91.79142857142857,85,98,28,18,52,0.512,12,8,1
2020,27,Ese-Odo,1,WHO_literature,2020-07-06,134.92,25.18857142857143,29.75,22.62,91.86285714285714,85,98,28,18,52,0.512,12,8,1
2020,28,Ese-Odo,1,WHO_literature,2020-07-13,128.9,24.67142857142857,28.63,21.9,93.38285714285713,85,98,28,18,52,0.512,12,8,1
2020,29,Ese-Odo,2,WHO_literature,2020-07-20,66.47,24.435714285714287,28.22,21.82,92.73,85,98,28,18,52,0.512,12,8,1
2020,30,Ese-Odo,2,WHO_literature,2020-07-27,66.41,24.642857142857142,28.47,22.27,92.81857142857143,85,98,28,18,52,0.512,12,8,1
2020,31,Ese-Odo,0,WHO_literature,2020-08-03,24.72,24.285714285714285,29.04,21.25,91.34,85,98,28,18,52,0.512,12,8,1
2020,32,Ese-Odo,1,WHO_literature,2020-08-10,2.5,23.525714285714287,28.75,19.17,88.99,85,98,28,18,52,0.512,12,8,1
2020,33,Ese-Odo,1,WHO_literature,2020-08-17,2.8200000000000003,24.135714285714283,29.99,19.34,87.80428571428571,85,98,28,18,52,0.512,12,8,1
2020,34,Ese-Odo,0,WHO_literature,2020-08-24,40.129999999999995,24.77285714285714,30.26,21.19,90.14857142857143,85,98,28,18,52,0.512,12,8,1
2020,35,Ese-Odo,1,WHO_literature,2020-08-31,33.65,24.425714285714285,29.85,20.9,89.48714285714286,85,98,28,18,52,0.512,12,8,1
2020,36,Ese-Odo,0,WHO_literature,2020-09-07,75.91,24.798571428571428,29.88,22.06,91.05285714285715,85,98,28,18,52,0.512,12,8,1
2020,37,Ese-Odo,1,WHO_literature,2020-09-14,97.80000000000001,24.791428571428572,30.29,21.84,91.59714285714286,85,98,28,18,52,0.512,12,8,1
2020,38,Ese-Odo,3,WHO_literature,2020-09-21,100.75999999999999,25.02857142857143,29.81,22.28,91.57142857142857,85,98,28,18,52,0.512,12,8,1
2020,39,Ese-Odo,0,WHO_literature,2020-09-28,135.92000000000002,24.99142857142857,29.91,21.91,91.53142857142858,85,98,28,18,52,0.512,12,8,1
2020,40,Ese-Odo,1,WHO_literature,2020-10-05,43.24,25.207142857142856,30.2,22.08,91.75285714285714,85,98,28,18,52,0.512,12,8,1
2020,41,Ese-Odo,0,WHO_literature,2020-10-12,44.88,25.101428571428574,29.43,21.61,91.10857142857142,85,98,28,18,52,0.512,12,8,1
2020,42,Ese-Odo,1,WHO_literature,2020-10-19,69.0,25.407142857142855,30.67,22.27,90.64571428571428,85,98,28,18,52,0.512,12,8,1
2020,43,Ese-Odo,0,WHO_literature,2020-10-26,28.5,26.055714285714284,30.38,23.16,90.47857142857143,85,98,28,18,52,0.512,12,8,1
2020,44,Ese-Odo,2,WHO_literature,2020-11-02,83.48,26.388571428571428,31.28,23.1,89.8,85,98,28,18,52,0.512,12,8,1
2020,45,Ese-Odo,2,WHO_literature,2020-11-09,27.67,26.451428571428572,30.94,22.76,87.90714285714286,85,98,28,18,52,0.512,12,8,1
2020,46,Ese-Odo,0,WHO_literature,2020-11-16,30.24,26.431428571428572,30.88,22.8,84.51142857142858,85,98,28,18,52,0.512,12,8,1
2020,47,Ese-Odo,0,WHO_literature,2020-11-23,21.330000000000002,26.797142857142855,31.16,23.27,83.82714285714285,85,98,28,18,52,0.512,12,8,1
2020,48,Ese-Odo,0,WHO_literature,2020-11-30,166.64,27.02857142857143,31.76,22.95,86.39285714285714,85,98,28,18,52,0.512,12,8,1
2020,49,Ese-Odo,0,WHO_literature,2020-12-07,13.32,26.891428571428573,31.95,22.61,85.63714285714286,85,98,28,18,52,0.512,12,8,1
2020,50,Ese-Odo,0,WHO_literature,2020-12-14,11.93,25.837142857142858,31.4,21.03,91.17999999999999,85,98,28,18,52,0.512,12,8,1
2020,51,Ese-Odo,1,WHO_literature,2020-12-21,21.09,26.334285714285716,30.66,23.29,89.21428571428571,85,98,28,18,52,0.512,12,8,1
2020,52,Ese-Odo,0,WHO_literature,2020-12-28,1.9700000000000002,26.19,31.0,21.35,87.57142857142857,85,98,28,18,52,0.512,12,8,1
2021,1,Ese-Odo,1,WHO_literature,2021-01-04,55.32,26.49857142857143,31.35,23.68,90.72285714285714,85,98,28,18,52,0.512,12,8,1
2021,2,Ese-Odo,0,WHO_literature,2021-01-11,2.24,26.79,32.11,22.78,85.3442857142857,85,98,28,18,52,0.512,12,8,1
2021,3,Ese-Odo,0,WHO_literature,2021-01-18,0.11,25.574285714285715,31.88,18.67,72.1542857142857,85,98,28,18,52,0.512,12,8,1
2021,4,Ese-Odo,2,WHO_literature,2021-01-25,7.68,26.361428571428572,31.48,21.93,87.51857142857143,85,98,28,18,52,0.512,12,8,1
2021,5,Ese-Odo,1,WHO_literature,2021-02-01,1.97,26.77857142857143,31.84,22.94,86.12285714285714,85,98,28,18,52,0.512,12,8,1
2021,6,Ese-Odo,1,WHO_literature,2021-02-08,24.06,27.505714285714284,33.02,23.97,87.46428571428571,85,98,28,18,52,0.512,12,8,1
2021,7,Ese-Odo,1,WHO_literature,2021-02-15,2.21,25.18,31.07,17.31,70.10714285714286,85,98,28,18,52,0.512,12,8,1
2021,8,Ese-Odo,1,WHO_literature,2021-02-22,6.55,26.358571428571427,31.56,21.32,87.43142857142857,85,98,28,18,52,0.512,12,8,1
2021,9,Ese-Odo,2,WHO_literature,2021-03-01,2.92,27.495714285714286,31.99,24.15,87.67428571428572,85,98,28,18,52,0.512,12,8,1
2021,10,Ese-Odo,2,WHO_literature,2021-03-08,61.129999999999995,26.554285714285715,31.27,24.04,91.57857142857142,85,98,28,18,52,0.512,12,8,1
2021,11,Ese-Odo,1,WHO_literature,2021-03-15,16.130000000000003,25.99285714285714,30.54,23.04,89.30428571428571,85,98,28,18,52,0.512,12,8,1
2021,12,Ese-Odo,0,WHO_literature,2021-03-22,31.56,26.495714285714286,32.15,23.41,88.24857142857142,85,98,28,18,52,0.512,12,8,1
2021,13,Ese-Odo,1,WHO_literature,2021-03-29,1.23,27.31714285714286,32.44,23.86,87.38285714285715,85,98,28,18,52,0.512,12,8,1
2021,14,Ese-Odo,5,WHO_literature,2021-04-05,72.71000000000001,26.794285714285714,31.35,24.22,91.76142857142858,85,98,28,18,52,0.512,12,8,1
2021,15,Ese-Odo,8,WHO_literature,2021-04-12,163.28,26.36285714285714,31.0,22.91,90.25,85,98,28,18,52,0.512,12,8,1
2021,16,Ese-Odo,8,WHO_literature,2021-04-19,71.63,26.46,30.42,23.85,92.09,85,98,28,18,52,0.512,12,8,1
2021,17,Ese-Odo,5,WHO_literature,2021-04-26,23.490000000000002,26.767142857142858,31.46,24.16,91.62,85,98,28,18,52,0.512,12,8,1
2021,18,Ese-Odo,5,WHO_literature,2021-05-03,46.11,25.74285714285714,30.16,23.09,91.18285714285715,85,98,28,18,52,0.512,12,8,1
2021,19,Ese-Odo,12,WHO_literature,2021-05-10,19.53,26.310000000000002,30.36,22.81,91.64999999999999,85,98,28,18,52,0.512,12,8,1
2021,20,Ese-Odo,19,WHO_literature,2021-05-17,43.92,26.267142857142858,29.86,23.14,92.03714285714285,85,98,28,18,52,0.512,12,8,1
2021,21,Ese-Odo,13,WHO_literature,2021-05-24,51.4,26.534285714285716,30.1,24.21,93.39142857142858,85,98,28,18,52,0.512,12,8,1
2021,22,Ese-Odo,18,WHO_literature,2021-05-31,94.43,26.23,30.33,23.16,91.58571428571429,85,98,28,18,52,0.512,12,8,1
2021,23,Ese-Odo,31,WHO_literature,2021-06-07,26.89,26.20285714285714,31.91,23.29,89.76428571428572,85,98,28,18,52,0.512,12,8,1
2021,24,Ese-Odo,32,WHO_literature,2021-06-14,129.77,25.564285714285713,29.63,22.93,93.09,85,98,28,18,52,0.512,12,8,1
2021,25,Ese-Odo,17,WHO_literature,2021-06-21,48.64,25.208571428571428,29.65,22.48,92.11,85,98,28,18,52,0.512,12,8,1
2021,26,Ese-Odo,31,WHO_literature,2021-06-28,69.28,25.02857142857143,29.39,21.94,91.68714285714285,85,98,28,18,52,0.512,12,8,1
2021,27,Ese-Odo,23,WHO_literature,2021-07-05,64.57000000000001,24.810000000000002,29.24,22.09,92.67571428571429,85,98,28,18,52,0.512,12,8,1
2021,28,Ese-Odo,22,WHO_literature,2021-07-12,87.79,24.93,28.85,22.33,92.30714285714285,85,98,28,18,52,0.512,12,8,1
2021,29,Ese-Odo,21,WHO_literature,2021-07-19,15.24,24.73857142857143,29.15,20.96,90.55,85,98,28,18,52,0.512,12,8,1
2021,30,Ese-Odo,17,WHO_literature,2021-07-26,22.27,24.53,29.43,21.17,89.77,85,98,28,18,52,0.512,12,8,1
2021,31,Ese-Odo,24,WHO_literature,2021-08-02,77.53,24.75857142857143,29.09,21.87,92.86857142857143,85,98,28,18,52,0.512,12,8,1
2021,32,Ese-Odo,23,WHO_literature,2021-08-09,142.26,24.788571428571426,29.1,21.6,92.06428571428572,85,98,28,18,52,0.512,12,8,1
2021,33,Ese-Odo,21,WHO_literature,2021-08-16,119.98,24.534285714285716,28.27,22.42,93.16714285714285,85,98,28,18,52,0.512,12,8,1
2021,34,Ese-Odo,20,WHO_literature,2021-08-23,59.870000000000005,25.197142857142858,29.84,22.61,92.74571428571429,85,98,28,18,52,0.512,12,8,1
2021,35,Ese-Odo,15,WHO_literature,2021-08-30,153.39,24.990000000000002,28.64,22.41,92.73142857142857,85,98,28,18,52,0.512,12,8,1
2021,36,Ese-Odo,31,WHO_literature,2021-09-06,49.120000000000005,25.282857142857143,28.98,22.66,92.86142857142856,85,98,28,18,52,0.512,12,8,1
2021,37,Ese-Odo,27,WHO_literature,2021-09-13,40.68,25.3,29.33,22.03,91.25714285714285,85,98,28,18,52,0.512,12,8,1
2021,38,Ese-Odo,22,WHO_literature,2021-09-20,73.9,25.032857142857143,29.67,21.74,91.37571428571428,85,98,28,18,52,0.512,12,8,1
2021,39,Ese-Odo,22,WHO_literature,2021-09-27,36.78,25.361428571428572,29.83,22.65,91.98285714285714,85,98,28,18,52,0.512,12,8,1
2021,40,Ese-Odo,12,WHO_literature,2021-10-04,50.77,26.178571428571427,31.23,22.64,91.30285714285715,85,98,28,18,52,0.512,12,8,1
2021,41,Ese-Odo,22,WHO_literature,2021-10-11,34.27,25.907142857142855,30.23,23.19,91.92857142857143,85,98,28,18,52,0.512,12,8,1
2021,42,Ese-Odo,18,WHO_literature,2021-10-18,26.6,25.888571428571428,31.24,23.06,90.24857142857142,85,98,28,18,52,0.512,12,8,1
2021,43,Ese-Odo,13,WHO_literature,2021-10-25,74.27,26.178571428571427,31.93,23.46,90.77714285714285,85,98,28,18,52,0.512,12,8,1
2021,44,Ese-Odo,15,WHO_literature,2021-11-01,66.09,25.967142857142857,30.32,22.97,92.00571428571428,85,98,28,18,52,0.512,12,8,1
2021,45,Ese-Odo,8,WHO_literature,2021-11-08,122.02000000000001,26.087142857142858,30.54,23.14,92.49000000000001,85,98,28,18,52,0.512,12,8,1
2021,46,Ese-Odo,10,WHO_literature,2021-11-15,40.43,26.417142857142856,30.73,23.28,90.73857142857142,85,98,28,18,52,0.512,12,8,1
2021,47,Ese-Odo,0,NCDC_real,2021-11-22,56.47,26.47142857142857,30.91,23.14,90.53285714285714,85,98,28,18,52,0.512,12,8,1
2021,48,Ese-Odo,5,WHO_literature,2021-11-29,10.39,26.592857142857145,31.69,22.54,87.88,85,98,28,18,52,0.512,12,8,1
2021,49,Ese-Odo,0,WHO_literature,2021-12-06,1.92,26.494285714285716,30.95,19.75,82.92,85,98,28,18,52,0.512,12,8,1
2021,50,Ese-Odo,2,NCDC_real,2021-12-13,11.82,25.197142857142858,31.93,17.85,80.57857142857142,85,98,28,18,52,0.512,12,8,1
2021,51,Ese-Odo,0,WHO_literature,2021-12-20,4.6,24.197142857142858,31.7,17.45,80.38,85,98,28,18,52,0.512,12,8,1
2021,52,Ese-Odo,0,WHO_literature,2021-12-27,28.43,25.744285714285716,31.0,19.91,80.50285714285714,85,98,28,18,52,0.512,12,8,1
2022,1,Ese-Odo,0,WHO_literature,2022-01-03,42.870000000000005,24.635714285714283,31.65,17.82,80.94000000000001,85,98,28,18,52,0.512,12,8,1
2022,2,Ese-Odo,0,WHO_literature,2022-01-10,17.82,26.419999999999998,31.92,23.36,87.99285714285715,85,98,28,18,52,0.512,12,8,1
2022,3,Ese-Odo,1,WHO_literature,2022-01-17,23.63,23.28,31.36,16.71,73.89999999999999,85,98,28,18,52,0.512,12,8,1
2022,4,Ese-Odo,1,WHO_literature,2022-01-24,12.809999999999999,22.521428571428572,30.35,14.63,72.02857142857142,85,98,28,18,52,0.512,12,8,1
2022,5,Ese-Odo,0,WHO_literature,2022-01-31,0.0,22.714285714285715,30.36,13.87,66.73857142857143,85,98,28,18,52,0.512,12,8,1
2022,6,Ese-Odo,1,WHO_literature,2022-02-07,2.7199999999999998,25.837142857142855,32.56,18.06,76.43285714285715,85,98,28,18,52,0.512,12,8,1
2022,7,Ese-Odo,1,WHO_literature,2022-02-14,0.8600000000000001,27.16857142857143,32.77,23.64,86.4342857142857,85,98,28,18,52,0.512,12,8,1
2022,8,Ese-Odo,0,WHO_literature,2022-02-21,1.8599999999999999,27.467142857142857,32.92,23.62,84.80428571428571,85,98,28,18,52,0.512,12,8,1
2022,9,Ese-Odo,1,WHO_literature,2022-02-28,39.13,26.675714285714285,31.74,23.84,90.23285714285714,85,98,28,18,52,0.512,12,8,1
2022,10,Ese-Odo,1,WHO_literature,2022-03-07,25.62,26.745714285714286,30.66,24.0,90.61857142857143,85,98,28,18,52,0.512,12,8,1
2022,11,Ese-Odo,0,WHO_literature,2022-03-14,6.25,27.22,31.61,23.98,89.73571428571428,85,98,28,18,52,0.512,12,8,1
2022,12,Ese-Odo,0,WHO_literature,2022-03-21,7.94,27.354285714285712,33.0,24.57,89.54571428571428,85,98,28,18,52,0.512,12,8,1
2022,13,Ese-Odo,0,WHO_literature,2022-03-28,11.27,27.2,32.72,23.8,89.16714285714286,85,98,28,18,52,0.512,12,8,1
2022,14,Ese-Odo,3,WHO_literature,2022-04-04,52.440000000000005,26.87142857142857,32.79,22.76,89.23142857142857,85,98,28,18,52,0.512,12,8,1
2022,15,Ese-Odo,5,WHO_literature,2022-04-11,12.77,26.357142857142858,30.97,23.39,89.83857142857143,85,98,28,18,52,0.512,12,8,1
2022,16,Ese-Odo,6,WHO_literature,2022-04-18,39.06,26.40142857142857,31.14,23.33,89.69000000000001,85,98,28,18,52,0.512,12,8,1
2022,17,Ese-Odo,5,WHO_literature,2022-04-25,107.64,26.37142857142857,30.68,23.21,90.48428571428572,85,98,28,18,52,0.512,12,8,1
2022,18,Ese-Odo,3,WHO_literature,2022-05-02,28.11,26.455714285714286,31.33,23.89,91.06428571428572,85,98,28,18,52,0.512,12,8,1
2022,19,Ese-Odo,3,WHO_literature,2022-05-09,28.34,26.669999999999998,31.01,24.2,91.18285714285715,85,98,28,18,52,0.512,12,8,1
2022,20,Ese-Odo,10,WHO_literature,2022-05-16,66.44,26.374285714285715,30.69,23.38,91.47571428571429,85,98,28,18,52,0.512,12,8,1
2022,21,Ese-Odo,14,WHO_literature,2022-05-23,43.34,25.542857142857144,30.04,22.1,90.77714285714286,85,98,28,18,52,0.512,12,8,1
2022,22,Ese-Odo,3,WHO_literature,2022-05-30,97.84,26.055714285714284,29.81,23.32,91.66714285714285,85,98,28,18,52,0.512,12,8,1
2022,23,Ese-Odo,18,WHO_literature,2022-06-06,188.35,25.482857142857142,30.13,22.91,92.44000000000001,85,98,28,18,52,0.512,12,8,1
2022,24,Ese-Odo,11,WHO_literature,2022-06-13,28.229999999999997,25.24142857142857,29.33,21.83,92.59285714285714,85,98,28,18,52,0.512,12,8,1
2022,25,Ese-Odo,21,WHO_literature,2022-06-20,29.88,24.93857142857143,28.68,22.76,93.86,85,98,28,18,52,0.512,12,8,1
2022,26,Ese-Odo,18,WHO_literature,2022-06-27,45.38,25.307142857142857,29.71,22.05,91.0657142857143,85,98,28,18,52,0.512,12,8,1
2022,27,Ese-Odo,17,WHO_literature,2022-07-04,77.2,25.142857142857142,29.64,22.94,93.03571428571429,85,98,28,18,52,0.512,12,8,1
2022,28,Ese-Odo,14,WHO_literature,2022-07-11,10.83,24.964285714285715,29.55,22.32,90.84,85,98,28,18,52,0.512,12,8,1
2022,29,Ese-Odo,13,WHO_literature,2022-07-18,37.6,24.518571428571427,29.27,21.2,89.9557142857143,85,98,28,18,52,0.512,12,8,1
2022,30,Ese-Odo,17,WHO_literature,2022-07-25,59.43,24.572857142857142,28.02,22.12,92.77857142857144,85,98,28,18,52,0.512,12,8,1
2022,31,Ese-Odo,13,WHO_literature,2022-08-01,6.97,24.478571428571428,29.57,20.57,89.0942857142857,85,98,28,18,52,0.512,12,8,1
2022,32,Ese-Odo,14,WHO_literature,2022-08-08,71.05,24.494285714285716,28.48,22.14,92.57000000000001,85,98,28,18,52,0.512,12,8,1
2022,33,Ese-Odo,15,WHO_literature,2022-08-15,18.31,24.62857142857143,29.65,20.61,89.86571428571428,85,98,28,18,52,0.512,12,8,1
2022,34,Ese-Odo,13,WHO_literature,2022-08-22,89.25,24.462857142857143,28.7,21.64,91.55714285714285,85,98,28,18,52,0.512,12,8,1
2022,35,Ese-Odo,19,WHO_literature,2022-08-29,20.95,25.018571428571427,29.62,22.06,90.33285714285714,85,98,28,18,52,0.512,12,8,1
2022,36,Ese-Odo,22,WHO_literature,2022-09-05,27.94,25.142857142857142,30.24,22.06,90.4342857142857,85,98,28,18,52,0.512,12,8,1
2022,37,Ese-Odo,14,WHO_literature,2022-09-12,61.6,25.08857142857143,30.09,22.12,91.52285714285713,85,98,28,18,52,0.512,12,8,1
2022,38,Ese-Odo,17,WHO_literature,2022-09-19,107.02000000000001,24.97,29.3,22.51,92.15714285714286,85,98,28,18,52,0.512,12,8,1
2022,39,Ese-Odo,15,WHO_literature,2022-09-26,76.39,24.564285714285713,28.88,22.09,91.89571428571428,85,98,28,18,52,0.512,12,8,1
2022,40,Ese-Odo,7,WHO_literature,2022-10-03,43.92,25.389999999999997,29.92,22.04,90.63285714285715,85,98,28,18,52,0.512,12,8,1
2022,41,Ese-Odo,8,WHO_literature,2022-10-10,58.82,25.74857142857143,29.94,22.94,89.73714285714286,85,98,28,18,52,0.512,12,8,1
2022,42,Ese-Odo,12,WHO_literature,2022-10-17,27.64,26.43,31.03,23.0,88.96714285714286,85,98,28,18,52,0.512,12,8,1
2022,43,Ese-Odo,10,WHO_literature,2022-10-24,9.94,26.614285714285717,31.59,23.08,86.53571428571429,85,98,28,18,52,0.512,12,8,1
2022,44,Ese-Odo,9,WHO_literature,2022-10-31,51.43,26.728571428571428,31.25,22.77,87.17142857142858,85,98,28,18,52,0.512,12,8,1
2022,45,Ese-Odo,9,WHO_literature,2022-11-07,10.34,26.854285714285712,32.26,23.35,86.75428571428571,85,98,28,18,52,0.512,12,8,1
2022,46,Ese-Odo,1,WHO_literature,2022-11-14,5.04,26.419999999999998,31.31,22.91,86.00428571428571,85,98,28,18,52,0.512,12,8,1
2022,47,Ese-Odo,1,WHO_literature,2022-11-21,3.42,26.41714285714286,31.19,20.25,82.20285714285714,85,98,28,18,52,0.512,12,8,1
2022,48,Ese-Odo,1,WHO_literature,2022-11-28,10.89,26.494285714285716,31.59,23.4,85.89142857142858,85,98,28,18,52,0.512,12,8,1
2022,49,Ese-Odo,1,WHO_literature,2022-12-05,0.12,25.702857142857145,30.36,18.87,79.67714285714285,85,98,28,18,52,0.512,12,8,1
2022,50,Ese-Odo,0,WHO_literature,2022-12-12,41.910000000000004,26.087142857142858,31.58,21.68,87.93142857142857,85,98,28,18,52,0.512,12,8,1
2022,51,Ese-Odo,0,WHO_literature,2022-12-19,0.0,23.325714285714287,29.86,15.59,71.51142857142857,85,98,28,18,52,0.512,12,8,1
2022,52,Ese-Odo,0,WHO_literature,2022-12-26,0.0,22.877142857142854,30.25,15.89,71.61857142857143,85,98,28,18,52,0.512,12,8,1
2023,1,Ese-Odo,0,WHO_literature,2023-01-02,2.42,24.615714285714287,30.66,17.29,72.81142857142858,85,98,28,18,52,0.512,12,8,1
2023,2,Ese-Odo,0,WHO_literature,2023-01-09,0.0,23.24857142857143,30.33,14.89,68.09142857142857,85,98,28,18,52,0.512,12,8,1
2023,3,Ese-Odo,0,WHO_literature,2023-01-16,2.4000000000000004,25.818571428571428,31.66,18.4,77.95,85,98,28,18,52,0.512,12,8,1
2023,4,Ese-Odo,0,WHO_literature,2023-01-23,7.19,26.27,31.44,22.8,89.32428571428571,85,98,28,18,52,0.512,12,8,1
2023,5,Ese-Odo,1,WHO_literature,2023-01-30,3.08,26.404285714285713,31.91,23.05,89.37285714285714,85,98,28,18,52,0.512,12,8,1
2023,6,Ese-Odo,0,WHO_literature,2023-02-06,3.67,27.364285714285717,33.86,23.08,82.48428571428572,85,98,28,18,52,0.512,12,8,1
2023,7,Ese-Odo,0,WHO_literature,2023-02-13,0.0,23.898571428571426,30.9,16.97,66.07571428571428,85,98,28,18,52,0.512,12,8,1
2023,8,Ese-Odo,1,WHO_literature,2023-02-20,39.79,26.294285714285714,31.68,18.73,84.0942857142857,85,98,28,18,52,0.512,12,8,1
2023,9,Ese-Odo,0,WHO_literature,2023-02-27,20.95,26.497142857142855,30.73,23.72,91.63857142857144,85,98,28,18,52,0.512,12,8,1
2023,10,Ese-Odo,0,WHO_literature,2023-03-06,39.92,26.75857142857143,31.99,23.79,89.39857142857143,85,98,28,18,52,0.512,12,8,1
2023,11,Ese-Odo,0,WHO_literature,2023-03-13,48.59,26.08142857142857,31.38,22.9,89.02142857142857,85,98,28,18,52,0.512,12,8,1
2023,12,Ese-Odo,0,WHO_literature,2023-03-20,34.22,26.315714285714286,31.63,22.58,86.77142857142859,85,98,28,18,52,0.512,12,8,1
2023,13,Ese-Odo,0,WHO_literature,2023-03-27,15.0,26.669999999999998,31.43,23.32,88.15857142857143,85,98,28,18,52,0.512,12,8,1
2023,14,Ese-Odo,1,WHO_literature,2023-04-03,39.67,26.577142857142857,31.23,23.8,90.89428571428572,85,98,28,18,52,0.512,12,8,1
2023,15,Ese-Odo,2,WHO_literature,2023-04-10,19.22,26.84714285714286,31.43,23.82,90.44428571428571,85,98,28,18,52,0.512,12,8,1
2023,16,Ese-Odo,2,WHO_literature,2023-04-17,19.08,27.034285714285716,32.07,23.81,89.69285714285715,85,98,28,18,52,0.512,12,8,1
2023,17,Ese-Odo,1,WHO_literature,2023-04-24,52.15,26.344285714285714,31.36,23.58,89.85714285714286,85,98,28,18,52,0.512,12,8,1
2023,18,Ese-Odo,0,WHO_literature,2023-05-01,10.89,26.298571428571428,30.76,23.14,89.54142857142857,85,98,28,18,52,0.512,12,8,1
2023,19,Ese-Odo,2,WHO_literature,2023-05-08,26.09,27.18285714285714,32.07,24.26,89.44428571428571,85,98,28,18,52,0.512,12,8,1
2023,20,Ese-Odo,6,WHO_literature,2023-05-15,40.9,27.025714285714287,31.47,23.97,91.40285714285714,85,98,28,18,52,0.512,12,8,1
2023,21,Ese-Odo,1,WHO_literature,2023-05-22,28.07,26.867142857142856,30.65,23.94,91.50142857142858,85,98,28,18,52,0.512,12,8,1
2023,22,Ese-Odo,7,WHO_literature,2023-05-29,31.619999999999997,26.505714285714284,31.35,23.76,91.48,85,98,28,18,52,0.512,12,8,1
2023,23,Ese-Odo,2,WHO_literature,2023-06-05,173.0,25.754285714285714,29.83,23.19,92.58285714285715,85,98,28,18,52,0.512,12,8,1
2023,24,Ese-Odo,4,WHO_literature,2023-06-12,51.94,25.83142857142857,30.0,23.01,91.00428571428571,85,98,28,18,52,0.512,12,8,1
2023,25,Ese-Odo,6,WHO_literature,2023-06-19,60.089999999999996,25.53142857142857,29.9,22.57,91.50142857142858,85,98,28,18,52,0.512,12,8,1
2023,26,Ese-Odo,6,WHO_literature,2023-06-26,47.08,25.16,28.92,22.92,92.77,85,98,28,18,52,0.512,12,8,1
2023,27,Ese-Odo,8,WHO_literature,2023-07-03,66.83,25.657142857142855,30.43,21.97,91.29714285714284,85,98,28,18,52,0.512,12,8,1
2023,28,Ese-Odo,4,WHO_literature,2023-07-10,19.6,26.095714285714287,30.61,23.2,90.35000000000001,85,98,28,18,52,0.512,12,8,1
2023,29,Ese-Odo,3,WHO_literature,2023-07-17,48.0,25.72,29.09,23.46,92.89571428571428,85,98,28,18,52,0.512,12,8,1
2023,30,Ese-Odo,8,WHO_literature,2023-07-24,86.72,25.361428571428572,30.23,22.7,92.25428571428571,85,98,28,18,52,0.512,12,8,1
2023,31,Ese-Odo,11,WHO_literature,2023-07-31,13.989999999999998,25.27285714285714,30.72,21.94,91.14,85,98,28,18,52,0.512,12,8,1
2023,32,Ese-Odo,7,WHO_literature,2023-08-07,25.369999999999997,25.37,30.22,22.71,91.10571428571428,85,98,28,18,52,0.512,12,8,1
2023,33,Ese-Odo,9,WHO_literature,2023-08-14,19.32,25.5,30.69,22.6,91.80857142857143,85,98,28,18,52,0.512,12,8,1
2023,34,Ese-Odo,1,WHO_literature,2023-08-21,18.19,25.678571428571427,30.15,23.29,91.86857142857143,85,98,28,18,52,0.512,12,8,1
2023,35,Ese-Odo,12,WHO_literature,2023-08-28,65.99,25.28,29.15,22.79,92.21714285714286,85,98,28,18,52,0.512,12,8,1
2023,36,Ese-Odo,11,WHO_literature,2023-09-04,70.76,25.587142857142858,30.68,22.62,91.77428571428571,85,98,28,18,52,0.512,12,8,1
2023,37,Ese-Odo,6,WHO_literature,2023-09-11,74.93,25.608571428571427,29.31,23.51,92.86142857142856,85,98,28,18,52,0.512,12,8,1
2023,38,Ese-Odo,12,WHO_literature,2023-09-18,56.19,26.009999999999998,31.15,23.27,91.2,85,98,28,18,52,0.512,12,8,1
2023,39,Ese-Odo,5,WHO_literature,2023-09-25,63.14,26.465714285714284,31.47,23.38,91.05,85,98,28,18,52,0.512,12,8,1
2023,40,Ese-Odo,2,WHO_literature,2023-10-02,77.03,26.525714285714287,30.92,23.3,90.78142857142858,85,98,28,18,52,0.512,12,8,1
2023,41,Ese-Odo,4,WHO_literature,2023-10-09,68.7,26.225714285714282,30.67,23.6,91.87714285714286,85,98,28,18,52,0.512,12,8,1
2023,42,Ese-Odo,8,WHO_literature,2023-10-16,33.91,26.204285714285714,31.58,22.58,91.57142857142857,85,98,28,18,52,0.512,12,8,1
2023,43,Ese-Odo,7,WHO_literature,2023-10-23,6.02,26.461428571428574,31.97,23.04,90.38714285714286,85,98,28,18,52,0.512,12,8,1
2023,44,Ese-Odo,9,WHO_literature,2023-10-30,78.57,26.454285714285714,30.87,23.7,90.88428571428572,85,98,28,18,52,0.512,12,8,1
2023,45,Ese-Odo,0,WHO_literature,2023-11-06,29.7,26.575714285714287,30.7,24.15,91.9342857142857,85,98,28,18,52,0.512,12,8,1
2023,46,Ese-Odo,0,WHO_literature,2023-11-13,17.89,26.947142857142858,31.44,22.56,88.22857142857143,85,98,28,18,52,0.512,12,8,1
2023,47,Ese-Odo,1,WHO_literature,2023-11-20,23.27,26.487142857142857,31.41,23.51,90.99428571428572,85,98,28,18,52,0.512,12,8,1
2023,48,Ese-Odo,2,WHO_literature,2023-11-27,13.27,26.99857142857143,31.77,23.21,88.59285714285714,85,98,28,18,52,0.512,12,8,1
2023,49,Ese-Odo,0,WHO_literature,2023-12-04,0.57,27.032857142857143,31.81,23.75,87.35714285714286,85,98,28,18,52,0.512,12,8,1
2023,50,Ese-Odo,0,WHO_literature,2023-12-11,0.0,25.07857142857143,31.43,17.34,73.16714285714285,85,98,28,18,52,0.512,12,8,1
2023,51,Ese-Odo,0,WHO_literature,2023-12-18,0.03,26.388571428571428,31.91,19.1,80.64857142857143,85,98,28,18,52,0.512,12,8,1
2023,52,Ese-Odo,0,WHO_literature,2023-12-25,0.01,25.964285714285715,31.71,18.06,71.82714285714286,85,98,28,18,52,0.512,12,8,1
2024,1,Ese-Odo,0,WHO_literature,2024-01-01,2.39,27.634285714285713,33.06,23.43,84.21571428571428,85,98,28,18,52,0.512,12,8,1
2024,2,Ese-Odo,0,WHO_literature,2024-01-08,3.69,27.484285714285715,33.09,22.69,81.39285714285714,85,98,28,18,52,0.512,12,8,1
2024,3,Ese-Odo,0,WHO_literature,2024-01-15,0.01,24.58285714285714,32.37,15.3,64.90285714285714,85,98,28,18,52,0.512,12,8,1
2024,4,Ese-Odo,0,WHO_literature,2024-01-22,11.1,25.392857142857142,32.62,16.94,73.24285714285715,85,98,28,18,52,0.512,12,8,1
2024,5,Ese-Odo,0,WHO_literature,2024-01-29,0.0,25.74285714285714,31.71,18.57,72.96000000000001,85,98,28,18,52,0.512,12,8,1
2024,6,Ese-Odo,1,WHO_literature,2024-02-05,0.01,25.57857142857143,33.44,17.99,69.56857142857143,85,98,28,18,52,0.512,12,8,1
2024,7,Ese-Odo,0,WHO_literature,2024-02-12,0.37,28.307142857142857,33.79,24.56,85.05857142857143,85,98,28,18,52,0.512,12,8,1
2024,8,Ese-Odo,0,WHO_literature,2024-02-19,23.12,27.807142857142857,33.43,23.07,83.64857142857143,85,98,28,18,52,0.512,12,8,1
2024,9,Ese-Odo,0,WHO_literature,2024-02-26,0.6,27.669999999999998,32.82,23.8,88.00999999999999,85,98,28,18,52,0.512,12,8,1
2024,10,Ese-Odo,0,WHO_literature,2024-03-04,5.54,27.62857142857143,33.46,24.55,88.77142857142857,85,98,28,18,52,0.512,12,8,1
2024,11,Ese-Odo,0,WHO_literature,2024-03-11,3.8400000000000003,27.99857142857143,33.15,24.94,88.34714285714286,85,98,28,18,52,0.512,12,8,1
2024,12,Ese-Odo,0,WHO_literature,2024-03-18,9.55,28.087142857142855,32.61,25.3,87.98,85,98,28,18,52,0.512,12,8,1
2024,13,Ese-Odo,0,WHO_literature,2024-03-25,5.99,27.889999999999997,31.7,25.22,89.74571428571429,85,98,28,18,52,0.512,12,8,1
2024,14,Ese-Odo,2,WHO_literature,2024-04-01,16.77,27.754285714285714,32.1,24.89,89.49,85,98,28,18,52,0.512,12,8,1
2024,15,Ese-Odo,2,WHO_literature,2024-04-08,35.47,27.358571428571427,31.4,24.63,89.85571428571428,85,98,28,18,52,0.512,12,8,1
2024,16,Ese-Odo,1,WHO_literature,2024-04-15,9.96,27.689999999999998,31.99,25.21,90.78999999999999,85,98,28,18,52,0.512,12,8,1
2024,17,Ese-Odo,0,WHO_literature,2024-04-22,55.83,27.62142857142857,31.2,25.13,91.12571428571428,85,98,28,18,52,0.512,12,8,1
2024,18,Ese-Odo,0,WHO_literature,2024-04-29,93.84,27.404285714285717,31.73,23.93,91.95142857142856,85,98,28,18,52,0.512,12,8,1
2024,19,Ese-Odo,7,WHO_literature,2024-05-06,7.1899999999999995,27.534285714285716,31.72,24.89,90.64857142857143,85,98,28,18,52,0.512,12,8,1
2024,20,Ese-Odo,0,WHO_literature,2024-05-13,56.25,27.33142857142857,31.97,24.5,90.78142857142858,85,98,28,18,52,0.512,12,8,1
2024,21,Ese-Odo,7,WHO_literature,2024-05-20,84.18,27.240000000000002,31.47,24.05,89.98142857142857,85,98,28,18,52,0.512,12,8,1
2024,22,Ese-Odo,1,WHO_literature,2024-05-27,39.18,26.997142857142855,31.04,24.29,91.71142857142857,85,98,28,18,52,0.512,12,8,1
2024,23,Ese-Odo,4,WHO_literature,2024-06-03,41.54,26.62142857142857,30.8,24.03,91.49571428571429,85,98,28,18,52,0.512,12,8,1
2024,24,Ese-Odo,5,WHO_literature,2024-06-10,41.06,26.50857142857143,31.23,23.43,90.59714285714286,85,98,28,18,52,0.512,12,8,1
2024,25,Ese-Odo,5,WHO_literature,2024-06-17,54.53,26.43857142857143,30.99,23.39,90.90142857142857,85,98,28,18,52,0.512,12,8,1
2024,26,Ese-Odo,7,WHO_literature,2024-06-24,63.01,25.884285714285713,29.83,22.85,91.32714285714285,85,98,28,18,52,0.512,12,8,1
2024,27,Ese-Odo,2,WHO_literature,2024-07-01,96.16,25.675714285714285,29.41,23.2,91.56428571428572,85,98,28,18,52,0.512,12,8,1
2024,28,Ese-Odo,2,WHO_literature,2024-07-08,38.5,25.47,29.66,22.73,91.34,85,98,28,18,52,0.512,12,8,1
2024,29,Ese-Odo,6,WHO_literature,2024-07-15,78.1,25.53857142857143,29.65,23.33,91.83142857142856,85,98,28,18,52,0.512,12,8,1
2024,30,Ese-Odo,5,WHO_literature,2024-07-22,16.52,25.55,30.11,22.76,90.01714285714286,85,98,28,18,52,0.512,12,8,1
2024,31,Ese-Odo,4,WHO_literature,2024-07-29,21.44,25.412857142857142,30.19,22.06,89.52428571428571,85,98,28,18,52,0.512,12,8,1
2024,32,Ese-Odo,7,WHO_literature,2024-08-05,3.25,25.361428571428572,30.24,22.11,88.84,85,98,28,18,52,0.512,12,8,1
2024,33,Ese-Odo,2,WHO_literature,2024-08-12,8.46,25.458571428571428,29.89,22.35,89.37,85,98,28,18,52,0.512,12,8,1
2024,34,Ese-Odo,8,WHO_literature,2024-08-19,50.53,25.302857142857142,30.32,22.63,91.65428571428572,85,98,28,18,52,0.512,12,8,1
2024,35,Ese-Odo,11,WHO_literature,2024-08-26,34.6,25.52857142857143,30.4,22.85,90.19571428571429,85,98,28,18,52,0.512,12,8,1
2024,36,Ese-Odo,5,WHO_literature,2024-09-02,41.14,25.448571428571427,30.48,22.29,89.97857142857143,85,98,28,18,52,0.512,12,8,1
2024,37,Ese-Odo,7,WHO_literature,2024-09-09,76.32,25.634285714285713,30.21,23.02,91.62142857142858,85,98,28,18,52,0.512,12,8,1
2024,38,Ese-Odo,5,WHO_literature,2024-09-16,44.56,25.857142857142858,30.61,22.97,90.84142857142857,85,98,28,18,52,0.512,12,8,1
2024,39,Ese-Odo,4,WHO_literature,2024-09-23,38.5,25.815714285714286,30.33,22.7,89.61,85,98,28,18,52,0.512,12,8,1
2024,40,Ese-Odo,5,WHO_literature,2024-09-30,78.08,25.674285714285713,30.34,22.98,91.42142857142858,85,98,28,18,52,0.512,12,8,1
2024,41,Ese-Odo,6,WHO_literature,2024-10-07,42.84,25.731428571428573,30.92,22.45,91.08857142857143,85,98,28,18,52,0.512,12,8,1
2024,42,Ese-Odo,6,WHO_literature,2024-10-14,48.5,25.87142857142857,30.33,22.15,89.98857142857142,85,98,28,18,52,0.512,12,8,1
2024,43,Ese-Odo,8,WHO_literature,2024-10-21,61.17,26.36285714285714,30.45,23.74,91.54142857142857,85,98,28,18,52,0.512,12,8,1
2024,44,Ese-Odo,1,WHO_literature,2024-10-28,68.72,27.225714285714286,32.22,23.62,87.24428571428572,85,98,28,18,52,0.512,12,8,1
2024,45,Ese-Odo,0,WHO_literature,2024-11-04,11.51,26.545714285714286,31.46,23.14,86.55571428571429,85,98,28,18,52,0.512,12,8,1
2024,46,Ese-Odo,1,WHO_literature,2024-11-11,1.4700000000000002,27.05,31.76,21.85,83.41571428571429,85,98,28,18,52,0.512,12,8,1
2024,47,Ese-Odo,2,WHO_literature,2024-11-18,3.72,26.577142857142857,31.85,21.47,80.99714285714286,85,98,28,18,52,0.512,12,8,1
2024,48,Ese-Odo,2,WHO_literature,2024-11-25,2.0,25.464285714285715,30.97,18.64,75.20142857142856,85,98,28,18,52,0.512,12,8,1
2024,49,Ese-Odo,0,WHO_literature,2024-12-02,0.02,25.904285714285713,31.68,19.97,78.78428571428572,85,98,28,18,52,0.512,12,8,1
2024,50,Ese-Odo,0,WHO_literature,2024-12-09,0.06,25.574285714285715,31.82,17.7,76.08,85,98,28,18,52,0.512,12,8,1
2024,51,Ese-Odo,1,WHO_literature,2024-12-16,0.0,24.452857142857145,30.94,16.54,64.24142857142857,85,98,28,18,52,0.512,12,8,1
2024,52,Ese-Odo,2,WHO_literature,2024-12-23,0.0,25.69142857142857,31.26,19.6,77.73428571428572,85,98,28,18,52,0.512,12,8,1
2018,1,Idanre,0,WHO_literature,2018-01-01,0.0,21.178571428571427,28.07,13.95,64.42,124,145,54,42,35,0.378,187,112,7
2018,2,Idanre,0,WHO_literature,2018-01-08,0.36000000000000004,23.91857142857143,30.65,17.02,79.42714285714285,124,145,54,42,35,0.378,187,112,7
2018,3,Idanre,0,WHO_literature,2018-01-15,0.0,24.478571428571428,31.04,18.04,76.7757142857143,124,145,54,42,35,0.378,187,112,7
2018,4,Idanre,0,WHO_literature,2018-01-22,0.0,23.22142857142857,30.69,16.16,67.51,124,145,54,42,35,0.378,187,112,7
2018,5,Idanre,0,WHO_literature,2018-01-29,0.5,24.49142857142857,32.81,16.44,73.15857142857143,124,145,54,42,35,0.378,187,112,7
2018,6,Idanre,0,WHO_literature,2018-02-05,29.33,26.532857142857143,32.82,22.12,87.82857142857142,124,145,54,42,35,0.378,187,112,7
2018,7,Idanre,0,WHO_literature,2018-02-12,15.35,26.45,32.84,22.56,85.30571428571429,124,145,54,42,35,0.378,187,112,7
2018,8,Idanre,0,WHO_literature,2018-02-19,28.94,25.324285714285715,30.9,21.56,89.32857142857142,124,145,54,42,35,0.378,187,112,7
2018,9,Idanre,0,WHO_literature,2018-02-26,7.66,25.75142857142857,32.18,22.45,88.41142857142857,124,145,54,42,35,0.378,187,112,7
2018,10,Idanre,0,WHO_literature,2018-03-05,12.55,25.984285714285715,31.73,22.36,87.94857142857143,124,145,54,42,35,0.378,187,112,7
2018,11,Idanre,0,WHO_literature,2018-03-12,28.3,26.00142857142857,30.96,22.63,89.96428571428571,124,145,54,42,35,0.378,187,112,7
2018,12,Idanre,0,WHO_literature,2018-03-19,20.48,25.607142857142858,31.43,21.68,89.26571428571428,124,145,54,42,35,0.378,187,112,7
2018,13,Idanre,0,WHO_literature,2018-03-26,5.97,26.13714285714286,30.77,23.26,89.90428571428572,124,145,54,42,35,0.378,187,112,7
2018,14,Idanre,1,WHO_literature,2018-04-02,11.23,25.852857142857143,30.74,22.53,90.59,124,145,54,42,35,0.378,187,112,7
2018,15,Idanre,0,WHO_literature,2018-04-09,13.85,25.832857142857144,30.96,22.59,88.76571428571428,124,145,54,42,35,0.378,187,112,7
2018,16,Idanre,0,WHO_literature,2018-04-16,23.36,25.93857142857143,30.5,23.13,90.39142857142858,124,145,54,42,35,0.378,187,112,7
2018,17,Idanre,3,WHO_literature,2018-04-23,18.71,25.632857142857144,29.53,22.6,91.42571428571429,124,145,54,42,35,0.378,187,112,7
2018,18,Idanre,0,WHO_literature,2018-04-30,21.19,26.09714285714286,30.14,22.85,89.99714285714286,124,145,54,42,35,0.378,187,112,7
2018,19,Idanre,3,WHO_literature,2018-05-07,53.39,24.972857142857144,29.0,22.19,91.93142857142857,124,145,54,42,35,0.378,187,112,7
2018,20,Idanre,1,WHO_literature,2018-05-14,28.33,25.514285714285712,29.97,22.18,91.11285714285714,124,145,54,42,35,0.378,187,112,7
2018,21,Idanre,1,WHO_literature,2018-05-21,46.82,25.24142857142857,28.84,22.38,92.99285714285715,124,145,54,42,35,0.378,187,112,7
2018,22,Idanre,1,WHO_literature,2018-05-28,57.57,25.211428571428574,29.6,22.47,92.20285714285714,124,145,54,42,35,0.378,187,112,7
2018,23,Idanre,3,WHO_literature,2018-06-04,76.72999999999999,24.919999999999998,29.0,21.87,93.17428571428572,124,145,54,42,35,0.378,187,112,7
2018,24,Idanre,3,WHO_literature,2018-06-11,44.72,25.087142857142855,29.02,21.58,92.25,124,145,54,42,35,0.378,187,112,7
2018,25,Idanre,1,WHO_literature,2018-06-18,152.79,23.74857142857143,28.37,21.25,94.07142857142857,124,145,54,42,35,0.378,187,112,7
2018,26,Idanre,1,WHO_literature,2018-06-25,95.72,24.12285714285714,28.56,20.96,91.7,124,145,54,42,35,0.378,187,112,7
2018,27,Idanre,2,WHO_literature,2018-07-02,62.53,24.22714285714286,28.58,21.48,92.79142857142857,124,145,54,42,35,0.378,187,112,7
2018,28,Idanre,2,WHO_literature,2018-07-09,42.46,24.525714285714287,28.96,21.76,91.36285714285714,124,145,54,42,35,0.378,187,112,7
2018,29,Idanre,2,WHO_literature,2018-07-16,92.2,24.15142857142857,28.7,21.55,93.06285714285714,124,145,54,42,35,0.378,187,112,7
2018,30,Idanre,2,WHO_literature,2018-07-23,107.52000000000001,24.56857142857143,29.65,21.9,91.99428571428572,124,145,54,42,35,0.378,187,112,7
2018,31,Idanre,1,WHO_literature,2018-07-30,66.31,23.728571428571428,28.46,20.17,90.69428571428571,124,145,54,42,35,0.378,187,112,7
2018,32,Idanre,3,WHO_literature,2018-08-06,28.33,24.13,28.88,20.76,91.09142857142857,124,145,54,42,35,0.378,187,112,7
2018,33,Idanre,4,WHO_literature,2018-08-13,42.519999999999996,23.96,28.55,20.97,92.58,124,145,54,42,35,0.378,187,112,7
2018,34,Idanre,2,WHO_literature,2018-08-20,105.91,23.599999999999998,29.13,20.89,94.01857142857143,124,145,54,42,35,0.378,187,112,7
2018,35,Idanre,5,WHO_literature,2018-08-27,166.96,24.53142857142857,28.96,21.31,91.92714285714285,124,145,54,42,35,0.378,187,112,7
2018,36,Idanre,2,WHO_literature,2018-09-03,186.60999999999999,24.077142857142857,27.73,21.6,94.01571428571428,124,145,54,42,35,0.378,187,112,7
2018,37,Idanre,2,WHO_literature,2018-09-10,42.12,24.314285714285713,28.84,21.53,92.23714285714286,124,145,54,42,35,0.378,187,112,7
2018,38,Idanre,2,WHO_literature,2018-09-17,78.9,25.131428571428575,29.02,22.13,91.65428571428572,124,145,54,42,35,0.378,187,112,7
2018,39,Idanre,5,WHO_literature,2018-09-24,51.88,24.759999999999998,29.38,21.67,91.78,124,145,54,42,35,0.378,187,112,7
2018,40,Idanre,3,WHO_literature,2018-10-01,37.199999999999996,24.81714285714286,29.06,21.9,92.22142857142856,124,145,54,42,35,0.378,187,112,7
2018,41,Idanre,2,WHO_literature,2018-10-08,46.980000000000004,24.931428571428572,29.31,21.18,91.54714285714286,124,145,54,42,35,0.378,187,112,7
2018,42,Idanre,0,WHO_literature,2018-10-15,46.99,25.297142857142855,31.07,20.96,89.87285714285714,124,145,54,42,35,0.378,187,112,7
2018,43,Idanre,0,WHO_literature,2018-10-22,25.69,25.271428571428572,29.78,21.83,92.57285714285715,124,145,54,42,35,0.378,187,112,7
2018,44,Idanre,1,WHO_literature,2018-10-29,87.92999999999999,25.389999999999997,29.55,22.62,92.80571428571429,124,145,54,42,35,0.378,187,112,7
2018,45,Idanre,1,WHO_literature,2018-11-05,24.15,25.624285714285715,30.5,22.72,90.14999999999999,124,145,54,42,35,0.378,187,112,7
2018,46,Idanre,0,WHO_literature,2018-11-12,32.46,25.90285714285714,31.04,21.93,87.46714285714286,124,145,54,42,35,0.378,187,112,7
2018,47,Idanre,0,WHO_literature,2018-11-19,18.34,25.65857142857143,31.18,19.98,86.70714285714287,124,145,54,42,35,0.378,187,112,7
2018,48,Idanre,0,WHO_literature,2018-11-26,0.78,25.801428571428573,31.06,20.74,86.01714285714286,124,145,54,42,35,0.378,187,112,7
2018,49,Idanre,0,WHO_literature,2018-12-03,0.07,25.017142857142858,30.05,18.31,77.56285714285715,124,145,54,42,35,0.378,187,112,7
2018,50,Idanre,0,WHO_literature,2018-12-10,0.9400000000000001,25.072857142857142,31.07,18.46,78.28428571428572,124,145,54,42,35,0.378,187,112,7
2018,51,Idanre,0,WHO_literature,2018-12-17,0.0,24.04,30.99,16.29,72.12857142857142,124,145,54,42,35,0.378,187,112,7
2018,52,Idanre,0,WHO_literature,2018-12-24,0.0,23.337142857142858,29.57,16.87,68.82714285714286,124,145,54,42,35,0.378,187,112,7
2019,1,Idanre,0,WHO_literature,2019-01-07,0.0,23.40142857142857,30.4,17.68,72.38714285714285,124,145,54,42,35,0.378,187,112,7
2019,2,Idanre,0,WHO_literature,2019-01-14,0.0,23.802857142857142,30.34,17.01,76.57857142857142,124,145,54,42,35,0.378,187,112,7
2019,3,Idanre,0,WHO_literature,2019-01-21,6.41,25.745714285714286,31.51,21.68,87.45714285714287,124,145,54,42,35,0.378,187,112,7
2019,4,Idanre,0,WHO_literature,2019-01-28,7.42,26.131428571428575,32.06,21.62,85.48,124,145,54,42,35,0.378,187,112,7
2019,5,Idanre,0,WHO_literature,2019-02-04,33.57,25.67571428571429,31.59,20.58,88.23,124,145,54,42,35,0.378,187,112,7
2019,6,Idanre,0,WHO_literature,2019-02-11,4.76,25.601428571428574,31.33,20.94,81.21142857142857,124,145,54,42,35,0.378,187,112,7
2019,7,Idanre,0,WHO_literature,2019-02-18,0.83,24.872857142857146,31.51,18.18,72.06428571428572,124,145,54,42,35,0.378,187,112,7
2019,8,Idanre,0,WHO_literature,2019-02-25,16.85,25.585714285714285,31.26,21.26,89.83,124,145,54,42,35,0.378,187,112,7
2019,9,Idanre,0,WHO_literature,2019-03-04,15.79,25.14428571428571,30.09,21.45,88.00571428571428,124,145,54,42,35,0.378,187,112,7
2019,10,Idanre,0,WHO_literature,2019-03-11,32.26,25.79,29.85,22.62,90.10571428571428,124,145,54,42,35,0.378,187,112,7
2019,11,Idanre,0,WHO_literature,2019-03-18,6.15,26.425714285714285,32.27,23.1,88.83857142857143,124,145,54,42,35,0.378,187,112,7
2019,12,Idanre,0,WHO_literature,2019-03-25,11.910000000000002,26.254285714285714,32.31,22.72,89.97571428571429,124,145,54,42,35,0.378,187,112,7
2019,13,Idanre,0,WHO_literature,2019-04-01,1.22,26.267142857142858,31.35,22.87,90.4342857142857,124,145,54,42,35,0.378,187,112,7
2019,14,Idanre,0,WHO_literature,2019-04-08,18.96,26.834285714285716,31.91,23.8,89.35714285714286,124,145,54,42,35,0.378,187,112,7
2019,15,Idanre,0,WHO_literature,2019-04-15,35.68,25.66142857142857,30.56,22.52,91.35714285714286,124,145,54,42,35,0.378,187,112,7
2019,16,Idanre,2,WHO_literature,2019-04-22,3.63,26.21857142857143,30.83,22.11,90.26571428571428,124,145,54,42,35,0.378,187,112,7
2019,17,Idanre,0,WHO_literature,2019-04-29,13.75,26.47142857142857,30.76,23.97,91.14999999999999,124,145,54,42,35,0.378,187,112,7
2019,18,Idanre,0,WHO_literature,2019-05-06,15.58,26.12142857142857,29.47,23.61,92.50571428571428,124,145,54,42,35,0.378,187,112,7
2019,19,Idanre,0,WHO_literature,2019-05-13,48.86,25.987142857142857,30.51,23.0,91.7957142857143,124,145,54,42,35,0.378,187,112,7
2019,20,Idanre,1,WHO_literature,2019-05-20,38.37,25.382857142857144,29.58,22.43,91.56857142857143,124,145,54,42,35,0.378,187,112,7
2019,21,Idanre,1,WHO_literature,2019-05-27,46.25,25.737142857142857,29.94,22.88,92.00142857142858,124,145,54,42,35,0.378,187,112,7
2019,22,Idanre,2,WHO_literature,2019-06-03,77.58,25.201428571428572,29.21,22.77,92.69428571428571,124,145,54,42,35,0.378,187,112,7
2019,23,Idanre,2,WHO_literature,2019-06-10,57.82,24.995714285714286,29.45,22.19,93.23857142857142,124,145,54,42,35,0.378,187,112,7
2019,24,Idanre,1,WHO_literature,2019-06-17,28.53,25.28,29.65,22.41,90.74571428571429,124,145,54,42,35,0.378,187,112,7
2019,25,Idanre,1,WHO_literature,2019-06-24,35.510000000000005,25.445714285714285,30.01,22.67,91.84714285714286,124,145,54,42,35,0.378,187,112,7
2019,26,Idanre,2,WHO_literature,2019-07-01,278.93,24.669999999999998,29.2,21.47,91.55714285714285,124,145,54,42,35,0.378,187,112,7
2019,27,Idanre,1,WHO_literature,2019-07-08,25.33,25.17285714285714,29.79,22.36,91.78428571428572,124,145,54,42,35,0.378,187,112,7
2019,28,Idanre,1,WHO_literature,2019-07-15,79.96000000000001,24.165714285714284,29.53,20.94,91.63714285714286,124,145,54,42,35,0.378,187,112,7
2019,29,Idanre,0,WHO_literature,2019-07-22,62.39,24.437142857142856,29.22,21.46,91.42857142857143,124,145,54,42,35,0.378,187,112,7
2019,30,Idanre,1,WHO_literature,2019-07-29,82.05,24.365714285714287,28.21,21.97,93.25428571428571,124,145,54,42,35,0.378,187,112,7
2019,31,Idanre,3,WHO_literature,2019-08-05,47.29,24.071428571428573,29.03,21.53,92.48142857142857,124,145,54,42,35,0.378,187,112,7
2019,32,Idanre,1,WHO_literature,2019-08-12,58.449999999999996,24.118571428571425,28.88,21.63,92.42571428571429,124,145,54,42,35,0.378,187,112,7
2019,33,Idanre,2,WHO_literature,2019-08-19,35.519999999999996,24.55,28.9,21.76,90.67428571428572,124,145,54,42,35,0.378,187,112,7
2019,34,Idanre,3,WHO_literature,2019-08-26,115.57000000000001,23.964285714285715,28.79,21.09,92.86142857142856,124,145,54,42,35,0.378,187,112,7
2019,35,Idanre,2,WHO_literature,2019-09-02,148.24,24.312857142857144,28.27,21.39,91.97285714285714,124,145,54,42,35,0.378,187,112,7
2019,36,Idanre,2,WHO_literature,2019-09-09,65.38,24.45,29.45,21.84,93.17714285714285,124,145,54,42,35,0.378,187,112,7
2019,37,Idanre,2,WHO_literature,2019-09-16,114.71000000000001,24.521428571428572,28.39,21.91,92.7042857142857,124,145,54,42,35,0.378,187,112,7
2019,38,Idanre,3,WHO_literature,2019-09-23,114.22,24.650000000000002,28.82,21.85,93.32857142857142,124,145,54,42,35,0.378,187,112,7
2019,39,Idanre,3,WHO_literature,2019-09-30,87.11,24.551428571428573,28.59,21.33,92.75857142857141,124,145,54,42,35,0.378,187,112,7
2019,40,Idanre,1,WHO_literature,2019-10-07,165.98,24.22714285714286,29.19,21.62,92.5942857142857,124,145,54,42,35,0.378,187,112,7
2019,41,Idanre,0,WHO_literature,2019-10-14,149.97,24.27857142857143,28.46,21.18,93.97428571428573,124,145,54,42,35,0.378,187,112,7
2019,42,Idanre,0,WHO_literature,2019-10-21,84.26,24.54714285714286,29.57,21.22,92.13285714285713,124,145,54,42,35,0.378,187,112,7
2019,43,Idanre,0,WHO_literature,2019-10-28,85.62,24.802857142857142,29.45,20.92,91.42142857142858,124,145,54,42,35,0.378,187,112,7
2019,44,Idanre,1,WHO_literature,2019-11-04,66.36,24.770000000000003,29.15,21.34,91.44714285714285,124,145,54,42,35,0.378,187,112,7
2019,45,Idanre,0,WHO_literature,2019-11-11,19.42,26.132857142857144,30.98,22.59,88.33714285714287,124,145,54,42,35,0.378,187,112,7
2019,46,Idanre,0,WHO_literature,2019-11-18,24.35,25.868571428571432,30.28,22.43,90.11142857142856,124,145,54,42,35,0.378,187,112,7
2019,47,Idanre,0,WHO_literature,2019-11-25,11.34,26.08857142857143,31.07,22.72,89.21142857142857,124,145,54,42,35,0.378,187,112,7
2019,48,Idanre,0,WHO_literature,2019-12-02,3.3,26.15142857142857,31.43,20.9,85.06714285714285,124,145,54,42,35,0.378,187,112,7
2019,49,Idanre,0,WHO_literature,2019-12-09,32.36,25.72714285714286,30.66,20.92,85.34857142857143,124,145,54,42,35,0.378,187,112,7
2019,50,Idanre,0,WHO_literature,2019-12-16,11.31,25.490000000000002,30.92,19.16,78.60000000000001,124,145,54,42,35,0.378,187,112,7
2019,51,Idanre,0,WHO_literature,2019-12-23,0.33999999999999997,24.97142857142857,31.13,18.2,70.67428571428572,124,145,54,42,35,0.378,187,112,7
2019,52,Idanre,1,WHO_literature,2019-12-30,0.0,23.551428571428573,30.49,15.87,65.45285714285714,124,145,54,42,35,0.378,187,112,7
2020,1,Idanre,0,WHO_literature,2020-01-06,0.0,22.085714285714285,29.52,15.54,70.05714285714286,124,145,54,42,35,0.378,187,112,7
2020,2,Idanre,0,WHO_literature,2020-01-13,0.14,24.555714285714284,30.64,18.13,75.23285714285714,124,145,54,42,35,0.378,187,112,7
2020,3,Idanre,0,WHO_literature,2020-01-20,0.09,25.004285714285714,32.25,18.18,75.61714285714285,124,145,54,42,35,0.378,187,112,7
2020,4,Idanre,0,WHO_literature,2020-01-27,0.0,22.777142857142856,30.98,13.07,63.614285714285714,124,145,54,42,35,0.378,187,112,7
2020,5,Idanre,0,WHO_literature,2020-02-03,0.0,23.111428571428572,30.68,15.0,61.535714285714285,124,145,54,42,35,0.378,187,112,7
2020,6,Idanre,0,WHO_literature,2020-02-10,0.0,24.744285714285716,31.55,16.48,73.92857142857143,124,145,54,42,35,0.378,187,112,7
2020,7,Idanre,0,WHO_literature,2020-02-17,0.0,24.25714285714286,32.1,16.73,68.04142857142857,124,145,54,42,35,0.378,187,112,7
2020,8,Idanre,0,WHO_literature,2020-02-24,0.0,26.62857142857143,33.45,21.84,83.41857142857144,124,145,54,42,35,0.378,187,112,7
2020,9,Idanre,0,WHO_literature,2020-03-02,0.6799999999999999,26.55,32.05,23.02,83.99571428571429,124,145,54,42,35,0.378,187,112,7
2020,10,Idanre,0,WHO_literature,2020-03-09,18.71,26.38,32.71,21.37,87.36285714285714,124,145,54,42,35,0.378,187,112,7
2020,11,Idanre,0,WHO_literature,2020-03-16,43.56,26.431428571428572,31.33,22.71,89.52285714285713,124,145,54,42,35,0.378,187,112,7
2020,12,Idanre,0,WHO_literature,2020-03-23,14.169999999999998,26.65285714285714,31.18,23.92,89.32285714285715,124,145,54,42,35,0.378,187,112,7
2020,13,Idanre,0,WHO_literature,2020-03-30,33.23,25.73428571428571,30.8,22.31,90.36,124,145,54,42,35,0.378,187,112,7
2020,14,Idanre,0,WHO_literature,2020-04-06,17.96,25.985714285714288,31.25,23.32,91.58142857142856,124,145,54,42,35,0.378,187,112,7
2020,15,Idanre,0,WHO_literature,2020-04-13,30.830000000000002,25.672857142857143,31.59,21.39,88.5,124,145,54,42,35,0.378,187,112,7
2020,16,Idanre,0,WHO_literature,2020-04-20,1.94,27.247142857142855,32.34,23.61,86.58,124,145,54,42,35,0.378,187,112,7
2020,17,Idanre,0,WHO_literature,2020-04-27,43.78,25.69142857142857,30.02,22.83,91.54857142857144,124,145,54,42,35,0.378,187,112,7
2020,18,Idanre,0,WHO_literature,2020-05-04,42.839999999999996,25.90285714285714,30.65,22.39,91.86,124,145,54,42,35,0.378,187,112,7
2020,19,Idanre,1,WHO_literature,2020-05-11,22.91,26.554285714285715,31.19,23.3,89.36571428571428,124,145,54,42,35,0.378,187,112,7
2020,20,Idanre,0,WHO_literature,2020-05-18,23.47,25.767142857142858,30.12,22.03,90.63571428571429,124,145,54,42,35,0.378,187,112,7
2020,21,Idanre,0,WHO_literature,2020-05-25,30.11,25.68142857142857,30.57,22.71,91.49,124,145,54,42,35,0.378,187,112,7
2020,22,Idanre,0,WHO_literature,2020-06-01,39.72,25.25857142857143,28.77,22.7,92.91571428571429,124,145,54,42,35,0.378,187,112,7
2020,23,Idanre,0,WHO_literature,2020-06-08,58.94,25.158571428571427,29.32,22.32,92.54857142857144,124,145,54,42,35,0.378,187,112,7
2020,24,Idanre,0,WHO_literature,2020-06-15,52.260000000000005,24.717142857142857,29.24,21.94,92.25857142857141,124,145,54,42,35,0.378,187,112,7
2020,25,Idanre,0,WHO_literature,2020-06-22,73.98,24.827142857142857,30.04,20.85,92.44428571428571,124,145,54,42,35,0.378,187,112,7
2020,26,Idanre,0,WHO_literature,2020-06-29,102.24,24.771428571428572,29.42,21.91,92.30714285714285,124,145,54,42,35,0.378,187,112,7
2020,27,Idanre,0,WHO_literature,2020-07-06,116.41,24.31,28.95,21.83,92.74,124,145,54,42,35,0.378,187,112,7
2020,28,Idanre,0,WHO_literature,2020-07-13,96.76,23.958571428571428,28.48,21.59,93.60142857142857,124,145,54,42,35,0.378,187,112,7
2020,29,Idanre,1,WHO_literature,2020-07-20,60.69,23.602857142857143,27.81,21.32,92.61,124,145,54,42,35,0.378,187,112,7
2020,30,Idanre,1,WHO_literature,2020-07-27,53.65,23.945714285714285,28.15,21.52,91.99571428571429,124,145,54,42,35,0.378,187,112,7
2020,31,Idanre,0,WHO_literature,2020-08-03,28.19,23.68285714285714,28.61,20.61,90.69714285714285,124,145,54,42,35,0.378,187,112,7
2020,32,Idanre,0,WHO_literature,2020-08-10,4.96,22.928571428571427,28.39,18.6,88.69142857142857,124,145,54,42,35,0.378,187,112,7
2020,33,Idanre,0,WHO_literature,2020-08-17,5.05,23.49285714285714,29.51,18.16,87.96285714285715,124,145,54,42,35,0.378,187,112,7
2020,34,Idanre,1,WHO_literature,2020-08-24,33.38,24.142857142857142,29.61,21.0,90.48428571428572,124,145,54,42,35,0.378,187,112,7
2020,35,Idanre,0,WHO_literature,2020-08-31,21.36,23.72,28.77,20.25,90.01571428571428,124,145,54,42,35,0.378,187,112,7
2020,36,Idanre,0,WHO_literature,2020-09-07,145.26,24.03857142857143,29.53,21.21,91.62857142857142,124,145,54,42,35,0.378,187,112,7
2020,37,Idanre,2,WHO_literature,2020-09-14,186.18,24.274285714285718,29.83,21.08,91.81714285714285,124,145,54,42,35,0.378,187,112,7
2020,38,Idanre,0,WHO_literature,2020-09-21,112.53,24.307142857142857,29.34,21.53,92.19428571428571,124,145,54,42,35,0.378,187,112,7
2020,39,Idanre,0,WHO_literature,2020-09-28,77.9,24.197142857142858,28.87,21.06,92.32000000000001,124,145,54,42,35,0.378,187,112,7
2020,40,Idanre,0,WHO_literature,2020-10-05,47.41,24.59142857142857,29.05,21.26,91.92571428571429,124,145,54,42,35,0.378,187,112,7
2020,41,Idanre,0,WHO_literature,2020-10-12,50.66,24.259999999999998,28.68,20.35,91.24857142857142,124,145,54,42,35,0.378,187,112,7
2020,42,Idanre,0,WHO_literature,2020-10-19,48.91,24.981428571428573,30.0,21.61,90.58857142857143,124,145,54,42,35,0.378,187,112,7
2020,43,Idanre,0,WHO_literature,2020-10-26,22.23,25.521428571428572,30.18,22.36,90.36285714285714,124,145,54,42,35,0.378,187,112,7
2020,44,Idanre,0,WHO_literature,2020-11-02,16.7,25.904285714285713,31.2,21.82,87.50142857142858,124,145,54,42,35,0.378,187,112,7
2020,45,Idanre,0,WHO_literature,2020-11-09,17.919999999999998,25.63714285714286,30.66,20.96,87.26142857142858,124,145,54,42,35,0.378,187,112,7
2020,46,Idanre,0,WHO_literature,2020-11-16,21.71,24.845714285714283,29.31,20.71,86.61142857142856,124,145,54,42,35,0.378,187,112,7
2020,47,Idanre,0,WHO_literature,2020-11-23,4.61,25.46,30.41,20.51,83.4557142857143,124,145,54,42,35,0.378,187,112,7
2020,48,Idanre,0,WHO_literature,2020-11-30,63.4,26.117142857142856,31.37,21.63,86.49000000000001,124,145,54,42,35,0.378,187,112,7
2020,49,Idanre,0,WHO_literature,2020-12-07,4.05,25.877142857142854,31.42,20.45,83.18571428571428,124,145,54,42,35,0.378,187,112,7
2020,50,Idanre,0,WHO_literature,2020-12-14,8.56,25.095714285714283,30.68,20.19,89.89,124,145,54,42,35,0.378,187,112,7
2020,51,Idanre,1,WHO_literature,2020-12-21,13.379999999999999,25.472857142857144,30.88,22.1,89.42142857142858,124,145,54,42,35,0.378,187,112,7
2020,52,Idanre,0,WHO_literature,2020-12-28,2.5,25.00857142857143,31.2,18.21,84.13142857142857,124,145,54,42,35,0.378,187,112,7
2021,1,Idanre,0,WHO_literature,2021-01-04,17.94,25.87142857142857,31.68,22.06,87.97285714285714,124,145,54,42,35,0.378,187,112,7
2021,2,Idanre,1,WHO_literature,2021-01-11,0.42000000000000004,25.665714285714284,32.03,19.54,80.72857142857143,124,145,54,42,35,0.378,187,112,7
2021,3,Idanre,0,WHO_literature,2021-01-18,0.05,24.175714285714285,31.72,17.17,70.42857142857143,124,145,54,42,35,0.378,187,112,7
2021,4,Idanre,0,WHO_literature,2021-01-25,2.92,25.15285714285714,31.86,18.24,85.33428571428571,124,145,54,42,35,0.378,187,112,7
2021,5,Idanre,0,WHO_literature,2021-02-01,2.1999999999999997,25.935714285714287,31.66,21.82,85.36714285714287,124,145,54,42,35,0.378,187,112,7
2021,6,Idanre,0,WHO_literature,2021-02-08,13.91,26.914285714285715,33.23,22.86,84.87428571428572,124,145,54,42,35,0.378,187,112,7
2021,7,Idanre,0,WHO_literature,2021-02-15,3.05,24.34857142857143,32.04,16.63,71.33571428571429,124,145,54,42,35,0.378,187,112,7
2021,8,Idanre,0,WHO_literature,2021-02-22,2.5,25.40142857142857,31.42,19.16,86.17714285714285,124,145,54,42,35,0.378,187,112,7
2021,9,Idanre,1,WHO_literature,2021-03-01,1.03,26.735714285714288,33.1,22.47,85.68714285714285,124,145,54,42,35,0.378,187,112,7
2021,10,Idanre,0,WHO_literature,2021-03-08,33.62,25.681428571428572,29.93,23.04,91.54571428571428,124,145,54,42,35,0.378,187,112,7
2021,11,Idanre,0,WHO_literature,2021-03-15,12.83,25.014285714285712,29.84,22.39,90.80714285714285,124,145,54,42,35,0.378,187,112,7
2021,12,Idanre,0,WHO_literature,2021-03-22,23.62,25.895714285714288,31.71,22.71,88.65857142857143,124,145,54,42,35,0.378,187,112,7
2021,13,Idanre,0,WHO_literature,2021-03-29,1.03,26.774285714285714,31.9,23.27,85.93571428571428,124,145,54,42,35,0.378,187,112,7
2021,14,Idanre,3,WHO_literature,2021-04-05,48.83,26.21,31.4,23.43,90.90714285714286,124,145,54,42,35,0.378,187,112,7
2021,15,Idanre,0,WHO_literature,2021-04-12,102.19,25.284285714285716,29.6,22.73,91.28428571428572,124,145,54,42,35,0.378,187,112,7
2021,16,Idanre,3,WHO_literature,2021-04-19,33.57,25.52857142857143,29.95,22.1,92.13571428571429,124,145,54,42,35,0.378,187,112,7
2021,17,Idanre,0,WHO_literature,2021-04-26,12.360000000000001,26.20285714285714,30.97,23.27,90.34142857142857,124,145,54,42,35,0.378,187,112,7
2021,18,Idanre,1,WHO_literature,2021-05-03,48.54,25.042857142857144,29.73,21.85,90.57285714285715,124,145,54,42,35,0.378,187,112,7
2021,19,Idanre,2,WHO_literature,2021-05-10,20.5,25.568571428571428,30.25,20.66,91.41,124,145,54,42,35,0.378,187,112,7
2021,20,Idanre,4,WHO_literature,2021-05-17,38.26,25.638571428571428,30.17,21.8,91.64,124,145,54,42,35,0.378,187,112,7
2021,21,Idanre,5,WHO_literature,2021-05-24,38.61,25.96,30.35,23.02,92.58714285714287,124,145,54,42,35,0.378,187,112,7
2021,22,Idanre,2,WHO_literature,2021-05-31,79.84,25.494285714285716,29.96,22.3,91.47142857142856,124,145,54,42,35,0.378,187,112,7
2021,23,Idanre,2,WHO_literature,2021-06-07,29.44,25.417142857142856,30.29,22.33,90.3442857142857,124,145,54,42,35,0.378,187,112,7
2021,24,Idanre,6,WHO_literature,2021-06-14,93.1,24.86285714285714,29.32,22.15,93.38714285714286,124,145,54,42,35,0.378,187,112,7
2021,25,Idanre,6,WHO_literature,2021-06-21,53.76,24.70285714285714,28.87,21.92,90.83428571428571,124,145,54,42,35,0.378,187,112,7
2021,26,Idanre,7,WHO_literature,2021-06-28,61.77,24.192857142857143,29.12,20.75,91.98857142857142,124,145,54,42,35,0.378,187,112,7
2021,27,Idanre,7,WHO_literature,2021-07-05,40.33,24.255714285714287,28.69,21.52,91.8,124,145,54,42,35,0.378,187,112,7
2021,28,Idanre,2,WHO_literature,2021-07-12,149.04,24.472857142857144,28.4,21.38,91.53571428571429,124,145,54,42,35,0.378,187,112,7
2021,29,Idanre,8,WHO_literature,2021-07-19,41.089999999999996,24.222857142857144,29.06,20.92,90.2957142857143,124,145,54,42,35,0.378,187,112,7
2021,30,Idanre,11,WHO_literature,2021-07-26,34.56,23.864285714285717,28.72,20.61,90.82857142857142,124,145,54,42,35,0.378,187,112,7
2021,31,Idanre,7,WHO_literature,2021-08-02,94.53,23.974285714285713,27.98,21.5,93.60428571428572,124,145,54,42,35,0.378,187,112,7
2021,32,Idanre,9,WHO_literature,2021-08-09,135.91,24.104285714285712,28.62,21.2,92.46142857142857,124,145,54,42,35,0.378,187,112,7
2021,33,Idanre,5,WHO_literature,2021-08-16,113.35,23.684285714285714,27.99,21.5,93.52714285714286,124,145,54,42,35,0.378,187,112,7
2021,34,Idanre,4,WHO_literature,2021-08-23,76.94999999999999,24.747142857142855,28.96,21.61,92.14714285714285,124,145,54,42,35,0.378,187,112,7
2021,35,Idanre,5,WHO_literature,2021-08-30,136.68,24.541428571428572,28.99,21.67,92.15857142857143,124,145,54,42,35,0.378,187,112,7
2021,36,Idanre,8,WHO_literature,2021-09-06,52.57,24.577142857142857,28.4,21.83,92.62714285714286,124,145,54,42,35,0.378,187,112,7
2021,37,Idanre,8,WHO_literature,2021-09-13,45.78,24.56142857142857,28.78,21.34,92.10714285714286,124,145,54,42,35,0.378,187,112,7
2021,38,Idanre,10,WHO_literature,2021-09-20,122.08,24.478571428571428,28.63,20.88,91.96142857142857,124,145,54,42,35,0.378,187,112,7
2021,39,Idanre,1,WHO_literature,2021-09-27,49.76,24.822857142857142,29.1,21.87,91.92714285714285,124,145,54,42,35,0.378,187,112,7
2021,40,Idanre,1,WHO_literature,2021-10-04,57.09,25.38,30.23,22.4,92.59571428571428,124,145,54,42,35,0.378,187,112,7
2021,41,Idanre,2,WHO_literature,2021-10-11,46.95,25.228571428571428,29.5,22.13,92.34714285714287,124,145,54,42,35,0.378,187,112,7
2021,42,Idanre,5,WHO_literature,2021-10-18,37.01,25.080000000000002,29.93,21.9,90.5657142857143,124,145,54,42,35,0.378,187,112,7
2021,43,Idanre,3,WHO_literature,2021-10-25,64.07,25.534285714285716,30.16,22.16,91.12285714285714,124,145,54,42,35,0.378,187,112,7
2021,44,Idanre,5,WHO_literature,2021-11-01,62.42,25.37,29.86,22.52,91.88428571428572,124,145,54,42,35,0.378,187,112,7
2021,45,Idanre,1,WHO_literature,2021-11-08,142.11,25.611428571428572,29.84,22.54,91.60857142857142,124,145,54,42,35,0.378,187,112,7
2021,46,Idanre,4,WHO_literature,2021-11-15,94.42,25.92142857142857,30.22,22.59,89.89428571428572,124,145,54,42,35,0.378,187,112,7
2021,47,Idanre,0,NCDC_real,2021-11-22,28.29,25.717142857142857,30.33,22.56,89.74571428571429,124,145,54,42,35,0.378,187,112,7
2021,48,Idanre,1,WHO_literature,2021-11-29,16.22,26.0,30.85,21.87,86.49142857142859,124,145,54,42,35,0.378,187,112,7
2021,49,Idanre,0,WHO_literature,2021-12-06,4.38,25.325714285714287,30.46,19.88,82.66714285714285,124,145,54,42,35,0.378,187,112,7
2021,50,Idanre,1,NCDC_real,2021-12-13,62.34,24.275714285714287,31.15,17.37,82.12428571428572,124,145,54,42,35,0.378,187,112,7
2021,51,Idanre,0,WHO_literature,2021-12-20,1.98,23.645714285714284,31.14,17.07,81.0442857142857,124,145,54,42,35,0.378,187,112,7
2021,52,Idanre,1,WHO_literature,2021-12-27,21.47,24.551428571428573,30.19,19.12,83.27571428571427,124,145,54,42,35,0.378,187,112,7
2022,1,Idanre,1,WHO_literature,2022-01-03,16.509999999999998,24.147142857142857,30.77,17.74,78.13571428571429,124,145,54,42,35,0.378,187,112,7
2022,2,Idanre,0,WHO_literature,2022-01-10,34.33,25.14428571428571,30.68,21.04,86.89142857142858,124,145,54,42,35,0.378,187,112,7
2022,3,Idanre,0,WHO_literature,2022-01-17,7.239999999999999,22.544285714285714,30.37,16.23,74.93857142857142,124,145,54,42,35,0.378,187,112,7
2022,4,Idanre,0,WHO_literature,2022-01-24,0.29,21.99285714285714,30.11,14.67,71.67714285714285,124,145,54,42,35,0.378,187,112,7
2022,5,Idanre,0,WHO_literature,2022-01-31,0.0,22.085714285714285,29.71,13.69,66.85714285714286,124,145,54,42,35,0.378,187,112,7
2022,6,Idanre,0,WHO_literature,2022-02-07,10.52,24.954285714285714,31.67,17.1,78.14571428571428,124,145,54,42,35,0.378,187,112,7
2022,7,Idanre,0,WHO_literature,2022-02-14,2.7600000000000002,26.315714285714286,32.63,21.8,85.01285714285713,124,145,54,42,35,0.378,187,112,7
2022,8,Idanre,0,WHO_literature,2022-02-21,11.28,26.572857142857142,32.29,22.22,84.40428571428572,124,145,54,42,35,0.378,187,112,7
2022,9,Idanre,0,WHO_literature,2022-02-28,38.01,25.624285714285715,31.54,22.46,90.63285714285715,124,145,54,42,35,0.378,187,112,7
2022,10,Idanre,0,WHO_literature,2022-03-07,21.89,26.134285714285713,30.65,22.86,90.01857142857143,124,145,54,42,35,0.378,187,112,7
2022,11,Idanre,0,WHO_literature,2022-03-14,9.87,26.395714285714288,32.25,23.23,89.73142857142857,124,145,54,42,35,0.378,187,112,7
2022,12,Idanre,0,WHO_literature,2022-03-21,22.75,26.5,32.52,23.43,88.98714285714286,124,145,54,42,35,0.378,187,112,7
2022,13,Idanre,0,WHO_literature,2022-03-28,22.52,26.360000000000003,32.02,21.82,89.18285714285715,124,145,54,42,35,0.378,187,112,7
2022,14,Idanre,0,WHO_literature,2022-04-04,36.46,25.657142857142855,30.13,21.66,91.84428571428573,124,145,54,42,35,0.378,187,112,7
2022,15,Idanre,3,WHO_literature,2022-04-11,22.01,25.437142857142856,30.16,22.23,90.67999999999999,124,145,54,42,35,0.378,187,112,7
2022,16,Idanre,1,WHO_literature,2022-04-18,40.96,25.494285714285716,30.42,22.66,90.63857142857144,124,145,54,42,35,0.378,187,112,7
2022,17,Idanre,1,WHO_literature,2022-04-25,79.48,25.175714285714285,29.56,22.13,92.14285714285714,124,145,54,42,35,0.378,187,112,7
2022,18,Idanre,1,WHO_literature,2022-05-02,22.25,25.58142857142857,29.87,22.75,91.26714285714286,124,145,54,42,35,0.378,187,112,7
2022,19,Idanre,3,WHO_literature,2022-05-09,26.1,25.97,30.33,22.89,91.20857142857143,124,145,54,42,35,0.378,187,112,7
2022,20,Idanre,4,WHO_literature,2022-05-16,54.19,25.41857142857143,30.18,22.69,92.85857142857142,124,145,54,42,35,0.378,187,112,7
2022,21,Idanre,1,WHO_literature,2022-05-23,34.300000000000004,24.801428571428573,29.21,21.17,91.38285714285715,124,145,54,42,35,0.378,187,112,7
2022,22,Idanre,1,WHO_literature,2022-05-30,60.14,25.334285714285716,29.6,22.46,91.9557142857143,124,145,54,42,35,0.378,187,112,7
2022,23,Idanre,6,WHO_literature,2022-06-06,160.07999999999998,24.458571428571428,28.05,21.22,93.99571428571429,124,145,54,42,35,0.378,187,112,7
2022,24,Idanre,4,WHO_literature,2022-06-13,42.16,24.46857142857143,28.62,21.51,93.66285714285713,124,145,54,42,35,0.378,187,112,7
2022,25,Idanre,4,WHO_literature,2022-06-20,51.269999999999996,24.240000000000002,27.67,21.75,93.71142857142857,124,145,54,42,35,0.378,187,112,7
2022,26,Idanre,2,WHO_literature,2022-06-27,62.25,24.284285714285716,28.84,21.3,91.66428571428571,124,145,54,42,35,0.378,187,112,7
2022,27,Idanre,2,WHO_literature,2022-07-04,87.07,24.494285714285716,29.32,21.75,93.03285714285714,124,145,54,42,35,0.378,187,112,7
2022,28,Idanre,6,WHO_literature,2022-07-11,21.77,24.505714285714284,29.01,21.7,90.83428571428571,124,145,54,42,35,0.378,187,112,7
2022,29,Idanre,10,WHO_literature,2022-07-18,84.07,23.982857142857142,28.72,20.55,90.68571428571428,124,145,54,42,35,0.378,187,112,7
2022,30,Idanre,5,WHO_literature,2022-07-25,61.51,23.889999999999997,27.97,21.48,92.95142857142858,124,145,54,42,35,0.378,187,112,7
2022,31,Idanre,6,WHO_literature,2022-08-01,8.12,23.96142857142857,28.81,20.35,88.88,124,145,54,42,35,0.378,187,112,7
2022,32,Idanre,4,WHO_literature,2022-08-08,65.5,23.844285714285714,28.34,21.17,92.4742857142857,124,145,54,42,35,0.378,187,112,7
2022,33,Idanre,2,WHO_literature,2022-08-15,45.59,23.859999999999996,29.17,20.46,90.96142857142857,124,145,54,42,35,0.378,187,112,7
2022,34,Idanre,5,WHO_literature,2022-08-22,76.96,23.77857142857143,27.99,20.93,92.31142857142858,124,145,54,42,35,0.378,187,112,7
2022,35,Idanre,7,WHO_literature,2022-08-29,53.98,24.207142857142856,28.72,21.17,91.50142857142858,124,145,54,42,35,0.378,187,112,7
2022,36,Idanre,7,WHO_literature,2022-09-05,48.32,24.40857142857143,28.98,21.55,91.41428571428571,124,145,54,42,35,0.378,187,112,7
2022,37,Idanre,9,WHO_literature,2022-09-12,71.05,24.261428571428574,29.2,21.45,93.06428571428572,124,145,54,42,35,0.378,187,112,7
2022,38,Idanre,1,WHO_literature,2022-09-19,92.49,24.34857142857143,28.72,21.6,92.40285714285713,124,145,54,42,35,0.378,187,112,7
2022,39,Idanre,1,WHO_literature,2022-09-26,84.77000000000001,23.777142857142856,28.38,21.29,92.68571428571428,124,145,54,42,35,0.378,187,112,7
2022,40,Idanre,1,WHO_literature,2022-10-03,90.56,24.754285714285714,29.2,21.09,90.83857142857143,124,145,54,42,35,0.378,187,112,7
2022,41,Idanre,4,WHO_literature,2022-10-10,56.15,24.981428571428573,29.56,21.6,90.55857142857143,124,145,54,42,35,0.378,187,112,7
2022,42,Idanre,2,WHO_literature,2022-10-17,51.24,25.56142857142857,30.53,22.2,90.02857142857144,124,145,54,42,35,0.378,187,112,7
2022,43,Idanre,3,WHO_literature,2022-10-24,9.15,25.73428571428571,30.78,22.42,86.75857142857141,124,145,54,42,35,0.378,187,112,7
2022,44,Idanre,1,WHO_literature,2022-10-31,25.72,25.398571428571426,30.14,20.37,87.16,124,145,54,42,35,0.378,187,112,7
2022,45,Idanre,4,WHO_literature,2022-11-07,8.7,25.859999999999996,30.95,22.37,87.26714285714286,124,145,54,42,35,0.378,187,112,7
2022,46,Idanre,2,WHO_literature,2022-11-14,2.33,25.382857142857144,30.35,21.06,85.62,124,145,54,42,35,0.378,187,112,7
2022,47,Idanre,1,WHO_literature,2022-11-21,3.58,25.05,30.28,19.29,82.66428571428571,124,145,54,42,35,0.378,187,112,7
2022,48,Idanre,0,WHO_literature,2022-11-28,10.32,25.34857142857143,30.11,21.39,87.10142857142857,124,145,54,42,35,0.378,187,112,7
2022,49,Idanre,1,WHO_literature,2022-12-05,0.14,24.398571428571426,29.78,17.34,79.48857142857142,124,145,54,42,35,0.378,187,112,7
2022,50,Idanre,0,WHO_literature,2022-12-12,15.96,24.701428571428572,30.64,20.28,89.41,124,145,54,42,35,0.378,187,112,7
2022,51,Idanre,1,WHO_literature,2022-12-19,0.0,22.374285714285715,28.85,15.56,71.57857142857144,124,145,54,42,35,0.378,187,112,7
2022,52,Idanre,0,WHO_literature,2022-12-26,0.0,21.86285714285714,29.29,15.04,69.03428571428572,124,145,54,42,35,0.378,187,112,7
2023,1,Idanre,0,WHO_literature,2023-01-02,0.04,23.74142857142857,30.38,16.71,69.1542857142857,124,145,54,42,35,0.378,187,112,7
2023,2,Idanre,0,WHO_literature,2023-01-09,0.01,22.577142857142857,30.18,14.66,64.60142857142857,124,145,54,42,35,0.378,187,112,7
2023,3,Idanre,0,WHO_literature,2023-01-16,1.2200000000000002,24.65142857142857,31.71,16.78,76.0457142857143,124,145,54,42,35,0.378,187,112,7
2023,4,Idanre,0,WHO_literature,2023-01-23,3.94,25.55,32.3,21.54,87.91714285714285,124,145,54,42,35,0.378,187,112,7
2023,5,Idanre,0,WHO_literature,2023-01-30,14.3,25.695714285714285,32.32,21.72,87.45142857142856,124,145,54,42,35,0.378,187,112,7
2023,6,Idanre,0,WHO_literature,2023-02-06,40.94,26.2,32.83,21.19,81.92714285714285,124,145,54,42,35,0.378,187,112,7
2023,7,Idanre,0,WHO_literature,2023-02-13,0.0,23.458571428571428,30.52,16.93,65.22142857142858,124,145,54,42,35,0.378,187,112,7
2023,8,Idanre,0,WHO_literature,2023-02-20,23.66,25.577142857142857,31.41,17.7,81.3157142857143,124,145,54,42,35,0.378,187,112,7
2023,9,Idanre,0,WHO_literature,2023-02-27,16.96,25.83142857142857,30.07,22.59,90.13285714285715,124,145,54,42,35,0.378,187,112,7
2023,10,Idanre,0,WHO_literature,2023-03-06,29.28,25.924285714285713,30.45,22.87,90.09714285714287,124,145,54,42,35,0.378,187,112,7
2023,11,Idanre,0,WHO_literature,2023-03-13,34.83,25.25142857142857,30.04,22.15,89.58714285714287,124,145,54,42,35,0.378,187,112,7
2023,12,Idanre,0,WHO_literature,2023-03-20,39.97,25.397142857142857,30.73,21.49,88.33285714285715,124,145,54,42,35,0.378,187,112,7
2023,13,Idanre,0,WHO_literature,2023-03-27,18.48,26.07857142857143,31.06,22.64,88.08714285714287,124,145,54,42,35,0.378,187,112,7
2023,14,Idanre,1,WHO_literature,2023-04-03,43.459999999999994,25.859999999999996,30.35,22.59,90.54714285714286,124,145,54,42,35,0.378,187,112,7
2023,15,Idanre,0,WHO_literature,2023-04-10,27.5,25.895714285714288,30.25,22.84,91.94285714285715,124,145,54,42,35,0.378,187,112,7
2023,16,Idanre,1,WHO_literature,2023-04-17,26.35,26.111428571428572,30.99,23.15,91.31285714285714,124,145,54,42,35,0.378,187,112,7
2023,17,Idanre,1,WHO_literature,2023-04-24,51.32,25.345714285714283,29.6,22.69,91.63857142857144,124,145,54,42,35,0.378,187,112,7
2023,18,Idanre,0,WHO_literature,2023-05-01,23.55,25.514285714285712,29.66,21.75,90.48714285714286,124,145,54,42,35,0.378,187,112,7
2023,19,Idanre,2,WHO_literature,2023-05-08,30.39,25.965714285714284,29.95,23.09,92.32428571428571,124,145,54,42,35,0.378,187,112,7
2023,20,Idanre,0,WHO_literature,2023-05-15,37.53,26.185714285714287,30.01,23.38,92.49571428571429,124,145,54,42,35,0.378,187,112,7
2023,21,Idanre,1,WHO_literature,2023-05-22,27.07,26.01142857142857,29.84,22.9,92.50285714285714,124,145,54,42,35,0.378,187,112,7
2023,22,Idanre,2,WHO_literature,2023-05-29,37.11,26.014285714285712,30.45,22.76,91.42,124,145,54,42,35,0.378,187,112,7
2023,23,Idanre,2,WHO_literature,2023-06-05,159.01999999999998,24.928571428571427,29.14,22.33,93.64,124,145,54,42,35,0.378,187,112,7
2023,24,Idanre,1,WHO_literature,2023-06-12,78.59,25.017142857142858,29.39,21.86,92.14999999999999,124,145,54,42,35,0.378,187,112,7
2023,25,Idanre,1,WHO_literature,2023-06-19,57.879999999999995,24.731428571428573,28.65,21.7,92.13571428571429,124,145,54,42,35,0.378,187,112,7
2023,26,Idanre,1,WHO_literature,2023-06-26,52.129999999999995,24.68,29.54,22.15,92.26428571428572,124,145,54,42,35,0.378,187,112,7
2023,27,Idanre,3,WHO_literature,2023-07-03,59.17,24.884285714285713,29.73,22.13,92.50285714285714,124,145,54,42,35,0.378,187,112,7
2023,28,Idanre,2,WHO_literature,2023-07-10,23.53,25.524285714285714,30.73,21.86,90.28,124,145,54,42,35,0.378,187,112,7
2023,29,Idanre,2,WHO_literature,2023-07-17,68.42,25.07857142857143,28.95,22.65,92.82857142857142,124,145,54,42,35,0.378,187,112,7
2023,30,Idanre,3,WHO_literature,2023-07-24,80.66,24.892857142857142,29.78,21.94,91.95285714285714,124,145,54,42,35,0.378,187,112,7
2023,31,Idanre,2,WHO_literature,2023-07-31,24.82,24.87857142857143,29.82,21.86,90.90285714285714,124,145,54,42,35,0.378,187,112,7
2023,32,Idanre,2,WHO_literature,2023-08-07,26.97,24.76142857142857,29.06,22.22,90.97857142857143,124,145,54,42,35,0.378,187,112,7
2023,33,Idanre,2,WHO_literature,2023-08-14,25.8,25.051428571428573,30.18,22.02,90.62571428571428,124,145,54,42,35,0.378,187,112,7
2023,34,Idanre,2,WHO_literature,2023-08-21,30.310000000000002,25.037142857142857,29.65,22.09,91.62857142857142,124,145,54,42,35,0.378,187,112,7
2023,35,Idanre,4,WHO_literature,2023-08-28,111.89,24.545714285714286,28.79,21.82,92.69285714285715,124,145,54,42,35,0.378,187,112,7
2023,36,Idanre,4,WHO_literature,2023-09-04,98.4,24.925714285714285,30.25,21.74,92.14428571428572,124,145,54,42,35,0.378,187,112,7
2023,37,Idanre,0,WHO_literature,2023-09-11,110.8,24.987142857142857,28.97,22.6,93.3,124,145,54,42,35,0.378,187,112,7
2023,38,Idanre,0,WHO_literature,2023-09-18,59.39,25.142857142857142,29.67,22.67,91.98571428571428,124,145,54,42,35,0.378,187,112,7
2023,39,Idanre,1,WHO_literature,2023-09-25,63.54,25.944285714285716,30.75,22.83,90.86714285714287,124,145,54,42,35,0.378,187,112,7
2023,40,Idanre,2,WHO_literature,2023-10-02,87.97,25.701428571428572,29.98,23.09,92.08714285714287,124,145,54,42,35,0.378,187,112,7
2023,41,Idanre,2,WHO_literature,2023-10-09,46.93,25.58285714285714,29.65,23.07,92.82142857142857,124,145,54,42,35,0.378,187,112,7
2023,42,Idanre,1,WHO_literature,2023-10-16,32.03,25.43285714285714,30.21,21.69,91.98571428571428,124,145,54,42,35,0.378,187,112,7
2023,43,Idanre,0,WHO_literature,2023-10-23,8.66,25.90857142857143,30.7,22.75,90.42142857142858,124,145,54,42,35,0.378,187,112,7
2023,44,Idanre,4,WHO_literature,2023-10-30,57.5,25.66142857142857,29.56,23.14,91.65571428571427,124,145,54,42,35,0.378,187,112,7
2023,45,Idanre,1,WHO_literature,2023-11-06,22.7,25.835714285714285,30.23,23.17,91.45714285714287,124,145,54,42,35,0.378,187,112,7
2023,46,Idanre,0,WHO_literature,2023-11-13,8.35,25.77285714285714,30.13,21.99,89.59285714285714,124,145,54,42,35,0.378,187,112,7
2023,47,Idanre,0,WHO_literature,2023-11-20,30.700000000000003,25.744285714285716,31.0,22.61,91.07571428571428,124,145,54,42,35,0.378,187,112,7
2023,48,Idanre,1,WHO_literature,2023-11-27,5.91,26.175714285714285,31.36,21.93,87.51428571428572,124,145,54,42,35,0.378,187,112,7
2023,49,Idanre,0,WHO_literature,2023-12-04,0.64,26.27857142857143,31.38,22.12,85.76428571428572,124,145,54,42,35,0.378,187,112,7
2023,50,Idanre,1,WHO_literature,2023-12-11,0.0,24.24142857142857,30.85,17.2,71.36428571428571,124,145,54,42,35,0.378,187,112,7
2023,51,Idanre,0,WHO_literature,2023-12-18,0.0,24.83285714285714,30.93,18.11,74.34714285714287,124,145,54,42,35,0.378,187,112,7
2023,52,Idanre,0,WHO_literature,2023-12-25,0.0,25.032857142857143,31.24,17.75,69.90285714285714,124,145,54,42,35,0.378,187,112,7
2024,1,Idanre,0,WHO_literature,2024-01-01,1.0,26.45285714285714,32.06,20.28,82.73714285714286,124,145,54,42,35,0.378,187,112,7
2024,2,Idanre,0,WHO_literature,2024-01-08,2.59,26.169999999999998,32.52,20.59,78.32142857142857,124,145,54,42,35,0.378,187,112,7
2024,3,Idanre,0,WHO_literature,2024-01-15,0.0,23.692857142857143,31.37,15.53,58.46714285714285,124,145,54,42,35,0.378,187,112,7
2024,4,Idanre,0,WHO_literature,2024-01-22,6.0,23.92142857142857,32.15,16.66,70.77857142857144,124,145,54,42,35,0.378,187,112,7
2024,5,Idanre,0,WHO_literature,2024-01-29,0.0,24.87142857142857,31.14,17.68,68.14285714285714,124,145,54,42,35,0.378,187,112,7
2024,6,Idanre,1,WHO_literature,2024-02-05,0.01,24.43857142857143,32.63,17.63,68.05428571428571,124,145,54,42,35,0.378,187,112,7
2024,7,Idanre,0,WHO_literature,2024-02-12,0.67,26.867142857142856,33.18,22.56,84.17999999999999,124,145,54,42,35,0.378,187,112,7
2024,8,Idanre,0,WHO_literature,2024-02-19,27.09,27.027142857142856,33.04,23.19,82.00142857142858,124,145,54,42,35,0.378,187,112,7
2024,9,Idanre,0,WHO_literature,2024-02-26,1.3599999999999999,27.03,33.54,22.62,86.7057142857143,124,145,54,42,35,0.378,187,112,7
2024,10,Idanre,0,WHO_literature,2024-03-04,8.5,26.81714285714286,31.55,23.52,88.7757142857143,124,145,54,42,35,0.378,187,112,7
2024,11,Idanre,0,WHO_literature,2024-03-11,13.319999999999999,27.390000000000004,34.02,23.77,87.28999999999999,124,145,54,42,35,0.378,187,112,7
2024,12,Idanre,0,WHO_literature,2024-03-18,4.73,27.108571428571427,32.79,24.26,88.17428571428572,124,145,54,42,35,0.378,187,112,7
2024,13,Idanre,0,WHO_literature,2024-03-25,5.37,27.12,32.64,24.25,89.45142857142856,124,145,54,42,35,0.378,187,112,7
2024,14,Idanre,0,WHO_literature,2024-04-01,17.68,26.944285714285716,31.66,24.25,90.52428571428571,124,145,54,42,35,0.378,187,112,7
2024,15,Idanre,1,WHO_literature,2024-04-08,26.07,26.444285714285716,30.3,23.34,91.14714285714285,124,145,54,42,35,0.378,187,112,7
2024,16,Idanre,1,WHO_literature,2024-04-15,6.28,26.928571428571427,31.03,24.43,90.40714285714286,124,145,54,42,35,0.378,187,112,7
2024,17,Idanre,0,WHO_literature,2024-04-22,39.56,26.827142857142857,30.63,24.16,91.82714285714285,124,145,54,42,35,0.378,187,112,7
2024,18,Idanre,0,WHO_literature,2024-04-29,57.19,26.464285714285715,30.59,23.49,92.78571428571429,124,145,54,42,35,0.378,187,112,7
2024,19,Idanre,0,WHO_literature,2024-05-06,10.58,26.631428571428568,30.06,24.01,91.19428571428571,124,145,54,42,35,0.378,187,112,7
2024,20,Idanre,1,WHO_literature,2024-05-13,35.849999999999994,26.825714285714287,31.41,23.09,89.89285714285714,124,145,54,42,35,0.378,187,112,7
2024,21,Idanre,2,WHO_literature,2024-05-20,87.46000000000001,26.222857142857144,30.85,22.62,91.72,124,145,54,42,35,0.378,187,112,7
2024,22,Idanre,0,WHO_literature,2024-05-27,33.63,26.02285714285714,30.28,22.77,92.61857142857143,124,145,54,42,35,0.378,187,112,7
2024,23,Idanre,1,WHO_literature,2024-06-03,47.629999999999995,25.771428571428572,29.8,23.05,92.64142857142858,124,145,54,42,35,0.378,187,112,7
2024,24,Idanre,0,WHO_literature,2024-06-10,55.410000000000004,25.715714285714284,29.96,22.74,91.63142857142859,124,145,54,42,35,0.378,187,112,7
2024,25,Idanre,1,WHO_literature,2024-06-17,36.64,25.462857142857143,30.59,22.15,92.21714285714286,124,145,54,42,35,0.378,187,112,7
2024,26,Idanre,3,WHO_literature,2024-06-24,67.02,25.15285714285714,29.08,21.74,91.66857142857143,124,145,54,42,35,0.378,187,112,7
2024,27,Idanre,0,WHO_literature,2024-07-01,77.02000000000001,25.035714285714285,29.34,22.13,91.07857142857142,124,145,54,42,35,0.378,187,112,7
2024,28,Idanre,1,WHO_literature,2024-07-08,43.49,25.009999999999998,29.35,21.94,90.48857142857143,124,145,54,42,35,0.378,187,112,7
2024,29,Idanre,2,WHO_literature,2024-07-15,62.0,24.801428571428573,29.32,22.45,91.8157142857143,124,145,54,42,35,0.378,187,112,7
2024,30,Idanre,1,WHO_literature,2024-07-22,14.389999999999999,24.8,29.41,21.98,89.89571428571428,124,145,54,42,35,0.378,187,112,7
2024,31,Idanre,2,WHO_literature,2024-07-29,20.64,24.784285714285716,29.74,21.73,89.41428571428571,124,145,54,42,35,0.378,187,112,7
2024,32,Idanre,2,WHO_literature,2024-08-05,3.7800000000000002,24.717142857142857,29.75,21.57,87.8157142857143,124,145,54,42,35,0.378,187,112,7
2024,33,Idanre,5,WHO_literature,2024-08-12,6.83,24.650000000000002,29.24,21.8,88.89142857142858,124,145,54,42,35,0.378,187,112,7
2024,34,Idanre,3,WHO_literature,2024-08-19,90.77000000000001,24.52285714285714,29.24,22.13,92.27857142857144,124,145,54,42,35,0.378,187,112,7
2024,35,Idanre,4,WHO_literature,2024-08-26,38.26,24.818571428571428,29.76,22.04,90.71142857142857,124,145,54,42,35,0.378,187,112,7
2024,36,Idanre,0,WHO_literature,2024-09-02,56.72,24.792857142857144,29.96,21.33,89.49428571428572,124,145,54,42,35,0.378,187,112,7
2024,37,Idanre,0,WHO_literature,2024-09-09,88.39999999999999,24.88714285714286,29.25,22.28,92.34571428571428,124,145,54,42,35,0.378,187,112,7
2024,38,Idanre,1,WHO_literature,2024-09-16,43.6,25.087142857142858,29.53,22.26,91.30714285714285,124,145,54,42,35,0.378,187,112,7
2024,39,Idanre,2,WHO_literature,2024-09-23,39.16,25.065714285714286,29.42,21.83,90.15714285714286,124,145,54,42,35,0.378,187,112,7
2024,40,Idanre,2,WHO_literature,2024-09-30,60.65,25.017142857142858,29.93,22.2,92.17142857142858,124,145,54,42,35,0.378,187,112,7
2024,41,Idanre,0,WHO_literature,2024-10-07,43.019999999999996,25.47142857142857,30.08,22.33,89.80857142857143,124,145,54,42,35,0.378,187,112,7
2024,42,Idanre,0,WHO_literature,2024-10-14,45.92999999999999,24.982857142857142,29.84,21.35,90.69000000000001,124,145,54,42,35,0.378,187,112,7
2024,43,Idanre,2,WHO_literature,2024-10-21,55.22,25.669999999999998,30.8,21.9,90.92,124,145,54,42,35,0.378,187,112,7
2024,44,Idanre,2,WHO_literature,2024-10-28,41.31,26.47,31.06,23.15,88.24142857142859,124,145,54,42,35,0.378,187,112,7
2024,45,Idanre,0,WHO_literature,2024-11-04,11.34,25.84142857142857,30.85,21.68,86.80857142857143,124,145,54,42,35,0.378,187,112,7
2024,46,Idanre,0,WHO_literature,2024-11-11,1.8900000000000001,26.04,31.2,20.38,82.5442857142857,124,145,54,42,35,0.378,187,112,7
2024,47,Idanre,2,WHO_literature,2024-11-18,2.77,25.208571428571428,30.6,19.81,79.91285714285713,124,145,54,42,35,0.378,187,112,7
2024,48,Idanre,0,WHO_literature,2024-11-25,1.0,24.195714285714285,30.09,17.0,74.18999999999998,124,145,54,42,35,0.378,187,112,7
2024,49,Idanre,1,WHO_literature,2024-12-02,0.02,24.532857142857143,30.66,18.62,77.49142857142859,124,145,54,42,35,0.378,187,112,7
2024,50,Idanre,0,WHO_literature,2024-12-09,0.09,24.302857142857142,30.85,16.91,73.42857142857143,124,145,54,42,35,0.378,187,112,7
2024,51,Idanre,1,WHO_literature,2024-12-16,0.0,23.672857142857143,30.27,15.71,68.06571428571428,124,145,54,42,35,0.378,187,112,7
2024,52,Idanre,0,WHO_literature,2024-12-23,0.0,24.14428571428571,30.93,18.43,76.39142857142858,124,145,54,42,35,0.378,187,112,7
2018,1,Ifedore,0,WHO_literature,2018-01-01,0.0,21.178571428571427,28.07,13.95,64.42,198,187,62,51,26,0.287,234,134,5
2018,2,Ifedore,0,WHO_literature,2018-01-08,0.36000000000000004,23.91857142857143,30.65,17.02,79.42714285714285,198,187,62,51,26,0.287,234,134,5
2018,3,Ifedore,0,WHO_literature,2018-01-15,0.0,24.478571428571428,31.04,18.04,76.7757142857143,198,187,62,51,26,0.287,234,134,5
2018,4,Ifedore,0,WHO_literature,2018-01-22,0.0,23.22142857142857,30.69,16.16,67.51,198,187,62,51,26,0.287,234,134,5
2018,5,Ifedore,0,WHO_literature,2018-01-29,0.5,24.49142857142857,32.81,16.44,73.15857142857143,198,187,62,51,26,0.287,234,134,5
2018,6,Ifedore,0,WHO_literature,2018-02-05,29.33,26.532857142857143,32.82,22.12,87.82857142857142,198,187,62,51,26,0.287,234,134,5
2018,7,Ifedore,0,WHO_literature,2018-02-12,15.35,26.45,32.84,22.56,85.30571428571429,198,187,62,51,26,0.287,234,134,5
2018,8,Ifedore,0,WHO_literature,2018-02-19,28.94,25.324285714285715,30.9,21.56,89.32857142857142,198,187,62,51,26,0.287,234,134,5
2018,9,Ifedore,0,WHO_literature,2018-02-26,7.66,25.75142857142857,32.18,22.45,88.41142857142857,198,187,62,51,26,0.287,234,134,5
2018,10,Ifedore,0,WHO_literature,2018-03-05,12.55,25.984285714285715,31.73,22.36,87.94857142857143,198,187,62,51,26,0.287,234,134,5
2018,11,Ifedore,0,WHO_literature,2018-03-12,28.3,26.00142857142857,30.96,22.63,89.96428571428571,198,187,62,51,26,0.287,234,134,5
2018,12,Ifedore,0,WHO_literature,2018-03-19,20.48,25.607142857142858,31.43,21.68,89.26571428571428,198,187,62,51,26,0.287,234,134,5
2018,13,Ifedore,0,WHO_literature,2018-03-26,5.97,26.13714285714286,30.77,23.26,89.90428571428572,198,187,62,51,26,0.287,234,134,5
2018,14,Ifedore,0,WHO_literature,2018-04-02,11.23,25.852857142857143,30.74,22.53,90.59,198,187,62,51,26,0.287,234,134,5
2018,15,Ifedore,0,WHO_literature,2018-04-09,13.85,25.832857142857144,30.96,22.59,88.76571428571428,198,187,62,51,26,0.287,234,134,5
2018,16,Ifedore,2,WHO_literature,2018-04-16,23.36,25.93857142857143,30.5,23.13,90.39142857142858,198,187,62,51,26,0.287,234,134,5
2018,17,Ifedore,0,WHO_literature,2018-04-23,18.71,25.632857142857144,29.53,22.6,91.42571428571429,198,187,62,51,26,0.287,234,134,5
2018,18,Ifedore,0,WHO_literature,2018-04-30,21.19,26.09714285714286,30.14,22.85,89.99714285714286,198,187,62,51,26,0.287,234,134,5
2018,19,Ifedore,0,WHO_literature,2018-05-07,53.39,24.972857142857144,29.0,22.19,91.93142857142857,198,187,62,51,26,0.287,234,134,5
2018,20,Ifedore,1,WHO_literature,2018-05-14,28.33,25.514285714285712,29.97,22.18,91.11285714285714,198,187,62,51,26,0.287,234,134,5
2018,21,Ifedore,1,WHO_literature,2018-05-21,46.82,25.24142857142857,28.84,22.38,92.99285714285715,198,187,62,51,26,0.287,234,134,5
2018,22,Ifedore,1,WHO_literature,2018-05-28,57.57,25.211428571428574,29.6,22.47,92.20285714285714,198,187,62,51,26,0.287,234,134,5
2018,23,Ifedore,2,WHO_literature,2018-06-04,76.72999999999999,24.919999999999998,29.0,21.87,93.17428571428572,198,187,62,51,26,0.287,234,134,5
2018,24,Ifedore,1,WHO_literature,2018-06-11,44.72,25.087142857142855,29.02,21.58,92.25,198,187,62,51,26,0.287,234,134,5
2018,25,Ifedore,1,WHO_literature,2018-06-18,152.79,23.74857142857143,28.37,21.25,94.07142857142857,198,187,62,51,26,0.287,234,134,5
2018,26,Ifedore,2,WHO_literature,2018-06-25,95.72,24.12285714285714,28.56,20.96,91.7,198,187,62,51,26,0.287,234,134,5
2018,27,Ifedore,1,WHO_literature,2018-07-02,62.53,24.22714285714286,28.58,21.48,92.79142857142857,198,187,62,51,26,0.287,234,134,5
2018,28,Ifedore,1,WHO_literature,2018-07-09,42.46,24.525714285714287,28.96,21.76,91.36285714285714,198,187,62,51,26,0.287,234,134,5
2018,29,Ifedore,0,WHO_literature,2018-07-16,92.2,24.15142857142857,28.7,21.55,93.06285714285714,198,187,62,51,26,0.287,234,134,5
2018,30,Ifedore,1,WHO_literature,2018-07-23,107.52000000000001,24.56857142857143,29.65,21.9,91.99428571428572,198,187,62,51,26,0.287,234,134,5
2018,31,Ifedore,3,WHO_literature,2018-07-30,66.31,23.728571428571428,28.46,20.17,90.69428571428571,198,187,62,51,26,0.287,234,134,5
2018,32,Ifedore,2,WHO_literature,2018-08-06,28.33,24.13,28.88,20.76,91.09142857142857,198,187,62,51,26,0.287,234,134,5
2018,33,Ifedore,2,WHO_literature,2018-08-13,42.519999999999996,23.96,28.55,20.97,92.58,198,187,62,51,26,0.287,234,134,5
2018,34,Ifedore,3,WHO_literature,2018-08-20,105.91,23.599999999999998,29.13,20.89,94.01857142857143,198,187,62,51,26,0.287,234,134,5
2018,35,Ifedore,2,WHO_literature,2018-08-27,166.96,24.53142857142857,28.96,21.31,91.92714285714285,198,187,62,51,26,0.287,234,134,5
2018,36,Ifedore,2,WHO_literature,2018-09-03,186.60999999999999,24.077142857142857,27.73,21.6,94.01571428571428,198,187,62,51,26,0.287,234,134,5
2018,37,Ifedore,2,WHO_literature,2018-09-10,42.12,24.314285714285713,28.84,21.53,92.23714285714286,198,187,62,51,26,0.287,234,134,5
2018,38,Ifedore,4,WHO_literature,2018-09-17,78.9,25.131428571428575,29.02,22.13,91.65428571428572,198,187,62,51,26,0.287,234,134,5
2018,39,Ifedore,4,WHO_literature,2018-09-24,51.88,24.759999999999998,29.38,21.67,91.78,198,187,62,51,26,0.287,234,134,5
2018,40,Ifedore,1,WHO_literature,2018-10-01,37.199999999999996,24.81714285714286,29.06,21.9,92.22142857142856,198,187,62,51,26,0.287,234,134,5
2018,41,Ifedore,0,WHO_literature,2018-10-08,46.980000000000004,24.931428571428572,29.31,21.18,91.54714285714286,198,187,62,51,26,0.287,234,134,5
2018,42,Ifedore,0,WHO_literature,2018-10-15,46.99,25.297142857142855,31.07,20.96,89.87285714285714,198,187,62,51,26,0.287,234,134,5
2018,43,Ifedore,1,WHO_literature,2018-10-22,25.69,25.271428571428572,29.78,21.83,92.57285714285715,198,187,62,51,26,0.287,234,134,5
2018,44,Ifedore,1,WHO_literature,2018-10-29,87.92999999999999,25.389999999999997,29.55,22.62,92.80571428571429,198,187,62,51,26,0.287,234,134,5
2018,45,Ifedore,0,WHO_literature,2018-11-05,24.15,25.624285714285715,30.5,22.72,90.14999999999999,198,187,62,51,26,0.287,234,134,5
2018,46,Ifedore,0,WHO_literature,2018-11-12,32.46,25.90285714285714,31.04,21.93,87.46714285714286,198,187,62,51,26,0.287,234,134,5
2018,47,Ifedore,0,WHO_literature,2018-11-19,18.34,25.65857142857143,31.18,19.98,86.70714285714287,198,187,62,51,26,0.287,234,134,5
2018,48,Ifedore,1,WHO_literature,2018-11-26,0.78,25.801428571428573,31.06,20.74,86.01714285714286,198,187,62,51,26,0.287,234,134,5
2018,49,Ifedore,0,WHO_literature,2018-12-03,0.07,25.017142857142858,30.05,18.31,77.56285714285715,198,187,62,51,26,0.287,234,134,5
2018,50,Ifedore,0,WHO_literature,2018-12-10,0.9400000000000001,25.072857142857142,31.07,18.46,78.28428571428572,198,187,62,51,26,0.287,234,134,5
2018,51,Ifedore,0,WHO_literature,2018-12-17,0.0,24.04,30.99,16.29,72.12857142857142,198,187,62,51,26,0.287,234,134,5
2018,52,Ifedore,1,WHO_literature,2018-12-24,0.0,23.337142857142858,29.57,16.87,68.82714285714286,198,187,62,51,26,0.287,234,134,5
2019,1,Ifedore,0,WHO_literature,2019-01-07,0.0,23.40142857142857,30.4,17.68,72.38714285714285,198,187,62,51,26,0.287,234,134,5
2019,2,Ifedore,0,WHO_literature,2019-01-14,0.0,23.802857142857142,30.34,17.01,76.57857142857142,198,187,62,51,26,0.287,234,134,5
2019,3,Ifedore,0,WHO_literature,2019-01-21,6.41,25.745714285714286,31.51,21.68,87.45714285714287,198,187,62,51,26,0.287,234,134,5
2019,4,Ifedore,0,WHO_literature,2019-01-28,7.42,26.131428571428575,32.06,21.62,85.48,198,187,62,51,26,0.287,234,134,5
2019,5,Ifedore,0,WHO_literature,2019-02-04,33.57,25.67571428571429,31.59,20.58,88.23,198,187,62,51,26,0.287,234,134,5
2019,6,Ifedore,0,WHO_literature,2019-02-11,4.76,25.601428571428574,31.33,20.94,81.21142857142857,198,187,62,51,26,0.287,234,134,5
2019,7,Ifedore,0,WHO_literature,2019-02-18,0.83,24.872857142857146,31.51,18.18,72.06428571428572,198,187,62,51,26,0.287,234,134,5
2019,8,Ifedore,0,WHO_literature,2019-02-25,16.85,25.585714285714285,31.26,21.26,89.83,198,187,62,51,26,0.287,234,134,5
2019,9,Ifedore,0,WHO_literature,2019-03-04,15.79,25.14428571428571,30.09,21.45,88.00571428571428,198,187,62,51,26,0.287,234,134,5
2019,10,Ifedore,0,WHO_literature,2019-03-11,32.26,25.79,29.85,22.62,90.10571428571428,198,187,62,51,26,0.287,234,134,5
2019,11,Ifedore,0,WHO_literature,2019-03-18,6.15,26.425714285714285,32.27,23.1,88.83857142857143,198,187,62,51,26,0.287,234,134,5
2019,12,Ifedore,0,WHO_literature,2019-03-25,11.910000000000002,26.254285714285714,32.31,22.72,89.97571428571429,198,187,62,51,26,0.287,234,134,5
2019,13,Ifedore,0,WHO_literature,2019-04-01,1.22,26.267142857142858,31.35,22.87,90.4342857142857,198,187,62,51,26,0.287,234,134,5
2019,14,Ifedore,0,WHO_literature,2019-04-08,18.96,26.834285714285716,31.91,23.8,89.35714285714286,198,187,62,51,26,0.287,234,134,5
2019,15,Ifedore,0,WHO_literature,2019-04-15,35.68,25.66142857142857,30.56,22.52,91.35714285714286,198,187,62,51,26,0.287,234,134,5
2019,16,Ifedore,0,WHO_literature,2019-04-22,3.63,26.21857142857143,30.83,22.11,90.26571428571428,198,187,62,51,26,0.287,234,134,5
2019,17,Ifedore,1,WHO_literature,2019-04-29,13.75,26.47142857142857,30.76,23.97,91.14999999999999,198,187,62,51,26,0.287,234,134,5
2019,18,Ifedore,0,WHO_literature,2019-05-06,15.58,26.12142857142857,29.47,23.61,92.50571428571428,198,187,62,51,26,0.287,234,134,5
2019,19,Ifedore,1,WHO_literature,2019-05-13,48.86,25.987142857142857,30.51,23.0,91.7957142857143,198,187,62,51,26,0.287,234,134,5
2019,20,Ifedore,1,WHO_literature,2019-05-20,38.37,25.382857142857144,29.58,22.43,91.56857142857143,198,187,62,51,26,0.287,234,134,5
2019,21,Ifedore,1,WHO_literature,2019-05-27,46.25,25.737142857142857,29.94,22.88,92.00142857142858,198,187,62,51,26,0.287,234,134,5
2019,22,Ifedore,1,WHO_literature,2019-06-03,77.58,25.201428571428572,29.21,22.77,92.69428571428571,198,187,62,51,26,0.287,234,134,5
2019,23,Ifedore,0,WHO_literature,2019-06-10,57.82,24.995714285714286,29.45,22.19,93.23857142857142,198,187,62,51,26,0.287,234,134,5
2019,24,Ifedore,1,WHO_literature,2019-06-17,28.53,25.28,29.65,22.41,90.74571428571429,198,187,62,51,26,0.287,234,134,5
2019,25,Ifedore,2,WHO_literature,2019-06-24,35.510000000000005,25.445714285714285,30.01,22.67,91.84714285714286,198,187,62,51,26,0.287,234,134,5
2019,26,Ifedore,0,WHO_literature,2019-07-01,278.93,24.669999999999998,29.2,21.47,91.55714285714285,198,187,62,51,26,0.287,234,134,5
2019,27,Ifedore,1,WHO_literature,2019-07-08,25.33,25.17285714285714,29.79,22.36,91.78428571428572,198,187,62,51,26,0.287,234,134,5
2019,28,Ifedore,0,WHO_literature,2019-07-15,79.96000000000001,24.165714285714284,29.53,20.94,91.63714285714286,198,187,62,51,26,0.287,234,134,5
2019,29,Ifedore,1,WHO_literature,2019-07-22,62.39,24.437142857142856,29.22,21.46,91.42857142857143,198,187,62,51,26,0.287,234,134,5
2019,30,Ifedore,3,WHO_literature,2019-07-29,82.05,24.365714285714287,28.21,21.97,93.25428571428571,198,187,62,51,26,0.287,234,134,5
2019,31,Ifedore,1,WHO_literature,2019-08-05,47.29,24.071428571428573,29.03,21.53,92.48142857142857,198,187,62,51,26,0.287,234,134,5
2019,32,Ifedore,1,WHO_literature,2019-08-12,58.449999999999996,24.118571428571425,28.88,21.63,92.42571428571429,198,187,62,51,26,0.287,234,134,5
2019,33,Ifedore,2,WHO_literature,2019-08-19,35.519999999999996,24.55,28.9,21.76,90.67428571428572,198,187,62,51,26,0.287,234,134,5
2019,34,Ifedore,1,WHO_literature,2019-08-26,115.57000000000001,23.964285714285715,28.79,21.09,92.86142857142856,198,187,62,51,26,0.287,234,134,5
2019,35,Ifedore,2,WHO_literature,2019-09-02,148.24,24.312857142857144,28.27,21.39,91.97285714285714,198,187,62,51,26,0.287,234,134,5
2019,36,Ifedore,2,WHO_literature,2019-09-09,65.38,24.45,29.45,21.84,93.17714285714285,198,187,62,51,26,0.287,234,134,5
2019,37,Ifedore,3,WHO_literature,2019-09-16,114.71000000000001,24.521428571428572,28.39,21.91,92.7042857142857,198,187,62,51,26,0.287,234,134,5
2019,38,Ifedore,3,WHO_literature,2019-09-23,114.22,24.650000000000002,28.82,21.85,93.32857142857142,198,187,62,51,26,0.287,234,134,5
2019,39,Ifedore,2,WHO_literature,2019-09-30,87.11,24.551428571428573,28.59,21.33,92.75857142857141,198,187,62,51,26,0.287,234,134,5
2019,40,Ifedore,0,WHO_literature,2019-10-07,165.98,24.22714285714286,29.19,21.62,92.5942857142857,198,187,62,51,26,0.287,234,134,5
2019,41,Ifedore,0,WHO_literature,2019-10-14,149.97,24.27857142857143,28.46,21.18,93.97428571428573,198,187,62,51,26,0.287,234,134,5
2019,42,Ifedore,0,WHO_literature,2019-10-21,84.26,24.54714285714286,29.57,21.22,92.13285714285713,198,187,62,51,26,0.287,234,134,5
2019,43,Ifedore,1,WHO_literature,2019-10-28,85.62,24.802857142857142,29.45,20.92,91.42142857142858,198,187,62,51,26,0.287,234,134,5
2019,44,Ifedore,0,WHO_literature,2019-11-04,66.36,24.770000000000003,29.15,21.34,91.44714285714285,198,187,62,51,26,0.287,234,134,5
2019,45,Ifedore,0,WHO_literature,2019-11-11,19.42,26.132857142857144,30.98,22.59,88.33714285714287,198,187,62,51,26,0.287,234,134,5
2019,46,Ifedore,0,WHO_literature,2019-11-18,24.35,25.868571428571432,30.28,22.43,90.11142857142856,198,187,62,51,26,0.287,234,134,5
2019,47,Ifedore,0,WHO_literature,2019-11-25,11.34,26.08857142857143,31.07,22.72,89.21142857142857,198,187,62,51,26,0.287,234,134,5
2019,48,Ifedore,1,WHO_literature,2019-12-02,3.3,26.15142857142857,31.43,20.9,85.06714285714285,198,187,62,51,26,0.287,234,134,5
2019,49,Ifedore,0,WHO_literature,2019-12-09,32.36,25.72714285714286,30.66,20.92,85.34857142857143,198,187,62,51,26,0.287,234,134,5
2019,50,Ifedore,0,WHO_literature,2019-12-16,11.31,25.490000000000002,30.92,19.16,78.60000000000001,198,187,62,51,26,0.287,234,134,5
2019,51,Ifedore,1,WHO_literature,2019-12-23,0.33999999999999997,24.97142857142857,31.13,18.2,70.67428571428572,198,187,62,51,26,0.287,234,134,5
2019,52,Ifedore,0,WHO_literature,2019-12-30,0.0,23.551428571428573,30.49,15.87,65.45285714285714,198,187,62,51,26,0.287,234,134,5
2020,1,Ifedore,0,WHO_literature,2020-01-06,0.0,22.085714285714285,29.52,15.54,70.05714285714286,198,187,62,51,26,0.287,234,134,5
2020,2,Ifedore,0,WHO_literature,2020-01-13,0.14,24.555714285714284,30.64,18.13,75.23285714285714,198,187,62,51,26,0.287,234,134,5
2020,3,Ifedore,0,WHO_literature,2020-01-20,0.09,25.004285714285714,32.25,18.18,75.61714285714285,198,187,62,51,26,0.287,234,134,5
2020,4,Ifedore,0,WHO_literature,2020-01-27,0.0,22.777142857142856,30.98,13.07,63.614285714285714,198,187,62,51,26,0.287,234,134,5
2020,5,Ifedore,0,WHO_literature,2020-02-03,0.0,23.111428571428572,30.68,15.0,61.535714285714285,198,187,62,51,26,0.287,234,134,5
2020,6,Ifedore,0,WHO_literature,2020-02-10,0.0,24.744285714285716,31.55,16.48,73.92857142857143,198,187,62,51,26,0.287,234,134,5
2020,7,Ifedore,0,WHO_literature,2020-02-17,0.0,24.25714285714286,32.1,16.73,68.04142857142857,198,187,62,51,26,0.287,234,134,5
2020,8,Ifedore,0,WHO_literature,2020-02-24,0.0,26.62857142857143,33.45,21.84,83.41857142857144,198,187,62,51,26,0.287,234,134,5
2020,9,Ifedore,0,WHO_literature,2020-03-02,0.6799999999999999,26.55,32.05,23.02,83.99571428571429,198,187,62,51,26,0.287,234,134,5
2020,10,Ifedore,0,WHO_literature,2020-03-09,18.71,26.38,32.71,21.37,87.36285714285714,198,187,62,51,26,0.287,234,134,5
2020,11,Ifedore,0,WHO_literature,2020-03-16,43.56,26.431428571428572,31.33,22.71,89.52285714285713,198,187,62,51,26,0.287,234,134,5
2020,12,Ifedore,0,WHO_literature,2020-03-23,14.169999999999998,26.65285714285714,31.18,23.92,89.32285714285715,198,187,62,51,26,0.287,234,134,5
2020,13,Ifedore,0,WHO_literature,2020-03-30,33.23,25.73428571428571,30.8,22.31,90.36,198,187,62,51,26,0.287,234,134,5
2020,14,Ifedore,0,WHO_literature,2020-04-06,17.96,25.985714285714288,31.25,23.32,91.58142857142856,198,187,62,51,26,0.287,234,134,5
2020,15,Ifedore,0,WHO_literature,2020-04-13,30.830000000000002,25.672857142857143,31.59,21.39,88.5,198,187,62,51,26,0.287,234,134,5
2020,16,Ifedore,0,WHO_literature,2020-04-20,1.94,27.247142857142855,32.34,23.61,86.58,198,187,62,51,26,0.287,234,134,5
2020,17,Ifedore,0,WHO_literature,2020-04-27,43.78,25.69142857142857,30.02,22.83,91.54857142857144,198,187,62,51,26,0.287,234,134,5
2020,18,Ifedore,0,WHO_literature,2020-05-04,42.839999999999996,25.90285714285714,30.65,22.39,91.86,198,187,62,51,26,0.287,234,134,5
2020,19,Ifedore,0,WHO_literature,2020-05-11,22.91,26.554285714285715,31.19,23.3,89.36571428571428,198,187,62,51,26,0.287,234,134,5
2020,20,Ifedore,0,WHO_literature,2020-05-18,23.47,25.767142857142858,30.12,22.03,90.63571428571429,198,187,62,51,26,0.287,234,134,5
2020,21,Ifedore,0,WHO_literature,2020-05-25,30.11,25.68142857142857,30.57,22.71,91.49,198,187,62,51,26,0.287,234,134,5
2020,22,Ifedore,0,WHO_literature,2020-06-01,39.72,25.25857142857143,28.77,22.7,92.91571428571429,198,187,62,51,26,0.287,234,134,5
2020,23,Ifedore,0,WHO_literature,2020-06-08,58.94,25.158571428571427,29.32,22.32,92.54857142857144,198,187,62,51,26,0.287,234,134,5
2020,24,Ifedore,0,WHO_literature,2020-06-15,52.260000000000005,24.717142857142857,29.24,21.94,92.25857142857141,198,187,62,51,26,0.287,234,134,5
2020,25,Ifedore,0,WHO_literature,2020-06-22,73.98,24.827142857142857,30.04,20.85,92.44428571428571,198,187,62,51,26,0.287,234,134,5
2020,26,Ifedore,0,WHO_literature,2020-06-29,102.24,24.771428571428572,29.42,21.91,92.30714285714285,198,187,62,51,26,0.287,234,134,5
2020,27,Ifedore,0,WHO_literature,2020-07-06,116.41,24.31,28.95,21.83,92.74,198,187,62,51,26,0.287,234,134,5
2020,28,Ifedore,1,WHO_literature,2020-07-13,96.76,23.958571428571428,28.48,21.59,93.60142857142857,198,187,62,51,26,0.287,234,134,5
2020,29,Ifedore,1,WHO_literature,2020-07-20,60.69,23.602857142857143,27.81,21.32,92.61,198,187,62,51,26,0.287,234,134,5
2020,30,Ifedore,0,WHO_literature,2020-07-27,53.65,23.945714285714285,28.15,21.52,91.99571428571429,198,187,62,51,26,0.287,234,134,5
2020,31,Ifedore,0,WHO_literature,2020-08-03,28.19,23.68285714285714,28.61,20.61,90.69714285714285,198,187,62,51,26,0.287,234,134,5
2020,32,Ifedore,0,WHO_literature,2020-08-10,4.96,22.928571428571427,28.39,18.6,88.69142857142857,198,187,62,51,26,0.287,234,134,5
2020,33,Ifedore,1,WHO_literature,2020-08-17,5.05,23.49285714285714,29.51,18.16,87.96285714285715,198,187,62,51,26,0.287,234,134,5
2020,34,Ifedore,0,WHO_literature,2020-08-24,33.38,24.142857142857142,29.61,21.0,90.48428571428572,198,187,62,51,26,0.287,234,134,5
2020,35,Ifedore,0,WHO_literature,2020-08-31,21.36,23.72,28.77,20.25,90.01571428571428,198,187,62,51,26,0.287,234,134,5
2020,36,Ifedore,2,WHO_literature,2020-09-07,145.26,24.03857142857143,29.53,21.21,91.62857142857142,198,187,62,51,26,0.287,234,134,5
2020,37,Ifedore,0,WHO_literature,2020-09-14,186.18,24.274285714285718,29.83,21.08,91.81714285714285,198,187,62,51,26,0.287,234,134,5
2020,38,Ifedore,0,WHO_literature,2020-09-21,112.53,24.307142857142857,29.34,21.53,92.19428571428571,198,187,62,51,26,0.287,234,134,5
2020,39,Ifedore,0,WHO_literature,2020-09-28,77.9,24.197142857142858,28.87,21.06,92.32000000000001,198,187,62,51,26,0.287,234,134,5
2020,40,Ifedore,0,WHO_literature,2020-10-05,47.41,24.59142857142857,29.05,21.26,91.92571428571429,198,187,62,51,26,0.287,234,134,5
2020,41,Ifedore,0,WHO_literature,2020-10-12,50.66,24.259999999999998,28.68,20.35,91.24857142857142,198,187,62,51,26,0.287,234,134,5
2020,42,Ifedore,0,WHO_literature,2020-10-19,48.91,24.981428571428573,30.0,21.61,90.58857142857143,198,187,62,51,26,0.287,234,134,5
2020,43,Ifedore,0,WHO_literature,2020-10-26,22.23,25.521428571428572,30.18,22.36,90.36285714285714,198,187,62,51,26,0.287,234,134,5
2020,44,Ifedore,0,WHO_literature,2020-11-02,16.7,25.904285714285713,31.2,21.82,87.50142857142858,198,187,62,51,26,0.287,234,134,5
2020,45,Ifedore,0,WHO_literature,2020-11-09,17.919999999999998,25.63714285714286,30.66,20.96,87.26142857142858,198,187,62,51,26,0.287,234,134,5
2020,46,Ifedore,0,WHO_literature,2020-11-16,21.71,24.845714285714283,29.31,20.71,86.61142857142856,198,187,62,51,26,0.287,234,134,5
2020,47,Ifedore,0,WHO_literature,2020-11-23,4.61,25.46,30.41,20.51,83.4557142857143,198,187,62,51,26,0.287,234,134,5
2020,48,Ifedore,0,WHO_literature,2020-11-30,63.4,26.117142857142856,31.37,21.63,86.49000000000001,198,187,62,51,26,0.287,234,134,5
2020,49,Ifedore,0,WHO_literature,2020-12-07,4.05,25.877142857142854,31.42,20.45,83.18571428571428,198,187,62,51,26,0.287,234,134,5
2020,50,Ifedore,0,WHO_literature,2020-12-14,8.56,25.095714285714283,30.68,20.19,89.89,198,187,62,51,26,0.287,234,134,5
2020,51,Ifedore,0,WHO_literature,2020-12-21,13.379999999999999,25.472857142857144,30.88,22.1,89.42142857142858,198,187,62,51,26,0.287,234,134,5
2020,52,Ifedore,0,WHO_literature,2020-12-28,2.5,25.00857142857143,31.2,18.21,84.13142857142857,198,187,62,51,26,0.287,234,134,5
2021,1,Ifedore,0,WHO_literature,2021-01-04,17.94,25.87142857142857,31.68,22.06,87.97285714285714,198,187,62,51,26,0.287,234,134,5
2021,2,Ifedore,0,WHO_literature,2021-01-11,0.42000000000000004,25.665714285714284,32.03,19.54,80.72857142857143,198,187,62,51,26,0.287,234,134,5
2021,3,Ifedore,0,WHO_literature,2021-01-18,0.05,24.175714285714285,31.72,17.17,70.42857142857143,198,187,62,51,26,0.287,234,134,5
2021,4,Ifedore,0,WHO_literature,2021-01-25,2.92,25.15285714285714,31.86,18.24,85.33428571428571,198,187,62,51,26,0.287,234,134,5
2021,5,Ifedore,0,WHO_literature,2021-02-01,2.1999999999999997,25.935714285714287,31.66,21.82,85.36714285714287,198,187,62,51,26,0.287,234,134,5
2021,6,Ifedore,0,WHO_literature,2021-02-08,13.91,26.914285714285715,33.23,22.86,84.87428571428572,198,187,62,51,26,0.287,234,134,5
2021,7,Ifedore,0,WHO_literature,2021-02-15,3.05,24.34857142857143,32.04,16.63,71.33571428571429,198,187,62,51,26,0.287,234,134,5
2021,8,Ifedore,1,WHO_literature,2021-02-22,2.5,25.40142857142857,31.42,19.16,86.17714285714285,198,187,62,51,26,0.287,234,134,5
2021,9,Ifedore,0,WHO_literature,2021-03-01,1.03,26.735714285714288,33.1,22.47,85.68714285714285,198,187,62,51,26,0.287,234,134,5
2021,10,Ifedore,0,WHO_literature,2021-03-08,33.62,25.681428571428572,29.93,23.04,91.54571428571428,198,187,62,51,26,0.287,234,134,5
2021,11,Ifedore,0,WHO_literature,2021-03-15,12.83,25.014285714285712,29.84,22.39,90.80714285714285,198,187,62,51,26,0.287,234,134,5
2021,12,Ifedore,0,WHO_literature,2021-03-22,23.62,25.895714285714288,31.71,22.71,88.65857142857143,198,187,62,51,26,0.287,234,134,5
2021,13,Ifedore,1,WHO_literature,2021-03-29,1.03,26.774285714285714,31.9,23.27,85.93571428571428,198,187,62,51,26,0.287,234,134,5
2021,14,Ifedore,0,WHO_literature,2021-04-05,48.83,26.21,31.4,23.43,90.90714285714286,198,187,62,51,26,0.287,234,134,5
2021,15,Ifedore,3,WHO_literature,2021-04-12,102.19,25.284285714285716,29.6,22.73,91.28428571428572,198,187,62,51,26,0.287,234,134,5
2021,16,Ifedore,1,WHO_literature,2021-04-19,33.57,25.52857142857143,29.95,22.1,92.13571428571429,198,187,62,51,26,0.287,234,134,5
2021,17,Ifedore,1,WHO_literature,2021-04-26,12.360000000000001,26.20285714285714,30.97,23.27,90.34142857142857,198,187,62,51,26,0.287,234,134,5
2021,18,Ifedore,1,WHO_literature,2021-05-03,48.54,25.042857142857144,29.73,21.85,90.57285714285715,198,187,62,51,26,0.287,234,134,5
2021,19,Ifedore,3,WHO_literature,2021-05-10,20.5,25.568571428571428,30.25,20.66,91.41,198,187,62,51,26,0.287,234,134,5
2021,20,Ifedore,4,WHO_literature,2021-05-17,38.26,25.638571428571428,30.17,21.8,91.64,198,187,62,51,26,0.287,234,134,5
2021,21,Ifedore,1,WHO_literature,2021-05-24,38.61,25.96,30.35,23.02,92.58714285714287,198,187,62,51,26,0.287,234,134,5
2021,22,Ifedore,1,WHO_literature,2021-05-31,79.84,25.494285714285716,29.96,22.3,91.47142857142856,198,187,62,51,26,0.287,234,134,5
2021,23,Ifedore,6,WHO_literature,2021-06-07,29.44,25.417142857142856,30.29,22.33,90.3442857142857,198,187,62,51,26,0.287,234,134,5
2021,24,Ifedore,5,WHO_literature,2021-06-14,93.1,24.86285714285714,29.32,22.15,93.38714285714286,198,187,62,51,26,0.287,234,134,5
2021,25,Ifedore,4,WHO_literature,2021-06-21,53.76,24.70285714285714,28.87,21.92,90.83428571428571,198,187,62,51,26,0.287,234,134,5
2021,26,Ifedore,2,WHO_literature,2021-06-28,61.77,24.192857142857143,29.12,20.75,91.98857142857142,198,187,62,51,26,0.287,234,134,5
2021,27,Ifedore,2,WHO_literature,2021-07-05,40.33,24.255714285714287,28.69,21.52,91.8,198,187,62,51,26,0.287,234,134,5
2021,28,Ifedore,8,WHO_literature,2021-07-12,149.04,24.472857142857144,28.4,21.38,91.53571428571429,198,187,62,51,26,0.287,234,134,5
2021,29,Ifedore,8,WHO_literature,2021-07-19,41.089999999999996,24.222857142857144,29.06,20.92,90.2957142857143,198,187,62,51,26,0.287,234,134,5
2021,30,Ifedore,5,WHO_literature,2021-07-26,34.56,23.864285714285717,28.72,20.61,90.82857142857142,198,187,62,51,26,0.287,234,134,5
2021,31,Ifedore,7,WHO_literature,2021-08-02,94.53,23.974285714285713,27.98,21.5,93.60428571428572,198,187,62,51,26,0.287,234,134,5
2021,32,Ifedore,5,WHO_literature,2021-08-09,135.91,24.104285714285712,28.62,21.2,92.46142857142857,198,187,62,51,26,0.287,234,134,5
2021,33,Ifedore,3,WHO_literature,2021-08-16,113.35,23.684285714285714,27.99,21.5,93.52714285714286,198,187,62,51,26,0.287,234,134,5
2021,34,Ifedore,4,WHO_literature,2021-08-23,76.94999999999999,24.747142857142855,28.96,21.61,92.14714285714285,198,187,62,51,26,0.287,234,134,5
2021,35,Ifedore,7,WHO_literature,2021-08-30,136.68,24.541428571428572,28.99,21.67,92.15857142857143,198,187,62,51,26,0.287,234,134,5
2021,36,Ifedore,8,WHO_literature,2021-09-06,52.57,24.577142857142857,28.4,21.83,92.62714285714286,198,187,62,51,26,0.287,234,134,5
2021,37,Ifedore,8,WHO_literature,2021-09-13,45.78,24.56142857142857,28.78,21.34,92.10714285714286,198,187,62,51,26,0.287,234,134,5
2021,38,Ifedore,1,WHO_literature,2021-09-20,122.08,24.478571428571428,28.63,20.88,91.96142857142857,198,187,62,51,26,0.287,234,134,5
2021,39,Ifedore,1,WHO_literature,2021-09-27,49.76,24.822857142857142,29.1,21.87,91.92714285714285,198,187,62,51,26,0.287,234,134,5
2021,40,Ifedore,1,WHO_literature,2021-10-04,57.09,25.38,30.23,22.4,92.59571428571428,198,187,62,51,26,0.287,234,134,5
2021,41,Ifedore,3,WHO_literature,2021-10-11,46.95,25.228571428571428,29.5,22.13,92.34714285714287,198,187,62,51,26,0.287,234,134,5
2021,42,Ifedore,3,WHO_literature,2021-10-18,37.01,25.080000000000002,29.93,21.9,90.5657142857143,198,187,62,51,26,0.287,234,134,5
2021,43,Ifedore,2,WHO_literature,2021-10-25,64.07,25.534285714285716,30.16,22.16,91.12285714285714,198,187,62,51,26,0.287,234,134,5
2021,44,Ifedore,1,WHO_literature,2021-11-01,62.42,25.37,29.86,22.52,91.88428571428572,198,187,62,51,26,0.287,234,134,5
2021,45,Ifedore,4,WHO_literature,2021-11-08,142.11,25.611428571428572,29.84,22.54,91.60857142857142,198,187,62,51,26,0.287,234,134,5
2021,46,Ifedore,2,WHO_literature,2021-11-15,94.42,25.92142857142857,30.22,22.59,89.89428571428572,198,187,62,51,26,0.287,234,134,5
2021,47,Ifedore,0,NCDC_real,2021-11-22,28.29,25.717142857142857,30.33,22.56,89.74571428571429,198,187,62,51,26,0.287,234,134,5
2021,48,Ifedore,0,WHO_literature,2021-11-29,16.22,26.0,30.85,21.87,86.49142857142859,198,187,62,51,26,0.287,234,134,5
2021,49,Ifedore,1,WHO_literature,2021-12-06,4.38,25.325714285714287,30.46,19.88,82.66714285714285,198,187,62,51,26,0.287,234,134,5
2021,50,Ifedore,0,NCDC_real,2021-12-13,62.34,24.275714285714287,31.15,17.37,82.12428571428572,198,187,62,51,26,0.287,234,134,5
2021,51,Ifedore,1,WHO_literature,2021-12-20,1.98,23.645714285714284,31.14,17.07,81.0442857142857,198,187,62,51,26,0.287,234,134,5
2021,52,Ifedore,0,WHO_literature,2021-12-27,21.47,24.551428571428573,30.19,19.12,83.27571428571427,198,187,62,51,26,0.287,234,134,5
2022,1,Ifedore,0,WHO_literature,2022-01-03,16.509999999999998,24.147142857142857,30.77,17.74,78.13571428571429,198,187,62,51,26,0.287,234,134,5
2022,2,Ifedore,0,WHO_literature,2022-01-10,34.33,25.14428571428571,30.68,21.04,86.89142857142858,198,187,62,51,26,0.287,234,134,5
2022,3,Ifedore,0,WHO_literature,2022-01-17,7.239999999999999,22.544285714285714,30.37,16.23,74.93857142857142,198,187,62,51,26,0.287,234,134,5
2022,4,Ifedore,0,WHO_literature,2022-01-24,0.29,21.99285714285714,30.11,14.67,71.67714285714285,198,187,62,51,26,0.287,234,134,5
2022,5,Ifedore,0,WHO_literature,2022-01-31,0.0,22.085714285714285,29.71,13.69,66.85714285714286,198,187,62,51,26,0.287,234,134,5
2022,6,Ifedore,0,WHO_literature,2022-02-07,10.52,24.954285714285714,31.67,17.1,78.14571428571428,198,187,62,51,26,0.287,234,134,5
2022,7,Ifedore,0,WHO_literature,2022-02-14,2.7600000000000002,26.315714285714286,32.63,21.8,85.01285714285713,198,187,62,51,26,0.287,234,134,5
2022,8,Ifedore,0,WHO_literature,2022-02-21,11.28,26.572857142857142,32.29,22.22,84.40428571428572,198,187,62,51,26,0.287,234,134,5
2022,9,Ifedore,0,WHO_literature,2022-02-28,38.01,25.624285714285715,31.54,22.46,90.63285714285715,198,187,62,51,26,0.287,234,134,5
2022,10,Ifedore,0,WHO_literature,2022-03-07,21.89,26.134285714285713,30.65,22.86,90.01857142857143,198,187,62,51,26,0.287,234,134,5
2022,11,Ifedore,0,WHO_literature,2022-03-14,9.87,26.395714285714288,32.25,23.23,89.73142857142857,198,187,62,51,26,0.287,234,134,5
2022,12,Ifedore,0,WHO_literature,2022-03-21,22.75,26.5,32.52,23.43,88.98714285714286,198,187,62,51,26,0.287,234,134,5
2022,13,Ifedore,0,WHO_literature,2022-03-28,22.52,26.360000000000003,32.02,21.82,89.18285714285715,198,187,62,51,26,0.287,234,134,5
2022,14,Ifedore,1,WHO_literature,2022-04-04,36.46,25.657142857142855,30.13,21.66,91.84428571428573,198,187,62,51,26,0.287,234,134,5
2022,15,Ifedore,0,WHO_literature,2022-04-11,22.01,25.437142857142856,30.16,22.23,90.67999999999999,198,187,62,51,26,0.287,234,134,5
2022,16,Ifedore,1,WHO_literature,2022-04-18,40.96,25.494285714285716,30.42,22.66,90.63857142857144,198,187,62,51,26,0.287,234,134,5
2022,17,Ifedore,1,WHO_literature,2022-04-25,79.48,25.175714285714285,29.56,22.13,92.14285714285714,198,187,62,51,26,0.287,234,134,5
2022,18,Ifedore,0,WHO_literature,2022-05-02,22.25,25.58142857142857,29.87,22.75,91.26714285714286,198,187,62,51,26,0.287,234,134,5
2022,19,Ifedore,2,WHO_literature,2022-05-09,26.1,25.97,30.33,22.89,91.20857142857143,198,187,62,51,26,0.287,234,134,5
2022,20,Ifedore,1,WHO_literature,2022-05-16,54.19,25.41857142857143,30.18,22.69,92.85857142857142,198,187,62,51,26,0.287,234,134,5
2022,21,Ifedore,1,WHO_literature,2022-05-23,34.300000000000004,24.801428571428573,29.21,21.17,91.38285714285715,198,187,62,51,26,0.287,234,134,5
2022,22,Ifedore,2,WHO_literature,2022-05-30,60.14,25.334285714285716,29.6,22.46,91.9557142857143,198,187,62,51,26,0.287,234,134,5
2022,23,Ifedore,3,WHO_literature,2022-06-06,160.07999999999998,24.458571428571428,28.05,21.22,93.99571428571429,198,187,62,51,26,0.287,234,134,5
2022,24,Ifedore,3,WHO_literature,2022-06-13,42.16,24.46857142857143,28.62,21.51,93.66285714285713,198,187,62,51,26,0.287,234,134,5
2022,25,Ifedore,2,WHO_literature,2022-06-20,51.269999999999996,24.240000000000002,27.67,21.75,93.71142857142857,198,187,62,51,26,0.287,234,134,5
2022,26,Ifedore,1,WHO_literature,2022-06-27,62.25,24.284285714285716,28.84,21.3,91.66428571428571,198,187,62,51,26,0.287,234,134,5
2022,27,Ifedore,6,WHO_literature,2022-07-04,87.07,24.494285714285716,29.32,21.75,93.03285714285714,198,187,62,51,26,0.287,234,134,5
2022,28,Ifedore,5,WHO_literature,2022-07-11,21.77,24.505714285714284,29.01,21.7,90.83428571428571,198,187,62,51,26,0.287,234,134,5
2022,29,Ifedore,5,WHO_literature,2022-07-18,84.07,23.982857142857142,28.72,20.55,90.68571428571428,198,187,62,51,26,0.287,234,134,5
2022,30,Ifedore,6,WHO_literature,2022-07-25,61.51,23.889999999999997,27.97,21.48,92.95142857142858,198,187,62,51,26,0.287,234,134,5
2022,31,Ifedore,2,WHO_literature,2022-08-01,8.12,23.96142857142857,28.81,20.35,88.88,198,187,62,51,26,0.287,234,134,5
2022,32,Ifedore,2,WHO_literature,2022-08-08,65.5,23.844285714285714,28.34,21.17,92.4742857142857,198,187,62,51,26,0.287,234,134,5
2022,33,Ifedore,4,WHO_literature,2022-08-15,45.59,23.859999999999996,29.17,20.46,90.96142857142857,198,187,62,51,26,0.287,234,134,5
2022,34,Ifedore,6,WHO_literature,2022-08-22,76.96,23.77857142857143,27.99,20.93,92.31142857142858,198,187,62,51,26,0.287,234,134,5
2022,35,Ifedore,5,WHO_literature,2022-08-29,53.98,24.207142857142856,28.72,21.17,91.50142857142858,198,187,62,51,26,0.287,234,134,5
2022,36,Ifedore,8,WHO_literature,2022-09-05,48.32,24.40857142857143,28.98,21.55,91.41428571428571,198,187,62,51,26,0.287,234,134,5
2022,37,Ifedore,1,WHO_literature,2022-09-12,71.05,24.261428571428574,29.2,21.45,93.06428571428572,198,187,62,51,26,0.287,234,134,5
2022,38,Ifedore,1,WHO_literature,2022-09-19,92.49,24.34857142857143,28.72,21.6,92.40285714285713,198,187,62,51,26,0.287,234,134,5
2022,39,Ifedore,1,WHO_literature,2022-09-26,84.77000000000001,23.777142857142856,28.38,21.29,92.68571428571428,198,187,62,51,26,0.287,234,134,5
2022,40,Ifedore,3,WHO_literature,2022-10-03,90.56,24.754285714285714,29.2,21.09,90.83857142857143,198,187,62,51,26,0.287,234,134,5
2022,41,Ifedore,2,WHO_literature,2022-10-10,56.15,24.981428571428573,29.56,21.6,90.55857142857143,198,187,62,51,26,0.287,234,134,5
2022,42,Ifedore,1,WHO_literature,2022-10-17,51.24,25.56142857142857,30.53,22.2,90.02857142857144,198,187,62,51,26,0.287,234,134,5
2022,43,Ifedore,1,WHO_literature,2022-10-24,9.15,25.73428571428571,30.78,22.42,86.75857142857141,198,187,62,51,26,0.287,234,134,5
2022,44,Ifedore,5,WHO_literature,2022-10-31,25.72,25.398571428571426,30.14,20.37,87.16,198,187,62,51,26,0.287,234,134,5
2022,45,Ifedore,2,WHO_literature,2022-11-07,8.7,25.859999999999996,30.95,22.37,87.26714285714286,198,187,62,51,26,0.287,234,134,5
2022,46,Ifedore,1,WHO_literature,2022-11-14,2.33,25.382857142857144,30.35,21.06,85.62,198,187,62,51,26,0.287,234,134,5
2022,47,Ifedore,0,WHO_literature,2022-11-21,3.58,25.05,30.28,19.29,82.66428571428571,198,187,62,51,26,0.287,234,134,5
2022,48,Ifedore,2,WHO_literature,2022-11-28,10.32,25.34857142857143,30.11,21.39,87.10142857142857,198,187,62,51,26,0.287,234,134,5
2022,49,Ifedore,0,WHO_literature,2022-12-05,0.14,24.398571428571426,29.78,17.34,79.48857142857142,198,187,62,51,26,0.287,234,134,5
2022,50,Ifedore,1,WHO_literature,2022-12-12,15.96,24.701428571428572,30.64,20.28,89.41,198,187,62,51,26,0.287,234,134,5
2022,51,Ifedore,0,WHO_literature,2022-12-19,0.0,22.374285714285715,28.85,15.56,71.57857142857144,198,187,62,51,26,0.287,234,134,5
2022,52,Ifedore,0,WHO_literature,2022-12-26,0.0,21.86285714285714,29.29,15.04,69.03428571428572,198,187,62,51,26,0.287,234,134,5
2023,1,Ifedore,0,WHO_literature,2023-01-02,0.04,23.74142857142857,30.38,16.71,69.1542857142857,198,187,62,51,26,0.287,234,134,5
2023,2,Ifedore,0,WHO_literature,2023-01-09,0.01,22.577142857142857,30.18,14.66,64.60142857142857,198,187,62,51,26,0.287,234,134,5
2023,3,Ifedore,0,WHO_literature,2023-01-16,1.2200000000000002,24.65142857142857,31.71,16.78,76.0457142857143,198,187,62,51,26,0.287,234,134,5
2023,4,Ifedore,0,WHO_literature,2023-01-23,3.94,25.55,32.3,21.54,87.91714285714285,198,187,62,51,26,0.287,234,134,5
2023,5,Ifedore,0,WHO_literature,2023-01-30,14.3,25.695714285714285,32.32,21.72,87.45142857142856,198,187,62,51,26,0.287,234,134,5
2023,6,Ifedore,0,WHO_literature,2023-02-06,40.94,26.2,32.83,21.19,81.92714285714285,198,187,62,51,26,0.287,234,134,5
2023,7,Ifedore,0,WHO_literature,2023-02-13,0.0,23.458571428571428,30.52,16.93,65.22142857142858,198,187,62,51,26,0.287,234,134,5
2023,8,Ifedore,0,WHO_literature,2023-02-20,23.66,25.577142857142857,31.41,17.7,81.3157142857143,198,187,62,51,26,0.287,234,134,5
2023,9,Ifedore,0,WHO_literature,2023-02-27,16.96,25.83142857142857,30.07,22.59,90.13285714285715,198,187,62,51,26,0.287,234,134,5
2023,10,Ifedore,0,WHO_literature,2023-03-06,29.28,25.924285714285713,30.45,22.87,90.09714285714287,198,187,62,51,26,0.287,234,134,5
2023,11,Ifedore,0,WHO_literature,2023-03-13,34.83,25.25142857142857,30.04,22.15,89.58714285714287,198,187,62,51,26,0.287,234,134,5
2023,12,Ifedore,0,WHO_literature,2023-03-20,39.97,25.397142857142857,30.73,21.49,88.33285714285715,198,187,62,51,26,0.287,234,134,5
2023,13,Ifedore,0,WHO_literature,2023-03-27,18.48,26.07857142857143,31.06,22.64,88.08714285714287,198,187,62,51,26,0.287,234,134,5
2023,14,Ifedore,0,WHO_literature,2023-04-03,43.459999999999994,25.859999999999996,30.35,22.59,90.54714285714286,198,187,62,51,26,0.287,234,134,5
2023,15,Ifedore,1,WHO_literature,2023-04-10,27.5,25.895714285714288,30.25,22.84,91.94285714285715,198,187,62,51,26,0.287,234,134,5
2023,16,Ifedore,1,WHO_literature,2023-04-17,26.35,26.111428571428572,30.99,23.15,91.31285714285714,198,187,62,51,26,0.287,234,134,5
2023,17,Ifedore,0,WHO_literature,2023-04-24,51.32,25.345714285714283,29.6,22.69,91.63857142857144,198,187,62,51,26,0.287,234,134,5
2023,18,Ifedore,0,WHO_literature,2023-05-01,23.55,25.514285714285712,29.66,21.75,90.48714285714286,198,187,62,51,26,0.287,234,134,5
2023,19,Ifedore,0,WHO_literature,2023-05-08,30.39,25.965714285714284,29.95,23.09,92.32428571428571,198,187,62,51,26,0.287,234,134,5
2023,20,Ifedore,1,WHO_literature,2023-05-15,37.53,26.185714285714287,30.01,23.38,92.49571428571429,198,187,62,51,26,0.287,234,134,5
2023,21,Ifedore,2,WHO_literature,2023-05-22,27.07,26.01142857142857,29.84,22.9,92.50285714285714,198,187,62,51,26,0.287,234,134,5
2023,22,Ifedore,0,WHO_literature,2023-05-29,37.11,26.014285714285712,30.45,22.76,91.42,198,187,62,51,26,0.287,234,134,5
2023,23,Ifedore,1,WHO_literature,2023-06-05,159.01999999999998,24.928571428571427,29.14,22.33,93.64,198,187,62,51,26,0.287,234,134,5
2023,24,Ifedore,0,WHO_literature,2023-06-12,78.59,25.017142857142858,29.39,21.86,92.14999999999999,198,187,62,51,26,0.287,234,134,5
2023,25,Ifedore,1,WHO_literature,2023-06-19,57.879999999999995,24.731428571428573,28.65,21.7,92.13571428571429,198,187,62,51,26,0.287,234,134,5
2023,26,Ifedore,3,WHO_literature,2023-06-26,52.129999999999995,24.68,29.54,22.15,92.26428571428572,198,187,62,51,26,0.287,234,134,5
2023,27,Ifedore,1,WHO_literature,2023-07-03,59.17,24.884285714285713,29.73,22.13,92.50285714285714,198,187,62,51,26,0.287,234,134,5
2023,28,Ifedore,2,WHO_literature,2023-07-10,23.53,25.524285714285714,30.73,21.86,90.28,198,187,62,51,26,0.287,234,134,5
2023,29,Ifedore,2,WHO_literature,2023-07-17,68.42,25.07857142857143,28.95,22.65,92.82857142857142,198,187,62,51,26,0.287,234,134,5
2023,30,Ifedore,2,WHO_literature,2023-07-24,80.66,24.892857142857142,29.78,21.94,91.95285714285714,198,187,62,51,26,0.287,234,134,5
2023,31,Ifedore,2,WHO_literature,2023-07-31,24.82,24.87857142857143,29.82,21.86,90.90285714285714,198,187,62,51,26,0.287,234,134,5
2023,32,Ifedore,2,WHO_literature,2023-08-07,26.97,24.76142857142857,29.06,22.22,90.97857142857143,198,187,62,51,26,0.287,234,134,5
2023,33,Ifedore,4,WHO_literature,2023-08-14,25.8,25.051428571428573,30.18,22.02,90.62571428571428,198,187,62,51,26,0.287,234,134,5
2023,34,Ifedore,3,WHO_literature,2023-08-21,30.310000000000002,25.037142857142857,29.65,22.09,91.62857142857142,198,187,62,51,26,0.287,234,134,5
2023,35,Ifedore,4,WHO_literature,2023-08-28,111.89,24.545714285714286,28.79,21.82,92.69285714285715,198,187,62,51,26,0.287,234,134,5
2023,36,Ifedore,0,WHO_literature,2023-09-04,98.4,24.925714285714285,30.25,21.74,92.14428571428572,198,187,62,51,26,0.287,234,134,5
2023,37,Ifedore,0,WHO_literature,2023-09-11,110.8,24.987142857142857,28.97,22.6,93.3,198,187,62,51,26,0.287,234,134,5
2023,38,Ifedore,1,WHO_literature,2023-09-18,59.39,25.142857142857142,29.67,22.67,91.98571428571428,198,187,62,51,26,0.287,234,134,5
2023,39,Ifedore,2,WHO_literature,2023-09-25,63.54,25.944285714285716,30.75,22.83,90.86714285714287,198,187,62,51,26,0.287,234,134,5
2023,40,Ifedore,0,WHO_literature,2023-10-02,87.97,25.701428571428572,29.98,23.09,92.08714285714287,198,187,62,51,26,0.287,234,134,5
2023,41,Ifedore,0,WHO_literature,2023-10-09,46.93,25.58285714285714,29.65,23.07,92.82142857142857,198,187,62,51,26,0.287,234,134,5
2023,42,Ifedore,0,WHO_literature,2023-10-16,32.03,25.43285714285714,30.21,21.69,91.98571428571428,198,187,62,51,26,0.287,234,134,5
2023,43,Ifedore,2,WHO_literature,2023-10-23,8.66,25.90857142857143,30.7,22.75,90.42142857142858,198,187,62,51,26,0.287,234,134,5
2023,44,Ifedore,2,WHO_literature,2023-10-30,57.5,25.66142857142857,29.56,23.14,91.65571428571427,198,187,62,51,26,0.287,234,134,5
2023,45,Ifedore,0,WHO_literature,2023-11-06,22.7,25.835714285714285,30.23,23.17,91.45714285714287,198,187,62,51,26,0.287,234,134,5
2023,46,Ifedore,0,WHO_literature,2023-11-13,8.35,25.77285714285714,30.13,21.99,89.59285714285714,198,187,62,51,26,0.287,234,134,5
2023,47,Ifedore,2,WHO_literature,2023-11-20,30.700000000000003,25.744285714285716,31.0,22.61,91.07571428571428,198,187,62,51,26,0.287,234,134,5
2023,48,Ifedore,0,WHO_literature,2023-11-27,5.91,26.175714285714285,31.36,21.93,87.51428571428572,198,187,62,51,26,0.287,234,134,5
2023,49,Ifedore,0,WHO_literature,2023-12-04,0.64,26.27857142857143,31.38,22.12,85.76428571428572,198,187,62,51,26,0.287,234,134,5
2023,50,Ifedore,0,WHO_literature,2023-12-11,0.0,24.24142857142857,30.85,17.2,71.36428571428571,198,187,62,51,26,0.287,234,134,5
2023,51,Ifedore,0,WHO_literature,2023-12-18,0.0,24.83285714285714,30.93,18.11,74.34714285714287,198,187,62,51,26,0.287,234,134,5
2023,52,Ifedore,0,WHO_literature,2023-12-25,0.0,25.032857142857143,31.24,17.75,69.90285714285714,198,187,62,51,26,0.287,234,134,5
2024,1,Ifedore,0,WHO_literature,2024-01-01,1.0,26.45285714285714,32.06,20.28,82.73714285714286,198,187,62,51,26,0.287,234,134,5
2024,2,Ifedore,0,WHO_literature,2024-01-08,2.59,26.169999999999998,32.52,20.59,78.32142857142857,198,187,62,51,26,0.287,234,134,5
2024,3,Ifedore,0,WHO_literature,2024-01-15,0.0,23.692857142857143,31.37,15.53,58.46714285714285,198,187,62,51,26,0.287,234,134,5
2024,4,Ifedore,0,WHO_literature,2024-01-22,6.0,23.92142857142857,32.15,16.66,70.77857142857144,198,187,62,51,26,0.287,234,134,5
2024,5,Ifedore,0,WHO_literature,2024-01-29,0.0,24.87142857142857,31.14,17.68,68.14285714285714,198,187,62,51,26,0.287,234,134,5
2024,6,Ifedore,0,WHO_literature,2024-02-05,0.01,24.43857142857143,32.63,17.63,68.05428571428571,198,187,62,51,26,0.287,234,134,5
2024,7,Ifedore,0,WHO_literature,2024-02-12,0.67,26.867142857142856,33.18,22.56,84.17999999999999,198,187,62,51,26,0.287,234,134,5
2024,8,Ifedore,0,WHO_literature,2024-02-19,27.09,27.027142857142856,33.04,23.19,82.00142857142858,198,187,62,51,26,0.287,234,134,5
2024,9,Ifedore,0,WHO_literature,2024-02-26,1.3599999999999999,27.03,33.54,22.62,86.7057142857143,198,187,62,51,26,0.287,234,134,5
2024,10,Ifedore,0,WHO_literature,2024-03-04,8.5,26.81714285714286,31.55,23.52,88.7757142857143,198,187,62,51,26,0.287,234,134,5
2024,11,Ifedore,0,WHO_literature,2024-03-11,13.319999999999999,27.390000000000004,34.02,23.77,87.28999999999999,198,187,62,51,26,0.287,234,134,5
2024,12,Ifedore,0,WHO_literature,2024-03-18,4.73,27.108571428571427,32.79,24.26,88.17428571428572,198,187,62,51,26,0.287,234,134,5
2024,13,Ifedore,0,WHO_literature,2024-03-25,5.37,27.12,32.64,24.25,89.45142857142856,198,187,62,51,26,0.287,234,134,5
2024,14,Ifedore,1,WHO_literature,2024-04-01,17.68,26.944285714285716,31.66,24.25,90.52428571428571,198,187,62,51,26,0.287,234,134,5
2024,15,Ifedore,0,WHO_literature,2024-04-08,26.07,26.444285714285716,30.3,23.34,91.14714285714285,198,187,62,51,26,0.287,234,134,5
2024,16,Ifedore,0,WHO_literature,2024-04-15,6.28,26.928571428571427,31.03,24.43,90.40714285714286,198,187,62,51,26,0.287,234,134,5
2024,17,Ifedore,0,WHO_literature,2024-04-22,39.56,26.827142857142857,30.63,24.16,91.82714285714285,198,187,62,51,26,0.287,234,134,5
2024,18,Ifedore,0,WHO_literature,2024-04-29,57.19,26.464285714285715,30.59,23.49,92.78571428571429,198,187,62,51,26,0.287,234,134,5
2024,19,Ifedore,1,WHO_literature,2024-05-06,10.58,26.631428571428568,30.06,24.01,91.19428571428571,198,187,62,51,26,0.287,234,134,5
2024,20,Ifedore,0,WHO_literature,2024-05-13,35.849999999999994,26.825714285714287,31.41,23.09,89.89285714285714,198,187,62,51,26,0.287,234,134,5
2024,21,Ifedore,0,WHO_literature,2024-05-20,87.46000000000001,26.222857142857144,30.85,22.62,91.72,198,187,62,51,26,0.287,234,134,5
2024,22,Ifedore,0,WHO_literature,2024-05-27,33.63,26.02285714285714,30.28,22.77,92.61857142857143,198,187,62,51,26,0.287,234,134,5
2024,23,Ifedore,0,WHO_literature,2024-06-03,47.629999999999995,25.771428571428572,29.8,23.05,92.64142857142858,198,187,62,51,26,0.287,234,134,5
2024,24,Ifedore,1,WHO_literature,2024-06-10,55.410000000000004,25.715714285714284,29.96,22.74,91.63142857142859,198,187,62,51,26,0.287,234,134,5
2024,25,Ifedore,3,WHO_literature,2024-06-17,36.64,25.462857142857143,30.59,22.15,92.21714285714286,198,187,62,51,26,0.287,234,134,5
2024,26,Ifedore,0,WHO_literature,2024-06-24,67.02,25.15285714285714,29.08,21.74,91.66857142857143,198,187,62,51,26,0.287,234,134,5
2024,27,Ifedore,1,WHO_literature,2024-07-01,77.02000000000001,25.035714285714285,29.34,22.13,91.07857142857142,198,187,62,51,26,0.287,234,134,5
2024,28,Ifedore,2,WHO_literature,2024-07-08,43.49,25.009999999999998,29.35,21.94,90.48857142857143,198,187,62,51,26,0.287,234,134,5
2024,29,Ifedore,1,WHO_literature,2024-07-15,62.0,24.801428571428573,29.32,22.45,91.8157142857143,198,187,62,51,26,0.287,234,134,5
2024,30,Ifedore,1,WHO_literature,2024-07-22,14.389999999999999,24.8,29.41,21.98,89.89571428571428,198,187,62,51,26,0.287,234,134,5
2024,31,Ifedore,2,WHO_literature,2024-07-29,20.64,24.784285714285716,29.74,21.73,89.41428571428571,198,187,62,51,26,0.287,234,134,5
2024,32,Ifedore,3,WHO_literature,2024-08-05,3.7800000000000002,24.717142857142857,29.75,21.57,87.8157142857143,198,187,62,51,26,0.287,234,134,5
2024,33,Ifedore,3,WHO_literature,2024-08-12,6.83,24.650000000000002,29.24,21.8,88.89142857142858,198,187,62,51,26,0.287,234,134,5
2024,34,Ifedore,2,WHO_literature,2024-08-19,90.77000000000001,24.52285714285714,29.24,22.13,92.27857142857144,198,187,62,51,26,0.287,234,134,5
2024,35,Ifedore,0,WHO_literature,2024-08-26,38.26,24.818571428571428,29.76,22.04,90.71142857142857,198,187,62,51,26,0.287,234,134,5
2024,36,Ifedore,0,WHO_literature,2024-09-02,56.72,24.792857142857144,29.96,21.33,89.49428571428572,198,187,62,51,26,0.287,234,134,5
2024,37,Ifedore,1,WHO_literature,2024-09-09,88.39999999999999,24.88714285714286,29.25,22.28,92.34571428571428,198,187,62,51,26,0.287,234,134,5
2024,38,Ifedore,2,WHO_literature,2024-09-16,43.6,25.087142857142858,29.53,22.26,91.30714285714285,198,187,62,51,26,0.287,234,134,5
2024,39,Ifedore,2,WHO_literature,2024-09-23,39.16,25.065714285714286,29.42,21.83,90.15714285714286,198,187,62,51,26,0.287,234,134,5
2024,40,Ifedore,0,WHO_literature,2024-09-30,60.65,25.017142857142858,29.93,22.2,92.17142857142858,198,187,62,51,26,0.287,234,134,5
2024,41,Ifedore,0,WHO_literature,2024-10-07,43.019999999999996,25.47142857142857,30.08,22.33,89.80857142857143,198,187,62,51,26,0.287,234,134,5
2024,42,Ifedore,2,WHO_literature,2024-10-14,45.92999999999999,24.982857142857142,29.84,21.35,90.69000000000001,198,187,62,51,26,0.287,234,134,5
2024,43,Ifedore,2,WHO_literature,2024-10-21,55.22,25.669999999999998,30.8,21.9,90.92,198,187,62,51,26,0.287,234,134,5
2024,44,Ifedore,1,WHO_literature,2024-10-28,41.31,26.47,31.06,23.15,88.24142857142859,198,187,62,51,26,0.287,234,134,5
2024,45,Ifedore,0,WHO_literature,2024-11-04,11.34,25.84142857142857,30.85,21.68,86.80857142857143,198,187,62,51,26,0.287,234,134,5
2024,46,Ifedore,1,WHO_literature,2024-11-11,1.8900000000000001,26.04,31.2,20.38,82.5442857142857,198,187,62,51,26,0.287,234,134,5
2024,47,Ifedore,0,WHO_literature,2024-11-18,2.77,25.208571428571428,30.6,19.81,79.91285714285713,198,187,62,51,26,0.287,234,134,5
2024,48,Ifedore,1,WHO_literature,2024-11-25,1.0,24.195714285714285,30.09,17.0,74.18999999999998,198,187,62,51,26,0.287,234,134,5
2024,49,Ifedore,0,WHO_literature,2024-12-02,0.02,24.532857142857143,30.66,18.62,77.49142857142859,198,187,62,51,26,0.287,234,134,5
2024,50,Ifedore,0,WHO_literature,2024-12-09,0.09,24.302857142857142,30.85,16.91,73.42857142857143,198,187,62,51,26,0.287,234,134,5
2024,51,Ifedore,0,WHO_literature,2024-12-16,0.0,23.672857142857143,30.27,15.71,68.06571428571428,198,187,62,51,26,0.287,234,134,5
2024,52,Ifedore,0,WHO_literature,2024-12-23,0.0,24.14428571428571,30.93,18.43,76.39142857142858,198,187,62,51,26,0.287,234,134,5
2018,1,Ilaje,0,WHO_literature,2018-01-01,0.11,22.955714285714286,28.25,15.87,69.03,312,245,31,22,48,0.489,8,5,1
2018,2,Ilaje,0,WHO_literature,2018-01-08,0.13,25.965714285714284,30.07,21.78,86.92428571428572,312,245,31,22,48,0.489,8,5,1
2018,3,Ilaje,0,WHO_literature,2018-01-15,0.01,26.68,30.89,23.05,85.29285714285713,312,245,31,22,48,0.489,8,5,1
2018,4,Ilaje,1,WHO_literature,2018-01-22,0.02,24.924285714285713,30.05,18.77,72.94428571428571,312,245,31,22,48,0.489,8,5,1
2018,5,Ilaje,1,WHO_literature,2018-01-29,0.09,26.542857142857144,31.54,20.71,80.7957142857143,312,245,31,22,48,0.489,8,5,1
2018,6,Ilaje,0,WHO_literature,2018-02-05,30.810000000000002,27.545714285714286,31.36,25.46,89.22142857142856,312,245,31,22,48,0.489,8,5,1
2018,7,Ilaje,0,WHO_literature,2018-02-12,3.5700000000000003,27.365714285714287,31.15,25.26,87.31714285714285,312,245,31,22,48,0.489,8,5,1
2018,8,Ilaje,0,WHO_literature,2018-02-19,25.98,26.740000000000002,30.53,24.81,89.02142857142857,312,245,31,22,48,0.489,8,5,1
2018,9,Ilaje,1,WHO_literature,2018-02-26,11.2,26.97142857142857,30.56,25.08,88.26,312,245,31,22,48,0.489,8,5,1
2018,10,Ilaje,0,WHO_literature,2018-03-05,15.05,27.17142857142857,30.69,25.09,87.05714285714285,312,245,31,22,48,0.489,8,5,1
2018,11,Ilaje,1,WHO_literature,2018-03-12,41.76,27.351428571428574,30.43,25.63,89.44714285714285,312,245,31,22,48,0.489,8,5,1
2018,12,Ilaje,1,WHO_literature,2018-03-19,33.11,26.707142857142856,29.19,24.66,88.85000000000001,312,245,31,22,48,0.489,8,5,1
2018,13,Ilaje,0,WHO_literature,2018-03-26,10.71,27.327142857142857,30.07,25.56,89.20714285714287,312,245,31,22,48,0.489,8,5,1
2018,14,Ilaje,7,WHO_literature,2018-04-02,16.39,27.185714285714287,30.43,25.26,88.92857142857143,312,245,31,22,48,0.489,8,5,1
2018,15,Ilaje,3,WHO_literature,2018-04-09,16.77,26.927142857142858,30.4,24.65,87.99428571428572,312,245,31,22,48,0.489,8,5,1
2018,16,Ilaje,2,WHO_literature,2018-04-16,34.55,27.118571428571425,30.21,25.24,89.26285714285714,312,245,31,22,48,0.489,8,5,1
2018,17,Ilaje,1,WHO_literature,2018-04-23,23.26,27.01571428571429,29.48,25.14,90.13857142857144,312,245,31,22,48,0.489,8,5,1
2018,18,Ilaje,2,WHO_literature,2018-04-30,17.810000000000002,27.312857142857144,30.04,25.64,88.61714285714285,312,245,31,22,48,0.489,8,5,1
2018,19,Ilaje,8,WHO_literature,2018-05-07,66.85,26.20285714285714,28.55,24.71,91.97142857142856,312,245,31,22,48,0.489,8,5,1
2018,20,Ilaje,8,WHO_literature,2018-05-14,27.1,26.535714285714285,29.36,24.78,90.05857142857143,312,245,31,22,48,0.489,8,5,1
2018,21,Ilaje,9,WHO_literature,2018-05-21,54.449999999999996,26.374285714285715,28.62,24.46,92.06142857142856,312,245,31,22,48,0.489,8,5,1
2018,22,Ilaje,8,WHO_literature,2018-05-28,69.83,26.285714285714285,29.17,24.95,91.91714285714285,312,245,31,22,48,0.489,8,5,1
2018,23,Ilaje,13,WHO_literature,2018-06-04,69.3,26.004285714285714,29.03,23.92,93.07857142857142,312,245,31,22,48,0.489,8,5,1
2018,24,Ilaje,17,WHO_literature,2018-06-11,67.94,26.312857142857144,29.17,23.85,91.09857142857143,312,245,31,22,48,0.489,8,5,1
2018,25,Ilaje,10,WHO_literature,2018-06-18,179.97,25.134285714285713,27.91,23.72,92.11142857142856,312,245,31,22,48,0.489,8,5,1
2018,26,Ilaje,15,WHO_literature,2018-06-25,107.82,25.154285714285717,27.94,23.51,91.49000000000001,312,245,31,22,48,0.489,8,5,1
2018,27,Ilaje,3,WHO_literature,2018-07-02,59.87,25.295714285714286,28.77,23.38,91.86142857142856,312,245,31,22,48,0.489,8,5,1
2018,28,Ilaje,9,WHO_literature,2018-07-09,63.6,25.398571428571426,28.49,23.75,91.67142857142858,312,245,31,22,48,0.489,8,5,1
2018,29,Ilaje,3,WHO_literature,2018-07-16,71.01,25.228571428571428,28.29,23.69,92.06428571428572,312,245,31,22,48,0.489,8,5,1
2018,30,Ilaje,5,WHO_literature,2018-07-23,113.02,25.28142857142857,28.32,23.81,92.12285714285714,312,245,31,22,48,0.489,8,5,1
2018,31,Ilaje,7,WHO_literature,2018-07-30,21.99,24.704285714285714,27.9,22.81,88.16285714285713,312,245,31,22,48,0.489,8,5,1
2018,32,Ilaje,8,WHO_literature,2018-08-06,20.49,24.964285714285715,27.92,23.2,90.13428571428571,312,245,31,22,48,0.489,8,5,1
2018,33,Ilaje,12,WHO_literature,2018-08-13,50.11,24.91,27.92,23.43,92.53285714285714,312,245,31,22,48,0.489,8,5,1
2018,34,Ilaje,5,WHO_literature,2018-08-20,61.33,24.77285714285714,28.68,23.17,91.92142857142858,312,245,31,22,48,0.489,8,5,1
2018,35,Ilaje,13,WHO_literature,2018-08-27,124.69999999999999,25.222857142857144,28.24,23.21,91.47571428571429,312,245,31,22,48,0.489,8,5,1
2018,36,Ilaje,12,WHO_literature,2018-09-03,81.5,25.07857142857143,27.62,23.8,93.91428571428571,312,245,31,22,48,0.489,8,5,1
2018,37,Ilaje,9,WHO_literature,2018-09-10,53.019999999999996,25.198571428571427,28.65,23.43,91.8442857142857,312,245,31,22,48,0.489,8,5,1
2018,38,Ilaje,7,WHO_literature,2018-09-17,62.35,25.767142857142858,28.95,23.91,91.61,312,245,31,22,48,0.489,8,5,1
2018,39,Ilaje,7,WHO_literature,2018-09-24,73.47999999999999,25.60571428571429,29.12,23.83,91.48,312,245,31,22,48,0.489,8,5,1
2018,40,Ilaje,2,WHO_literature,2018-10-01,58.550000000000004,25.82,28.89,24.24,91.06857142857143,312,245,31,22,48,0.489,8,5,1
2018,41,Ilaje,8,WHO_literature,2018-10-08,56.96,25.565714285714286,28.53,23.45,91.27285714285713,312,245,31,22,48,0.489,8,5,1
2018,42,Ilaje,11,WHO_literature,2018-10-15,59.35,26.02,30.49,23.72,90.42571428571429,312,245,31,22,48,0.489,8,5,1
2018,43,Ilaje,8,WHO_literature,2018-10-22,39.349999999999994,26.46142857142857,29.35,24.63,91.01285714285714,312,245,31,22,48,0.489,8,5,1
2018,44,Ilaje,7,WHO_literature,2018-10-29,119.67999999999999,26.45,28.61,24.75,92.19000000000001,312,245,31,22,48,0.489,8,5,1
2018,45,Ilaje,3,WHO_literature,2018-11-05,47.59,26.735714285714288,30.05,24.81,89.71428571428571,312,245,31,22,48,0.489,8,5,1
2018,46,Ilaje,2,WHO_literature,2018-11-12,44.650000000000006,27.014285714285712,30.19,25.34,89.52,312,245,31,22,48,0.489,8,5,1
2018,47,Ilaje,2,WHO_literature,2018-11-19,41.52,27.232857142857142,31.04,25.18,88.06857142857143,312,245,31,22,48,0.489,8,5,1
2018,48,Ilaje,6,WHO_literature,2018-11-26,1.71,27.38,31.15,25.21,87.45,312,245,31,22,48,0.489,8,5,1
2018,49,Ilaje,3,WHO_literature,2018-12-03,0.17,26.965714285714284,30.32,22.17,80.76142857142858,312,245,31,22,48,0.489,8,5,1
2018,50,Ilaje,1,WHO_literature,2018-12-10,4.890000000000001,27.16,30.6,24.36,84.59285714285714,312,245,31,22,48,0.489,8,5,1
2018,51,Ilaje,0,WHO_literature,2018-12-17,0.01,26.220000000000002,30.63,19.96,75.12857142857142,312,245,31,22,48,0.489,8,5,1
2018,52,Ilaje,0,WHO_literature,2018-12-24,0.0,25.55857142857143,29.85,20.57,72.25857142857143,312,245,31,22,48,0.489,8,5,1
2019,1,Ilaje,0,WHO_literature,2019-01-07,0.0,25.577142857142857,30.36,20.96,76.75142857142858,312,245,31,22,48,0.489,8,5,1
2019,2,Ilaje,0,WHO_literature,2019-01-14,0.0,26.057142857142857,29.97,19.94,80.22285714285714,312,245,31,22,48,0.489,8,5,1
2019,3,Ilaje,0,WHO_literature,2019-01-21,11.2,27.321428571428573,30.65,25.35,88.09714285714286,312,245,31,22,48,0.489,8,5,1
2019,4,Ilaje,0,WHO_literature,2019-01-28,10.120000000000001,27.21857142857143,30.91,24.9,86.9342857142857,312,245,31,22,48,0.489,8,5,1
2019,5,Ilaje,0,WHO_literature,2019-02-04,43.71,27.25,30.89,25.07,88.07714285714285,312,245,31,22,48,0.489,8,5,1
2019,6,Ilaje,0,WHO_literature,2019-02-11,7.85,27.065714285714286,30.73,23.88,82.45714285714287,312,245,31,22,48,0.489,8,5,1
2019,7,Ilaje,2,WHO_literature,2019-02-18,0.6,26.832857142857144,31.63,21.48,80.52142857142857,312,245,31,22,48,0.489,8,5,1
2019,8,Ilaje,1,WHO_literature,2019-02-25,17.39,27.49285714285714,30.6,25.41,89.40142857142858,312,245,31,22,48,0.489,8,5,1
2019,9,Ilaje,0,WHO_literature,2019-03-04,35.58,26.745714285714286,30.32,24.84,87.79428571428572,312,245,31,22,48,0.489,8,5,1
2019,10,Ilaje,0,WHO_literature,2019-03-11,44.77,27.37142857142857,30.07,25.52,88.10428571428572,312,245,31,22,48,0.489,8,5,1
2019,11,Ilaje,1,WHO_literature,2019-03-18,9.15,27.830000000000002,31.68,25.86,87.32000000000001,312,245,31,22,48,0.489,8,5,1
2019,12,Ilaje,0,WHO_literature,2019-03-25,15.540000000000001,27.632857142857144,31.06,25.5,89.3157142857143,312,245,31,22,48,0.489,8,5,1
2019,13,Ilaje,1,WHO_literature,2019-04-01,1.22,27.759999999999998,30.77,25.48,88.28,312,245,31,22,48,0.489,8,5,1
2019,14,Ilaje,1,WHO_literature,2019-04-08,20.520000000000003,28.014285714285712,30.8,26.45,88.80571428571429,312,245,31,22,48,0.489,8,5,1
2019,15,Ilaje,0,WHO_literature,2019-04-15,40.7,27.208571428571428,30.64,25.05,89.87,312,245,31,22,48,0.489,8,5,1
2019,16,Ilaje,1,WHO_literature,2019-04-22,1.94,27.602857142857143,31.01,24.44,87.88285714285715,312,245,31,22,48,0.489,8,5,1
2019,17,Ilaje,3,WHO_literature,2019-04-29,10.3,27.72,30.31,26.0,89.95857142857143,312,245,31,22,48,0.489,8,5,1
2019,18,Ilaje,0,WHO_literature,2019-05-06,23.79,27.53857142857143,30.29,25.89,90.79571428571428,312,245,31,22,48,0.489,8,5,1
2019,19,Ilaje,5,WHO_literature,2019-05-13,51.660000000000004,27.400000000000002,30.01,24.84,89.5457142857143,312,245,31,22,48,0.489,8,5,1
2019,20,Ilaje,2,WHO_literature,2019-05-20,45.71,26.904285714285717,30.27,24.21,87.4342857142857,312,245,31,22,48,0.489,8,5,1
2019,21,Ilaje,5,WHO_literature,2019-05-27,103.37,26.724285714285713,29.83,25.05,91.78857142857143,312,245,31,22,48,0.489,8,5,1
2019,22,Ilaje,8,WHO_literature,2019-06-03,85.78,26.34,28.82,25.08,92.06857142857143,312,245,31,22,48,0.489,8,5,1
2019,23,Ilaje,4,WHO_literature,2019-06-10,65.79,26.277142857142856,28.88,24.4,91.67,312,245,31,22,48,0.489,8,5,1
2019,24,Ilaje,5,WHO_literature,2019-06-17,68.42,26.261428571428574,29.03,24.65,89.39,312,245,31,22,48,0.489,8,5,1
2019,25,Ilaje,11,WHO_literature,2019-06-24,45.22,26.15285714285714,29.3,24.78,92.53714285714285,312,245,31,22,48,0.489,8,5,1
2019,26,Ilaje,3,WHO_literature,2019-07-01,246.01,25.457142857142856,28.12,23.55,91.17714285714285,312,245,31,22,48,0.489,8,5,1
2019,27,Ilaje,7,WHO_literature,2019-07-08,37.57,25.8,28.84,24.3,91.65142857142857,312,245,31,22,48,0.489,8,5,1
2019,28,Ilaje,1,WHO_literature,2019-07-15,80.41,24.96142857142857,28.5,23.11,91.69142857142857,312,245,31,22,48,0.489,8,5,1
2019,29,Ilaje,5,WHO_literature,2019-07-22,64.46000000000001,25.214285714285715,28.38,23.56,91.78857142857143,312,245,31,22,48,0.489,8,5,1
2019,30,Ilaje,7,WHO_literature,2019-07-29,78.47,25.207142857142856,27.95,23.94,92.54857142857144,312,245,31,22,48,0.489,8,5,1
2019,31,Ilaje,6,WHO_literature,2019-08-05,62.08,25.024285714285718,27.78,23.76,92.06714285714285,312,245,31,22,48,0.489,8,5,1
2019,32,Ilaje,8,WHO_literature,2019-08-12,57.9,24.905714285714286,27.81,23.53,92.15714285714286,312,245,31,22,48,0.489,8,5,1
2019,33,Ilaje,4,WHO_literature,2019-08-19,20.08,25.41142857142857,28.31,23.45,89.47428571428573,312,245,31,22,48,0.489,8,5,1
2019,34,Ilaje,4,WHO_literature,2019-08-26,146.6,25.099999999999998,28.12,23.31,92.46142857142857,312,245,31,22,48,0.489,8,5,1
2019,35,Ilaje,10,WHO_literature,2019-09-02,80.19,25.192857142857143,28.02,23.5,91.83571428571429,312,245,31,22,48,0.489,8,5,1
2019,36,Ilaje,8,WHO_literature,2019-09-09,76.63,25.38714285714286,28.62,23.91,92.89428571428572,312,245,31,22,48,0.489,8,5,1
2019,37,Ilaje,7,WHO_literature,2019-09-16,79.92,25.37142857142857,28.07,23.93,92.23571428571428,312,245,31,22,48,0.489,8,5,1
2019,38,Ilaje,6,WHO_literature,2019-09-23,152.96,25.594285714285714,28.74,23.62,92.47571428571429,312,245,31,22,48,0.489,8,5,1
2019,39,Ilaje,2,WHO_literature,2019-09-30,83.66,25.462857142857143,28.35,23.69,91.67999999999999,312,245,31,22,48,0.489,8,5,1
2019,40,Ilaje,5,WHO_literature,2019-10-07,270.35,25.285714285714285,28.93,23.59,90.69000000000001,312,245,31,22,48,0.489,8,5,1
2019,41,Ilaje,6,WHO_literature,2019-10-14,74.76,25.38714285714286,28.8,23.66,92.39999999999999,312,245,31,22,48,0.489,8,5,1
2019,42,Ilaje,5,WHO_literature,2019-10-21,50.59,25.575714285714287,28.85,23.58,90.46000000000001,312,245,31,22,48,0.489,8,5,1
2019,43,Ilaje,6,WHO_literature,2019-10-28,68.64,25.872857142857146,29.31,24.21,90.88857142857144,312,245,31,22,48,0.489,8,5,1
2019,44,Ilaje,4,WHO_literature,2019-11-04,64.15,25.844285714285714,28.68,23.73,89.83714285714287,312,245,31,22,48,0.489,8,5,1
2019,45,Ilaje,2,WHO_literature,2019-11-11,45.65,26.574285714285715,30.24,24.39,90.09714285714286,312,245,31,22,48,0.489,8,5,1
2019,46,Ilaje,2,WHO_literature,2019-11-18,30.82,26.64428571428571,29.94,24.64,90.62285714285714,312,245,31,22,48,0.489,8,5,1
2019,47,Ilaje,3,WHO_literature,2019-11-25,21.29,27.09,30.75,25.03,89.14857142857143,312,245,31,22,48,0.489,8,5,1
2019,48,Ilaje,4,WHO_literature,2019-12-02,8.67,27.294285714285714,30.88,25.31,88.35428571428572,312,245,31,22,48,0.489,8,5,1
2019,49,Ilaje,0,WHO_literature,2019-12-09,24.79,27.147142857142857,30.63,25.09,86.7757142857143,312,245,31,22,48,0.489,8,5,1
2019,50,Ilaje,0,WHO_literature,2019-12-16,28.07,27.077142857142857,30.72,22.89,79.57714285714285,312,245,31,22,48,0.489,8,5,1
2019,51,Ilaje,0,WHO_literature,2019-12-23,1.96,27.12714285714286,30.86,21.82,75.87857142857142,312,245,31,22,48,0.489,8,5,1
2019,52,Ilaje,0,WHO_literature,2019-12-30,0.0,25.842857142857145,29.93,20.47,66.74857142857142,312,245,31,22,48,0.489,8,5,1
2020,1,Ilaje,0,WHO_literature,2020-01-06,0.0,24.23,30.02,17.74,72.61142857142856,312,245,31,22,48,0.489,8,5,1
2020,2,Ilaje,1,WHO_literature,2020-01-13,0.35,25.864285714285717,29.76,20.7,80.59714285714287,312,245,31,22,48,0.489,8,5,1
2020,3,Ilaje,0,WHO_literature,2020-01-20,0.25,26.75714285714286,31.18,20.61,84.27,312,245,31,22,48,0.489,8,5,1
2020,4,Ilaje,0,WHO_literature,2020-01-27,0.0,24.47,30.59,15.6,73.80857142857143,312,245,31,22,48,0.489,8,5,1
2020,5,Ilaje,0,WHO_literature,2020-02-03,0.0,25.43285714285714,30.35,18.5,70.81142857142858,312,245,31,22,48,0.489,8,5,1
2020,6,Ilaje,0,WHO_literature,2020-02-10,0.0,26.914285714285715,31.45,22.02,81.91428571428571,312,245,31,22,48,0.489,8,5,1
2020,7,Ilaje,0,WHO_literature,2020-02-17,0.0,26.23428571428571,30.8,19.56,75.39714285714285,312,245,31,22,48,0.489,8,5,1
2020,8,Ilaje,0,WHO_literature,2020-02-24,0.0,27.939999999999998,32.22,25.46,87.13571428571429,312,245,31,22,48,0.489,8,5,1
2020,9,Ilaje,0,WHO_literature,2020-03-02,0.99,28.08142857142857,31.93,25.74,85.35714285714286,312,245,31,22,48,0.489,8,5,1
2020,10,Ilaje,0,WHO_literature,2020-03-09,28.42,27.875714285714285,31.49,24.79,85.19571428571429,312,245,31,22,48,0.489,8,5,1
2020,11,Ilaje,0,WHO_literature,2020-03-16,85.98,27.928571428571427,31.16,25.94,89.27142857142857,312,245,31,22,48,0.489,8,5,1
2020,12,Ilaje,0,WHO_literature,2020-03-23,19.6,28.00142857142857,30.97,26.24,88.76428571428572,312,245,31,22,48,0.489,8,5,1
2020,13,Ilaje,0,WHO_literature,2020-03-30,55.22,27.03857142857143,30.53,24.83,89.42857142857143,312,245,31,22,48,0.489,8,5,1
2020,14,Ilaje,0,WHO_literature,2020-04-06,22.45,27.545714285714286,32.05,25.81,89.15714285714286,312,245,31,22,48,0.489,8,5,1
2020,15,Ilaje,0,WHO_literature,2020-04-13,39.68,27.391428571428573,31.05,24.38,87.34857142857143,312,245,31,22,48,0.489,8,5,1
2020,16,Ilaje,1,WHO_literature,2020-04-20,1.9,28.04714285714286,31.19,25.97,87.64285714285714,312,245,31,22,48,0.489,8,5,1
2020,17,Ilaje,0,WHO_literature,2020-04-27,60.83,26.948571428571427,30.11,24.87,90.51142857142858,312,245,31,22,48,0.489,8,5,1
2020,18,Ilaje,0,WHO_literature,2020-05-04,59.46,27.277142857142856,30.38,24.79,90.32428571428571,312,245,31,22,48,0.489,8,5,1
2020,19,Ilaje,1,WHO_literature,2020-05-11,24.33,27.474285714285713,30.8,25.32,88.47285714285715,312,245,31,22,48,0.489,8,5,1
2020,20,Ilaje,1,WHO_literature,2020-05-18,35.23,26.925714285714285,30.02,24.97,88.85714285714286,312,245,31,22,48,0.489,8,5,1
2020,21,Ilaje,0,WHO_literature,2020-05-25,39.64,26.84142857142857,30.19,25.09,90.5257142857143,312,245,31,22,48,0.489,8,5,1
2020,22,Ilaje,0,WHO_literature,2020-06-01,38.9,26.40285714285714,28.38,24.86,92.60000000000001,312,245,31,22,48,0.489,8,5,1
2020,23,Ilaje,0,WHO_literature,2020-06-08,80.83,26.352857142857143,28.77,24.73,91.19000000000001,312,245,31,22,48,0.489,8,5,1
2020,24,Ilaje,5,WHO_literature,2020-06-15,73.8,25.924285714285713,28.89,24.12,90.78285714285714,312,245,31,22,48,0.489,8,5,1
2020,25,Ilaje,0,WHO_literature,2020-06-22,80.17,26.042857142857144,29.22,24.16,91.00999999999999,312,245,31,22,48,0.489,8,5,1
2020,26,Ilaje,3,WHO_literature,2020-06-29,114.05,25.607142857142858,29.11,23.85,91.72857142857143,312,245,31,22,48,0.489,8,5,1
2020,27,Ilaje,1,WHO_literature,2020-07-06,134.36,25.392857142857142,28.3,24.03,91.28857142857143,312,245,31,22,48,0.489,8,5,1
2020,28,Ilaje,1,WHO_literature,2020-07-13,121.66,24.907142857142855,27.58,23.17,93.32857142857142,312,245,31,22,48,0.489,8,5,1
2020,29,Ilaje,2,WHO_literature,2020-07-20,54.7,24.675714285714285,26.87,23.22,92.29285714285713,312,245,31,22,48,0.489,8,5,1
2020,30,Ilaje,3,WHO_literature,2020-07-27,56.64,24.93857142857143,27.59,23.57,91.98571428571428,312,245,31,22,48,0.489,8,5,1
2020,31,Ilaje,2,WHO_literature,2020-08-03,19.69,24.705714285714286,27.78,23.2,89.0442857142857,312,245,31,22,48,0.489,8,5,1
2020,32,Ilaje,1,WHO_literature,2020-08-10,1.95,24.05,27.48,21.52,86.09285714285714,312,245,31,22,48,0.489,8,5,1
2020,33,Ilaje,1,WHO_literature,2020-08-17,2.33,24.48428571428571,28.32,21.77,85.89428571428572,312,245,31,22,48,0.489,8,5,1
2020,34,Ilaje,2,WHO_literature,2020-08-24,27.79,24.79714285714286,28.17,22.55,89.84714285714286,312,245,31,22,48,0.489,8,5,1
2020,35,Ilaje,2,WHO_literature,2020-08-31,23.71,24.67142857142857,28.49,22.65,87.98,312,245,31,22,48,0.489,8,5,1
2020,36,Ilaje,1,WHO_literature,2020-09-07,57.089999999999996,24.985714285714288,28.77,22.96,90.51,312,245,31,22,48,0.489,8,5,1
2020,37,Ilaje,0,WHO_literature,2020-09-14,115.31,25.02857142857143,28.78,23.03,91.09142857142857,312,245,31,22,48,0.489,8,5,1
2020,38,Ilaje,1,WHO_literature,2020-09-21,98.87,25.101428571428574,28.64,23.35,91.3,312,245,31,22,48,0.489,8,5,1
2020,39,Ilaje,3,WHO_literature,2020-09-28,114.7,25.02285714285714,28.1,23.08,92.14999999999999,312,245,31,22,48,0.489,8,5,1
2020,40,Ilaje,1,WHO_literature,2020-10-05,34.81,25.415714285714284,29.04,23.46,90.71142857142857,312,245,31,22,48,0.489,8,5,1
2020,41,Ilaje,1,WHO_literature,2020-10-12,45.32,25.395714285714288,28.65,23.06,90.08,312,245,31,22,48,0.489,8,5,1
2020,42,Ilaje,0,WHO_literature,2020-10-19,54.449999999999996,25.64428571428571,29.47,23.69,89.66571428571429,312,245,31,22,48,0.489,8,5,1
2020,43,Ilaje,1,WHO_literature,2020-10-26,26.13,26.22,29.26,24.3,90.28142857142858,312,245,31,22,48,0.489,8,5,1
2020,44,Ilaje,2,WHO_literature,2020-11-02,71.09,26.422857142857143,30.1,24.44,90.36142857142856,312,245,31,22,48,0.489,8,5,1
2020,45,Ilaje,0,WHO_literature,2020-11-09,31.52,26.551428571428573,30.33,24.77,89.64285714285714,312,245,31,22,48,0.489,8,5,1
2020,46,Ilaje,2,WHO_literature,2020-11-16,37.95,26.454285714285714,29.45,24.58,87.18571428571428,312,245,31,22,48,0.489,8,5,1
2020,47,Ilaje,1,WHO_literature,2020-11-23,18.169999999999998,27.00857142857143,30.25,24.97,85.67714285714285,312,245,31,22,48,0.489,8,5,1
2020,48,Ilaje,0,WHO_literature,2020-11-30,124.48,26.99142857142857,30.51,24.38,87.98142857142857,312,245,31,22,48,0.489,8,5,1
2020,49,Ilaje,0,WHO_literature,2020-12-07,26.009999999999998,27.27,30.75,24.86,86.80571428571429,312,245,31,22,48,0.489,8,5,1
2020,50,Ilaje,0,WHO_literature,2020-12-14,10.74,26.45,30.62,22.65,89.53714285714285,312,245,31,22,48,0.489,8,5,1
2020,51,Ilaje,0,WHO_literature,2020-12-21,22.810000000000002,26.707142857142856,30.17,24.81,89.00857142857141,312,245,31,22,48,0.489,8,5,1
2020,52,Ilaje,0,WHO_literature,2020-12-28,3.85,26.678571428571427,30.63,24.0,87.44857142857143,312,245,31,22,48,0.489,8,5,1
2021,1,Ilaje,2,WHO_literature,2021-01-04,47.11,26.972857142857144,30.23,25.24,90.55714285714285,312,245,31,22,48,0.489,8,5,1
2021,2,Ilaje,2,WHO_literature,2021-01-11,1.89,27.140000000000004,31.3,24.7,85.39,312,245,31,22,48,0.489,8,5,1
2021,3,Ilaje,0,WHO_literature,2021-01-18,0.25,26.525714285714287,31.22,21.37,76.21714285714286,312,245,31,22,48,0.489,8,5,1
2021,4,Ilaje,1,WHO_literature,2021-01-25,7.359999999999999,26.955714285714286,30.97,24.1,88.16571428571429,312,245,31,22,48,0.489,8,5,1
2021,5,Ilaje,2,WHO_literature,2021-02-01,3.71,27.462857142857143,31.06,25.25,86.64714285714285,312,245,31,22,48,0.489,8,5,1
2021,6,Ilaje,1,WHO_literature,2021-02-08,21.9,27.82,31.81,25.56,87.97714285714287,312,245,31,22,48,0.489,8,5,1
2021,7,Ilaje,4,WHO_literature,2021-02-15,3.24,26.020000000000003,29.9,20.62,71.53714285714285,312,245,31,22,48,0.489,8,5,1
2021,8,Ilaje,1,WHO_literature,2021-02-22,6.07,27.042857142857144,30.15,23.67,86.66,312,245,31,22,48,0.489,8,5,1
2021,9,Ilaje,1,WHO_literature,2021-03-01,2.43,27.875714285714285,31.13,25.63,88.15285714285714,312,245,31,22,48,0.489,8,5,1
2021,10,Ilaje,1,WHO_literature,2021-03-08,54.04,27.094285714285714,29.74,25.34,90.67428571428572,312,245,31,22,48,0.489,8,5,1
2021,11,Ilaje,1,WHO_literature,2021-03-15,14.99,26.55857142857143,29.72,24.72,87.60142857142857,312,245,31,22,48,0.489,8,5,1
2021,12,Ilaje,1,WHO_literature,2021-03-22,33.18,26.98857142857143,31.24,25.22,88.00428571428571,312,245,31,22,48,0.489,8,5,1
2021,13,Ilaje,0,WHO_literature,2021-03-29,1.54,27.648571428571426,30.86,25.49,87.78857142857143,312,245,31,22,48,0.489,8,5,1
2021,14,Ilaje,3,WHO_literature,2021-04-05,62.56999999999999,27.46,30.45,26.07,90.51428571428572,312,245,31,22,48,0.489,8,5,1
2021,15,Ilaje,8,WHO_literature,2021-04-12,161.17,26.96,29.8,24.99,88.69142857142857,312,245,31,22,48,0.489,8,5,1
2021,16,Ilaje,9,WHO_literature,2021-04-19,62.41,27.094285714285714,29.39,25.26,90.25428571428571,312,245,31,22,48,0.489,8,5,1
2021,17,Ilaje,8,WHO_literature,2021-04-26,18.72,27.412857142857142,30.49,25.86,89.87714285714286,312,245,31,22,48,0.489,8,5,1
2021,18,Ilaje,9,WHO_literature,2021-05-03,46.86,26.268571428571427,29.32,24.35,89.37857142857142,312,245,31,22,48,0.489,8,5,1
2021,19,Ilaje,15,WHO_literature,2021-05-10,16.11,26.897142857142857,29.52,23.99,89.45142857142856,312,245,31,22,48,0.489,8,5,1
2021,20,Ilaje,16,WHO_literature,2021-05-17,35.21,26.81714285714286,29.49,24.27,90.55,312,245,31,22,48,0.489,8,5,1
2021,21,Ilaje,24,WHO_literature,2021-05-24,47.72,27.101428571428574,29.67,25.75,91.98714285714286,312,245,31,22,48,0.489,8,5,1
2021,22,Ilaje,16,WHO_literature,2021-05-31,101.03,26.58142857142857,29.43,24.51,90.10285714285715,312,245,31,22,48,0.489,8,5,1
2021,23,Ilaje,30,WHO_literature,2021-06-07,27.21,26.388571428571428,29.89,24.48,88.88571428571429,312,245,31,22,48,0.489,8,5,1
2021,24,Ilaje,36,WHO_literature,2021-06-14,119.61,26.09142857142857,28.96,24.45,91.98428571428572,312,245,31,22,48,0.489,8,5,1
2021,25,Ilaje,36,WHO_literature,2021-06-21,57.41,25.45,28.45,23.83,91.59571428571428,312,245,31,22,48,0.489,8,5,1
2021,26,Ilaje,23,WHO_literature,2021-06-28,75.02,25.44142857142857,28.57,23.48,90.45142857142856,312,245,31,22,48,0.489,8,5,1
2021,27,Ilaje,32,WHO_literature,2021-07-05,53.34,25.422857142857143,28.24,23.68,90.29714285714286,312,245,31,22,48,0.489,8,5,1
2021,28,Ilaje,30,WHO_literature,2021-07-12,132.41,25.454285714285714,28.19,23.82,90.17857142857143,312,245,31,22,48,0.489,8,5,1
2021,29,Ilaje,25,WHO_literature,2021-07-19,16.53,25.30857142857143,28.04,23.25,87.57285714285715,312,245,31,22,48,0.489,8,5,1
2021,30,Ilaje,26,WHO_literature,2021-07-26,18.93,25.109999999999996,28.23,23.28,87.40142857142857,312,245,31,22,48,0.489,8,5,1
2021,31,Ilaje,23,WHO_literature,2021-08-02,72.97,25.174285714285713,27.95,23.37,92.24857142857142,312,245,31,22,48,0.489,8,5,1
2021,32,Ilaje,28,WHO_literature,2021-08-09,120.27,25.16,27.9,23.36,90.69142857142857,312,245,31,22,48,0.489,8,5,1
2021,33,Ilaje,28,WHO_literature,2021-08-16,121.62,24.97,27.58,23.74,91.72,312,245,31,22,48,0.489,8,5,1
2021,34,Ilaje,23,WHO_literature,2021-08-23,57.99,25.514285714285712,28.47,23.86,91.83428571428571,312,245,31,22,48,0.489,8,5,1
2021,35,Ilaje,23,WHO_literature,2021-08-30,252.43,25.34,27.75,23.68,91.95285714285714,312,245,31,22,48,0.489,8,5,1
2021,36,Ilaje,25,WHO_literature,2021-09-06,48.85,25.568571428571428,28.44,24.06,92.51285714285714,312,245,31,22,48,0.489,8,5,1
2021,37,Ilaje,29,WHO_literature,2021-09-13,44.31,25.504285714285714,28.47,23.56,90.32285714285715,312,245,31,22,48,0.489,8,5,1
2021,38,Ilaje,38,WHO_literature,2021-09-20,79.22,25.41142857142857,28.85,23.0,89.97714285714287,312,245,31,22,48,0.489,8,5,1
2021,39,Ilaje,21,WHO_literature,2021-09-27,45.54,25.784285714285716,28.8,24.03,90.5442857142857,312,245,31,22,48,0.489,8,5,1
2021,40,Ilaje,16,WHO_literature,2021-10-04,58.31,26.33142857142857,29.68,24.61,91.24142857142859,312,245,31,22,48,0.489,8,5,1
2021,41,Ilaje,15,WHO_literature,2021-10-11,45.4,26.291428571428572,29.21,24.94,91.11,312,245,31,22,48,0.489,8,5,1
2021,42,Ilaje,33,WHO_literature,2021-10-18,28.919999999999998,26.262857142857143,30.21,24.65,88.98,312,245,31,22,48,0.489,8,5,1
2021,43,Ilaje,15,WHO_literature,2021-10-25,73.25999999999999,26.275714285714287,29.2,24.41,91.00999999999999,312,245,31,22,48,0.489,8,5,1
2021,44,Ilaje,13,WHO_literature,2021-11-01,81.18,26.25714285714286,28.91,24.62,91.02428571428571,312,245,31,22,48,0.489,8,5,1
2021,45,Ilaje,8,WHO_literature,2021-11-08,151.95999999999998,26.527142857142856,29.72,25.03,91.6557142857143,312,245,31,22,48,0.489,8,5,1
2021,46,Ilaje,9,WHO_literature,2021-11-15,36.64,26.794285714285714,29.65,25.13,89.82285714285715,312,245,31,22,48,0.489,8,5,1
2021,47,Ilaje,1,NCDC_real,2021-11-22,48.35,26.857142857142858,30.02,25.23,89.6557142857143,312,245,31,22,48,0.489,8,5,1
2021,48,Ilaje,2,WHO_literature,2021-11-29,8.85,27.085714285714285,31.05,24.92,87.15285714285713,312,245,31,22,48,0.489,8,5,1
2021,49,Ilaje,0,WHO_literature,2021-12-06,1.97,27.247142857142855,30.99,23.22,84.48571428571428,312,245,31,22,48,0.489,8,5,1
2021,50,Ilaje,1,NCDC_real,2021-12-13,10.9,26.11285714285714,30.86,19.96,83.44285714285715,312,245,31,22,48,0.489,8,5,1
2021,51,Ilaje,1,WHO_literature,2021-12-20,4.05,25.244285714285716,30.82,19.3,81.96142857142857,312,245,31,22,48,0.489,8,5,1
2021,52,Ilaje,2,WHO_literature,2021-12-27,20.53,26.504285714285714,30.25,21.64,82.68142857142857,312,245,31,22,48,0.489,8,5,1
2022,1,Ilaje,2,WHO_literature,2022-01-03,28.15,25.725714285714282,30.56,20.35,81.51142857142858,312,245,31,22,48,0.489,8,5,1
2022,2,Ilaje,0,WHO_literature,2022-01-10,16.89,26.860000000000003,30.87,24.9,88.33142857142857,312,245,31,22,48,0.489,8,5,1
2022,3,Ilaje,0,WHO_literature,2022-01-17,23.4,24.185714285714287,30.56,17.98,75.94000000000001,312,245,31,22,48,0.489,8,5,1
2022,4,Ilaje,2,WHO_literature,2022-01-24,10.91,23.984285714285715,29.04,17.08,71.92857142857143,312,245,31,22,48,0.489,8,5,1
2022,5,Ilaje,1,WHO_literature,2022-01-31,0.0,23.74142857142857,29.08,16.25,70.12571428571428,312,245,31,22,48,0.489,8,5,1
2022,6,Ilaje,1,WHO_literature,2022-02-07,2.65,26.794285714285714,31.25,20.89,81.73,312,245,31,22,48,0.489,8,5,1
2022,7,Ilaje,1,WHO_literature,2022-02-14,0.8999999999999999,27.532857142857143,31.75,25.28,87.28,312,245,31,22,48,0.489,8,5,1
2022,8,Ilaje,1,WHO_literature,2022-02-21,1.6099999999999999,27.774285714285718,31.6,25.5,87.38714285714286,312,245,31,22,48,0.489,8,5,1
2022,9,Ilaje,0,WHO_literature,2022-02-28,35.0,27.442857142857143,30.97,25.89,88.45714285714287,312,245,31,22,48,0.489,8,5,1
2022,10,Ilaje,2,WHO_literature,2022-03-07,29.36,27.385714285714283,30.01,25.73,88.96000000000001,312,245,31,22,48,0.489,8,5,1
2022,11,Ilaje,0,WHO_literature,2022-03-14,9.45,27.720000000000002,30.82,25.78,89.15142857142857,312,245,31,22,48,0.489,8,5,1
2022,12,Ilaje,0,WHO_literature,2022-03-21,7.52,27.787142857142857,32.0,26.25,88.9557142857143,312,245,31,22,48,0.489,8,5,1
2022,13,Ilaje,1,WHO_literature,2022-03-28,13.72,27.74285714285714,31.33,25.42,88.05999999999999,312,245,31,22,48,0.489,8,5,1
2022,14,Ilaje,3,WHO_literature,2022-04-04,43.41,27.205714285714286,30.57,24.27,88.97714285714287,312,245,31,22,48,0.489,8,5,1
2022,15,Ilaje,7,WHO_literature,2022-04-11,29.71,26.857142857142858,30.11,25.08,88.18285714285715,312,245,31,22,48,0.489,8,5,1
2022,16,Ilaje,8,WHO_literature,2022-04-18,48.99,26.895714285714284,30.04,25.11,88.19142857142857,312,245,31,22,48,0.489,8,5,1
2022,17,Ilaje,6,WHO_literature,2022-04-25,123.56,26.594285714285714,29.02,24.52,90.3442857142857,312,245,31,22,48,0.489,8,5,1
2022,18,Ilaje,5,WHO_literature,2022-05-02,35.53,26.78142857142857,29.82,25.01,90.39142857142858,312,245,31,22,48,0.489,8,5,1
2022,19,Ilaje,12,WHO_literature,2022-05-09,27.229999999999997,27.05857142857143,30.01,25.48,90.27428571428571,312,245,31,22,48,0.489,8,5,1
2022,20,Ilaje,19,WHO_literature,2022-05-16,62.830000000000005,26.62285714285714,29.46,24.76,91.83714285714287,312,245,31,22,48,0.489,8,5,1
2022,21,Ilaje,10,WHO_literature,2022-05-23,38.34,26.021428571428572,29.06,23.87,88.87857142857142,312,245,31,22,48,0.489,8,5,1
2022,22,Ilaje,14,WHO_literature,2022-05-30,86.2,26.45285714285714,29.13,24.55,91.14857142857143,312,245,31,22,48,0.489,8,5,1
2022,23,Ilaje,29,WHO_literature,2022-06-06,184.12,25.99285714285714,28.12,24.24,91.41571428571429,312,245,31,22,48,0.489,8,5,1
2022,24,Ilaje,26,WHO_literature,2022-06-13,41.64,25.639999999999997,28.71,23.72,91.38,312,245,31,22,48,0.489,8,5,1
2022,25,Ilaje,15,WHO_literature,2022-06-20,46.47,25.354285714285712,27.4,23.51,92.76285714285714,312,245,31,22,48,0.489,8,5,1
2022,26,Ilaje,24,WHO_literature,2022-06-27,73.59,25.584285714285716,28.67,23.23,90.67285714285715,312,245,31,22,48,0.489,8,5,1
2022,27,Ilaje,24,WHO_literature,2022-07-04,99.31,25.44142857142857,28.89,24.01,92.65142857142858,312,245,31,22,48,0.489,8,5,1
2022,28,Ilaje,16,WHO_literature,2022-07-11,16.69,25.285714285714285,28.41,23.87,89.37142857142858,312,245,31,22,48,0.489,8,5,1
2022,29,Ilaje,21,WHO_literature,2022-07-18,49.7,25.048571428571428,28.24,23.26,87.67714285714285,312,245,31,22,48,0.489,8,5,1
2022,30,Ilaje,15,WHO_literature,2022-07-25,63.33,24.85571428571429,27.3,23.5,92.35857142857142,312,245,31,22,48,0.489,8,5,1
2022,31,Ilaje,15,WHO_literature,2022-08-01,6.01,24.71,28.0,22.34,87.55285714285715,312,245,31,22,48,0.489,8,5,1
2022,32,Ilaje,19,WHO_literature,2022-08-08,56.2,24.787142857142857,27.55,23.51,91.64999999999999,312,245,31,22,48,0.489,8,5,1
2022,33,Ilaje,17,WHO_literature,2022-08-15,22.849999999999998,24.804285714285715,28.54,22.53,88.81142857142858,312,245,31,22,48,0.489,8,5,1
2022,34,Ilaje,20,WHO_literature,2022-08-22,71.28,24.731428571428573,28.07,23.03,90.84571428571428,312,245,31,22,48,0.489,8,5,1
2022,35,Ilaje,13,WHO_literature,2022-08-29,27.89,25.132857142857144,28.48,23.14,90.2042857142857,312,245,31,22,48,0.489,8,5,1
2022,36,Ilaje,23,WHO_literature,2022-09-05,31.35,25.201428571428572,28.48,23.37,90.20428571428572,312,245,31,22,48,0.489,8,5,1
2022,37,Ilaje,27,WHO_literature,2022-09-12,54.51,25.141428571428573,28.66,23.39,91.62571428571428,312,245,31,22,48,0.489,8,5,1
2022,38,Ilaje,16,WHO_literature,2022-09-19,141.43,25.155714285714286,27.84,23.72,92.0,312,245,31,22,48,0.489,8,5,1
2022,39,Ilaje,19,WHO_literature,2022-09-26,81.67,24.837142857142858,27.85,23.36,91.74428571428572,312,245,31,22,48,0.489,8,5,1
2022,40,Ilaje,12,WHO_literature,2022-10-03,40.31,25.502857142857145,29.01,23.31,90.72285714285714,312,245,31,22,48,0.489,8,5,1
2022,41,Ilaje,21,WHO_literature,2022-10-10,54.03,25.73428571428571,28.59,24.03,90.73285714285714,312,245,31,22,48,0.489,8,5,1
2022,42,Ilaje,12,WHO_literature,2022-10-17,70.89,26.41,29.95,24.24,89.83714285714287,312,245,31,22,48,0.489,8,5,1
2022,43,Ilaje,13,WHO_literature,2022-10-24,18.55,26.610000000000003,30.5,24.64,88.49714285714286,312,245,31,22,48,0.489,8,5,1
2022,44,Ilaje,11,WHO_literature,2022-10-31,48.01,26.792857142857144,30.25,24.41,89.1842857142857,312,245,31,22,48,0.489,8,5,1
2022,45,Ilaje,8,WHO_literature,2022-11-07,12.44,26.927142857142858,30.8,24.65,88.28571428571429,312,245,31,22,48,0.489,8,5,1
2022,46,Ilaje,9,WHO_literature,2022-11-14,6.430000000000001,26.695714285714285,30.48,24.76,86.71857142857142,312,245,31,22,48,0.489,8,5,1
2022,47,Ilaje,1,WHO_literature,2022-11-21,5.0,26.892857142857142,30.78,23.65,85.74285714285715,312,245,31,22,48,0.489,8,5,1
2022,48,Ilaje,1,WHO_literature,2022-11-28,20.61,26.728571428571428,30.15,24.92,86.89857142857143,312,245,31,22,48,0.489,8,5,1
2022,49,Ilaje,1,WHO_literature,2022-12-05,0.42,26.444285714285716,29.46,21.57,81.70857142857143,312,245,31,22,48,0.489,8,5,1
2022,50,Ilaje,1,WHO_literature,2022-12-12,32.53,26.60571428571429,30.28,24.64,88.15142857142857,312,245,31,22,48,0.489,8,5,1
2022,51,Ilaje,0,WHO_literature,2022-12-19,0.0,24.37857142857143,29.38,17.61,75.37428571428572,312,245,31,22,48,0.489,8,5,1
2022,52,Ilaje,0,WHO_literature,2022-12-26,0.0,23.65,28.79,17.62,73.88714285714286,312,245,31,22,48,0.489,8,5,1
2023,1,Ilaje,0,WHO_literature,2023-01-02,2.41,25.474285714285713,30.05,19.52,77.61285714285714,312,245,31,22,48,0.489,8,5,1
2023,2,Ilaje,0,WHO_literature,2023-01-09,0.0,24.837142857142858,29.23,18.06,70.60428571428572,312,245,31,22,48,0.489,8,5,1
2023,3,Ilaje,0,WHO_literature,2023-01-16,2.35,26.474285714285713,30.72,21.2,82.63285714285713,312,245,31,22,48,0.489,8,5,1
2023,4,Ilaje,1,WHO_literature,2023-01-23,7.16,26.87857142857143,30.14,25.04,89.10857142857142,312,245,31,22,48,0.489,8,5,1
2023,5,Ilaje,0,WHO_literature,2023-01-30,3.17,27.15142857142857,30.85,25.04,88.00857142857141,312,245,31,22,48,0.489,8,5,1
2023,6,Ilaje,1,WHO_literature,2023-02-06,3.0,27.867142857142856,32.7,25.29,83.35428571428572,312,245,31,22,48,0.489,8,5,1
2023,7,Ilaje,1,WHO_literature,2023-02-13,0.0,25.178571428571427,30.63,19.04,73.0942857142857,312,245,31,22,48,0.489,8,5,1
2023,8,Ilaje,1,WHO_literature,2023-02-20,35.2,26.907142857142855,30.55,22.09,86.75285714285714,312,245,31,22,48,0.489,8,5,1
2023,9,Ilaje,0,WHO_literature,2023-02-27,24.89,27.24285714285714,29.89,25.65,90.23142857142857,312,245,31,22,48,0.489,8,5,1
2023,10,Ilaje,1,WHO_literature,2023-03-06,32.76,27.41857142857143,31.02,25.48,87.62428571428572,312,245,31,22,48,0.489,8,5,1
2023,11,Ilaje,0,WHO_literature,2023-03-13,49.21,26.89428571428571,30.75,24.88,86.99000000000001,312,245,31,22,48,0.489,8,5,1
2023,12,Ilaje,0,WHO_literature,2023-03-20,36.230000000000004,26.854285714285712,31.1,24.6,84.91714285714285,312,245,31,22,48,0.489,8,5,1
2023,13,Ilaje,1,WHO_literature,2023-03-27,11.99,27.222857142857144,30.6,25.0,86.58142857142857,312,245,31,22,48,0.489,8,5,1
2023,14,Ilaje,3,WHO_literature,2023-04-03,51.32,27.282857142857143,30.18,25.72,89.20285714285714,312,245,31,22,48,0.489,8,5,1
2023,15,Ilaje,1,WHO_literature,2023-04-10,26.23,27.39428571428571,29.78,25.53,89.67714285714285,312,245,31,22,48,0.489,8,5,1
2023,16,Ilaje,2,WHO_literature,2023-04-17,24.22,27.467142857142857,30.92,25.37,88.72428571428573,312,245,31,22,48,0.489,8,5,1
2023,17,Ilaje,2,WHO_literature,2023-04-24,81.92,26.937142857142856,30.14,24.94,88.22714285714287,312,245,31,22,48,0.489,8,5,1
2023,18,Ilaje,3,WHO_literature,2023-05-01,12.690000000000001,26.951428571428572,29.82,25.08,87.40142857142858,312,245,31,22,48,0.489,8,5,1
2023,19,Ilaje,3,WHO_literature,2023-05-08,28.14,27.482857142857142,30.01,25.78,89.43714285714285,312,245,31,22,48,0.489,8,5,1
2023,20,Ilaje,2,WHO_literature,2023-05-15,37.93,27.33285714285714,29.66,25.16,90.92714285714285,312,245,31,22,48,0.489,8,5,1
2023,21,Ilaje,11,WHO_literature,2023-05-22,29.3,27.28142857142857,29.62,25.14,91.07000000000001,312,245,31,22,48,0.489,8,5,1
2023,22,Ilaje,3,WHO_literature,2023-05-29,33.379999999999995,26.93285714285714,30.03,25.35,91.17999999999999,312,245,31,22,48,0.489,8,5,1
2023,23,Ilaje,9,WHO_literature,2023-06-05,203.86,26.232857142857142,29.08,24.63,91.34571428571428,312,245,31,22,48,0.489,8,5,1
2023,24,Ilaje,2,WHO_literature,2023-06-12,66.43,26.305714285714284,29.13,24.57,89.93285714285715,312,245,31,22,48,0.489,8,5,1
2023,25,Ilaje,5,WHO_literature,2023-06-19,82.04,25.888571428571428,28.18,24.21,90.99,312,245,31,22,48,0.489,8,5,1
2023,26,Ilaje,7,WHO_literature,2023-06-26,56.89,25.517142857142858,27.8,24.22,91.93714285714285,312,245,31,22,48,0.489,8,5,1
2023,27,Ilaje,6,WHO_literature,2023-07-03,71.52,25.825714285714287,29.29,24.05,92.00857142857144,312,245,31,22,48,0.489,8,5,1
2023,28,Ilaje,9,WHO_literature,2023-07-10,20.29,26.16714285714286,29.5,24.36,90.53999999999999,312,245,31,22,48,0.489,8,5,1
2023,29,Ilaje,5,WHO_literature,2023-07-17,62.019999999999996,25.94,28.49,24.4,93.07714285714285,312,245,31,22,48,0.489,8,5,1
2023,30,Ilaje,4,WHO_literature,2023-07-24,74.58,25.57428571428571,29.07,24.1,92.1557142857143,312,245,31,22,48,0.489,8,5,1
2023,31,Ilaje,12,WHO_literature,2023-07-31,20.39,25.54714285714286,28.78,23.77,90.05,312,245,31,22,48,0.489,8,5,1
2023,32,Ilaje,13,WHO_literature,2023-08-07,20.91,25.607142857142858,28.69,24.05,90.27428571428571,312,245,31,22,48,0.489,8,5,1
2023,33,Ilaje,7,WHO_literature,2023-08-14,29.99,25.57857142857143,29.29,23.96,91.80142857142857,312,245,31,22,48,0.489,8,5,1
2023,34,Ilaje,2,WHO_literature,2023-08-21,25.189999999999998,25.815714285714286,28.93,24.31,91.82285714285715,312,245,31,22,48,0.489,8,5,1
2023,35,Ilaje,5,WHO_literature,2023-08-28,84.65,25.464285714285715,27.99,23.94,92.22,312,245,31,22,48,0.489,8,5,1
2023,36,Ilaje,11,WHO_literature,2023-09-04,82.83,25.747142857142858,29.33,23.96,92.34857142857143,312,245,31,22,48,0.489,8,5,1
2023,37,Ilaje,11,WHO_literature,2023-09-11,87.80000000000001,25.82,28.39,24.61,92.89571428571428,312,245,31,22,48,0.489,8,5,1
2023,38,Ilaje,13,WHO_literature,2023-09-18,69.57,25.98428571428571,29.78,24.24,91.82000000000001,312,245,31,22,48,0.489,8,5,1
2023,39,Ilaje,9,WHO_literature,2023-09-25,64.75,26.514285714285712,29.67,24.5,91.08285714285715,312,245,31,22,48,0.489,8,5,1
2023,40,Ilaje,4,WHO_literature,2023-10-02,98.52,26.580000000000002,29.28,25.03,90.51857142857143,312,245,31,22,48,0.489,8,5,1
2023,41,Ilaje,3,WHO_literature,2023-10-09,77.9,26.400000000000002,29.62,24.92,91.53,312,245,31,22,48,0.489,8,5,1
2023,42,Ilaje,5,WHO_literature,2023-10-16,38.79,26.43285714285714,30.04,24.33,90.76857142857143,312,245,31,22,48,0.489,8,5,1
2023,43,Ilaje,8,WHO_literature,2023-10-23,10.55,26.695714285714285,30.33,24.85,89.57714285714285,312,245,31,22,48,0.489,8,5,1
2023,44,Ilaje,8,WHO_literature,2023-10-30,93.89,26.65142857142857,29.17,25.18,90.80999999999999,312,245,31,22,48,0.489,8,5,1
2023,45,Ilaje,4,WHO_literature,2023-11-06,33.3,27.011428571428574,29.7,25.59,90.89714285714285,312,245,31,22,48,0.489,8,5,1
2023,46,Ilaje,1,WHO_literature,2023-11-13,16.98,27.34857142857143,30.64,24.08,87.98142857142857,312,245,31,22,48,0.489,8,5,1
2023,47,Ilaje,0,WHO_literature,2023-11-20,29.61,26.891428571428573,30.29,24.62,90.43142857142857,312,245,31,22,48,0.489,8,5,1
2023,48,Ilaje,1,WHO_literature,2023-11-27,11.46,27.255714285714284,30.92,24.42,88.27285714285713,312,245,31,22,48,0.489,8,5,1
2023,49,Ilaje,0,WHO_literature,2023-12-04,1.28,27.42142857142857,31.21,25.41,87.36857142857143,312,245,31,22,48,0.489,8,5,1
2023,50,Ilaje,0,WHO_literature,2023-12-11,0.01,25.975714285714286,30.82,19.39,75.96571428571428,312,245,31,22,48,0.489,8,5,1
2023,51,Ilaje,0,WHO_literature,2023-12-18,0.03,27.091428571428573,30.91,21.75,80.78999999999999,312,245,31,22,48,0.489,8,5,1
2023,52,Ilaje,0,WHO_literature,2023-12-25,0.01,27.041428571428572,31.11,21.23,76.27714285714286,312,245,31,22,48,0.489,8,5,1
2024,1,Ilaje,0,WHO_literature,2024-01-01,3.12,27.99857142857143,31.81,25.24,86.12285714285714,312,245,31,22,48,0.489,8,5,1
2024,2,Ilaje,0,WHO_literature,2024-01-08,4.07,28.16,31.86,25.04,83.86857142857143,312,245,31,22,48,0.489,8,5,1
2024,3,Ilaje,1,WHO_literature,2024-01-15,0.1,26.285714285714285,31.52,19.18,69.34,312,245,31,22,48,0.489,8,5,1
2024,4,Ilaje,0,WHO_literature,2024-01-22,14.21,26.071428571428573,31.96,18.57,76.23571428571428,312,245,31,22,48,0.489,8,5,1
2024,5,Ilaje,1,WHO_literature,2024-01-29,0.0,26.577142857142857,30.94,21.11,77.86142857142856,312,245,31,22,48,0.489,8,5,1
2024,6,Ilaje,1,WHO_literature,2024-02-05,0.07,26.062857142857144,31.94,19.53,74.64714285714285,312,245,31,22,48,0.489,8,5,1
2024,7,Ilaje,0,WHO_literature,2024-02-12,1.23,28.485714285714288,32.11,25.9,86.86285714285714,312,245,31,22,48,0.489,8,5,1
2024,8,Ilaje,1,WHO_literature,2024-02-19,41.230000000000004,28.33857142857143,32.11,25.31,85.08428571428571,312,245,31,22,48,0.489,8,5,1
2024,9,Ilaje,1,WHO_literature,2024-02-26,1.51,28.24285714285714,32.1,25.98,87.04142857142857,312,245,31,22,48,0.489,8,5,1
2024,10,Ilaje,0,WHO_literature,2024-03-04,12.43,28.03,31.55,26.34,88.55285714285715,312,245,31,22,48,0.489,8,5,1
2024,11,Ilaje,0,WHO_literature,2024-03-11,6.9,28.521428571428572,32.75,26.47,87.19142857142857,312,245,31,22,48,0.489,8,5,1
2024,12,Ilaje,1,WHO_literature,2024-03-18,7.63,28.39428571428571,31.35,26.85,88.34714285714286,312,245,31,22,48,0.489,8,5,1
2024,13,Ilaje,0,WHO_literature,2024-03-25,7.04,28.485714285714288,31.13,26.84,88.41428571428571,312,245,31,22,48,0.489,8,5,1
2024,14,Ilaje,0,WHO_literature,2024-04-01,18.8,28.254285714285714,31.23,26.67,88.58571428571429,312,245,31,22,48,0.489,8,5,1
2024,15,Ilaje,2,WHO_literature,2024-04-08,34.75,28.048571428571428,30.61,26.52,88.52142857142857,312,245,31,22,48,0.489,8,5,1
2024,16,Ilaje,2,WHO_literature,2024-04-15,11.42,28.31142857142857,30.79,26.76,89.58571428571429,312,245,31,22,48,0.489,8,5,1
2024,17,Ilaje,1,WHO_literature,2024-04-22,56.64,28.195714285714285,30.45,26.66,89.97428571428573,312,245,31,22,48,0.489,8,5,1
2024,18,Ilaje,0,WHO_literature,2024-04-29,92.32000000000001,27.965714285714284,30.48,26.16,90.58285714285715,312,245,31,22,48,0.489,8,5,1
2024,19,Ilaje,3,WHO_literature,2024-05-06,9.49,28.154285714285717,30.45,26.62,88.78,312,245,31,22,48,0.489,8,5,1
2024,20,Ilaje,6,WHO_literature,2024-05-13,52.34,27.762857142857143,31.01,25.86,89.90714285714286,312,245,31,22,48,0.489,8,5,1
2024,21,Ilaje,1,WHO_literature,2024-05-20,92.41,27.602857142857143,30.56,25.69,89.58285714285715,312,245,31,22,48,0.489,8,5,1
2024,22,Ilaje,4,WHO_literature,2024-05-27,40.16,27.524285714285718,29.82,25.96,90.49,312,245,31,22,48,0.489,8,5,1
2024,23,Ilaje,2,WHO_literature,2024-06-03,51.47,27.009999999999998,29.85,25.32,91.01857142857143,312,245,31,22,48,0.489,8,5,1
2024,24,Ilaje,5,WHO_literature,2024-06-10,54.51,26.722857142857144,29.87,24.51,90.44714285714285,312,245,31,22,48,0.489,8,5,1
2024,25,Ilaje,5,WHO_literature,2024-06-17,44.35,26.77857142857143,29.78,24.73,90.01571428571428,312,245,31,22,48,0.489,8,5,1
2024,26,Ilaje,6,WHO_literature,2024-06-24,96.75,26.28142857142857,29.17,24.5,90.73714285714286,312,245,31,22,48,0.489,8,5,1
2024,27,Ilaje,6,WHO_literature,2024-07-01,106.99000000000001,26.027142857142856,28.57,24.21,90.76,312,245,31,22,48,0.489,8,5,1
2024,28,Ilaje,3,WHO_literature,2024-07-08,46.33,25.79,28.48,23.88,90.55571428571429,312,245,31,22,48,0.489,8,5,1
2024,29,Ilaje,3,WHO_literature,2024-07-15,61.45,25.735714285714288,28.46,24.53,91.42571428571429,312,245,31,22,48,0.489,8,5,1
2024,30,Ilaje,6,WHO_literature,2024-07-22,13.43,25.735714285714288,28.84,24.02,89.39142857142858,312,245,31,22,48,0.489,8,5,1
2024,31,Ilaje,6,WHO_literature,2024-07-29,19.0,25.572857142857142,28.58,23.91,88.79285714285713,312,245,31,22,48,0.489,8,5,1
2024,32,Ilaje,7,WHO_literature,2024-08-05,2.27,25.547142857142855,28.63,23.82,87.64857142857143,312,245,31,22,48,0.489,8,5,1
2024,33,Ilaje,9,WHO_literature,2024-08-12,5.98,25.574285714285715,28.56,23.94,88.59714285714286,312,245,31,22,48,0.489,8,5,1
2024,34,Ilaje,2,WHO_literature,2024-08-19,46.32,25.40285714285714,28.59,23.86,91.99428571428572,312,245,31,22,48,0.489,8,5,1
2024,35,Ilaje,11,WHO_literature,2024-08-26,36.03,25.56857142857143,28.82,23.77,90.46714285714286,312,245,31,22,48,0.489,8,5,1
2024,36,Ilaje,11,WHO_literature,2024-09-02,31.47,25.57,29.13,23.76,90.03857142857143,312,245,31,22,48,0.489,8,5,1
2024,37,Ilaje,6,WHO_literature,2024-09-09,78.78999999999999,25.638571428571428,28.86,24.2,92.42571428571429,312,245,31,22,48,0.489,8,5,1
2024,38,Ilaje,9,WHO_literature,2024-09-16,39.370000000000005,25.86285714285714,28.91,24.33,91.54714285714286,312,245,31,22,48,0.489,8,5,1
2024,39,Ilaje,5,WHO_literature,2024-09-23,31.96,25.95285714285714,29.37,23.95,88.98,312,245,31,22,48,0.489,8,5,1
2024,40,Ilaje,4,WHO_literature,2024-09-30,75.39,25.752857142857145,29.0,23.95,91.93857142857142,312,245,31,22,48,0.489,8,5,1
2024,41,Ilaje,4,WHO_literature,2024-10-07,47.839999999999996,25.897142857142857,29.52,23.8,90.70285714285714,312,245,31,22,48,0.489,8,5,1
2024,42,Ilaje,7,WHO_literature,2024-10-14,58.81,26.085714285714285,29.87,24.45,90.00428571428571,312,245,31,22,48,0.489,8,5,1
2024,43,Ilaje,6,WHO_literature,2024-10-21,71.18,26.49142857142857,29.71,24.89,91.4342857142857,312,245,31,22,48,0.489,8,5,1
2024,44,Ilaje,8,WHO_literature,2024-10-28,75.14999999999999,27.044285714285714,30.77,24.72,89.81857142857143,312,245,31,22,48,0.489,8,5,1
2024,45,Ilaje,1,WHO_literature,2024-11-04,23.099999999999998,26.93285714285714,30.91,24.93,88.15142857142857,312,245,31,22,48,0.489,8,5,1
2024,46,Ilaje,0,WHO_literature,2024-11-11,5.13,27.431428571428572,31.02,24.16,85.46571428571428,312,245,31,22,48,0.489,8,5,1
2024,47,Ilaje,1,WHO_literature,2024-11-18,5.7,27.412857142857145,30.91,24.59,83.2,312,245,31,22,48,0.489,8,5,1
2024,48,Ilaje,2,WHO_literature,2024-11-25,2.8499999999999996,26.419999999999998,30.4,21.42,76.61428571428571,312,245,31,22,48,0.489,8,5,1
2024,49,Ilaje,0,WHO_literature,2024-12-02,0.07,26.715714285714284,30.88,22.8,81.41857142857143,312,245,31,22,48,0.489,8,5,1
2024,50,Ilaje,0,WHO_literature,2024-12-09,0.30000000000000004,26.35571428571429,31.01,21.45,79.28571428571429,312,245,31,22,48,0.489,8,5,1
2024,51,Ilaje,0,WHO_literature,2024-12-16,0.03,25.504285714285714,30.32,19.14,69.26142857142858,312,245,31,22,48,0.489,8,5,1
2024,52,Ilaje,2,WHO_literature,2024-12-23,0.0,26.56857142857143,30.71,22.29,82.09285714285714,312,245,31,22,48,0.489,8,5,1
2018,1,Ile-Oluji/Okeigbo,0,WHO_literature,2018-01-01,0.0,21.178571428571427,28.07,13.95,64.42,287,198,59,47,30,0.312,198,98,6
2018,2,Ile-Oluji/Okeigbo,0,WHO_literature,2018-01-08,0.36000000000000004,23.91857142857143,30.65,17.02,79.42714285714285,287,198,59,47,30,0.312,198,98,6
2018,3,Ile-Oluji/Okeigbo,0,WHO_literature,2018-01-15,0.0,24.478571428571428,31.04,18.04,76.7757142857143,287,198,59,47,30,0.312,198,98,6
2018,4,Ile-Oluji/Okeigbo,0,WHO_literature,2018-01-22,0.0,23.22142857142857,30.69,16.16,67.51,287,198,59,47,30,0.312,198,98,6
2018,5,Ile-Oluji/Okeigbo,0,WHO_literature,2018-01-29,0.5,24.49142857142857,32.81,16.44,73.15857142857143,287,198,59,47,30,0.312,198,98,6
2018,6,Ile-Oluji/Okeigbo,0,WHO_literature,2018-02-05,29.33,26.532857142857143,32.82,22.12,87.82857142857142,287,198,59,47,30,0.312,198,98,6
2018,7,Ile-Oluji/Okeigbo,0,WHO_literature,2018-02-12,15.35,26.45,32.84,22.56,85.30571428571429,287,198,59,47,30,0.312,198,98,6
2018,8,Ile-Oluji/Okeigbo,0,WHO_literature,2018-02-19,28.94,25.324285714285715,30.9,21.56,89.32857142857142,287,198,59,47,30,0.312,198,98,6
2018,9,Ile-Oluji/Okeigbo,0,WHO_literature,2018-02-26,7.66,25.75142857142857,32.18,22.45,88.41142857142857,287,198,59,47,30,0.312,198,98,6
2018,10,Ile-Oluji/Okeigbo,0,WHO_literature,2018-03-05,12.55,25.984285714285715,31.73,22.36,87.94857142857143,287,198,59,47,30,0.312,198,98,6
2018,11,Ile-Oluji/Okeigbo,0,WHO_literature,2018-03-12,28.3,26.00142857142857,30.96,22.63,89.96428571428571,287,198,59,47,30,0.312,198,98,6
2018,12,Ile-Oluji/Okeigbo,0,WHO_literature,2018-03-19,20.48,25.607142857142858,31.43,21.68,89.26571428571428,287,198,59,47,30,0.312,198,98,6
2018,13,Ile-Oluji/Okeigbo,0,WHO_literature,2018-03-26,5.97,26.13714285714286,30.77,23.26,89.90428571428572,287,198,59,47,30,0.312,198,98,6
2018,14,Ile-Oluji/Okeigbo,0,WHO_literature,2018-04-02,11.23,25.852857142857143,30.74,22.53,90.59,287,198,59,47,30,0.312,198,98,6
2018,15,Ile-Oluji/Okeigbo,1,WHO_literature,2018-04-09,13.85,25.832857142857144,30.96,22.59,88.76571428571428,287,198,59,47,30,0.312,198,98,6
2018,16,Ile-Oluji/Okeigbo,0,WHO_literature,2018-04-16,23.36,25.93857142857143,30.5,23.13,90.39142857142858,287,198,59,47,30,0.312,198,98,6
2018,17,Ile-Oluji/Okeigbo,2,WHO_literature,2018-04-23,18.71,25.632857142857144,29.53,22.6,91.42571428571429,287,198,59,47,30,0.312,198,98,6
2018,18,Ile-Oluji/Okeigbo,0,WHO_literature,2018-04-30,21.19,26.09714285714286,30.14,22.85,89.99714285714286,287,198,59,47,30,0.312,198,98,6
2018,19,Ile-Oluji/Okeigbo,1,WHO_literature,2018-05-07,53.39,24.972857142857144,29.0,22.19,91.93142857142857,287,198,59,47,30,0.312,198,98,6
2018,20,Ile-Oluji/Okeigbo,1,WHO_literature,2018-05-14,28.33,25.514285714285712,29.97,22.18,91.11285714285714,287,198,59,47,30,0.312,198,98,6
2018,21,Ile-Oluji/Okeigbo,1,WHO_literature,2018-05-21,46.82,25.24142857142857,28.84,22.38,92.99285714285715,287,198,59,47,30,0.312,198,98,6
2018,22,Ile-Oluji/Okeigbo,2,WHO_literature,2018-05-28,57.57,25.211428571428574,29.6,22.47,92.20285714285714,287,198,59,47,30,0.312,198,98,6
2018,23,Ile-Oluji/Okeigbo,0,WHO_literature,2018-06-04,76.72999999999999,24.919999999999998,29.0,21.87,93.17428571428572,287,198,59,47,30,0.312,198,98,6
2018,24,Ile-Oluji/Okeigbo,1,WHO_literature,2018-06-11,44.72,25.087142857142855,29.02,21.58,92.25,287,198,59,47,30,0.312,198,98,6
2018,25,Ile-Oluji/Okeigbo,2,WHO_literature,2018-06-18,152.79,23.74857142857143,28.37,21.25,94.07142857142857,287,198,59,47,30,0.312,198,98,6
2018,26,Ile-Oluji/Okeigbo,2,WHO_literature,2018-06-25,95.72,24.12285714285714,28.56,20.96,91.7,287,198,59,47,30,0.312,198,98,6
2018,27,Ile-Oluji/Okeigbo,1,WHO_literature,2018-07-02,62.53,24.22714285714286,28.58,21.48,92.79142857142857,287,198,59,47,30,0.312,198,98,6
2018,28,Ile-Oluji/Okeigbo,0,WHO_literature,2018-07-09,42.46,24.525714285714287,28.96,21.76,91.36285714285714,287,198,59,47,30,0.312,198,98,6
2018,29,Ile-Oluji/Okeigbo,1,WHO_literature,2018-07-16,92.2,24.15142857142857,28.7,21.55,93.06285714285714,287,198,59,47,30,0.312,198,98,6
2018,30,Ile-Oluji/Okeigbo,3,WHO_literature,2018-07-23,107.52000000000001,24.56857142857143,29.65,21.9,91.99428571428572,287,198,59,47,30,0.312,198,98,6
2018,31,Ile-Oluji/Okeigbo,1,WHO_literature,2018-07-30,66.31,23.728571428571428,28.46,20.17,90.69428571428571,287,198,59,47,30,0.312,198,98,6
2018,32,Ile-Oluji/Okeigbo,2,WHO_literature,2018-08-06,28.33,24.13,28.88,20.76,91.09142857142857,287,198,59,47,30,0.312,198,98,6
2018,33,Ile-Oluji/Okeigbo,3,WHO_literature,2018-08-13,42.519999999999996,23.96,28.55,20.97,92.58,287,198,59,47,30,0.312,198,98,6
2018,34,Ile-Oluji/Okeigbo,2,WHO_literature,2018-08-20,105.91,23.599999999999998,29.13,20.89,94.01857142857143,287,198,59,47,30,0.312,198,98,6
2018,35,Ile-Oluji/Okeigbo,2,WHO_literature,2018-08-27,166.96,24.53142857142857,28.96,21.31,91.92714285714285,287,198,59,47,30,0.312,198,98,6
2018,36,Ile-Oluji/Okeigbo,2,WHO_literature,2018-09-03,186.60999999999999,24.077142857142857,27.73,21.6,94.01571428571428,287,198,59,47,30,0.312,198,98,6
2018,37,Ile-Oluji/Okeigbo,3,WHO_literature,2018-09-10,42.12,24.314285714285713,28.84,21.53,92.23714285714286,287,198,59,47,30,0.312,198,98,6
2018,38,Ile-Oluji/Okeigbo,3,WHO_literature,2018-09-17,78.9,25.131428571428575,29.02,22.13,91.65428571428572,287,198,59,47,30,0.312,198,98,6
2018,39,Ile-Oluji/Okeigbo,4,WHO_literature,2018-09-24,51.88,24.759999999999998,29.38,21.67,91.78,287,198,59,47,30,0.312,198,98,6
2018,40,Ile-Oluji/Okeigbo,0,WHO_literature,2018-10-01,37.199999999999996,24.81714285714286,29.06,21.9,92.22142857142856,287,198,59,47,30,0.312,198,98,6
2018,41,Ile-Oluji/Okeigbo,0,WHO_literature,2018-10-08,46.980000000000004,24.931428571428572,29.31,21.18,91.54714285714286,287,198,59,47,30,0.312,198,98,6
2018,42,Ile-Oluji/Okeigbo,1,WHO_literature,2018-10-15,46.99,25.297142857142855,31.07,20.96,89.87285714285714,287,198,59,47,30,0.312,198,98,6
2018,43,Ile-Oluji/Okeigbo,2,WHO_literature,2018-10-22,25.69,25.271428571428572,29.78,21.83,92.57285714285715,287,198,59,47,30,0.312,198,98,6
2018,44,Ile-Oluji/Okeigbo,1,WHO_literature,2018-10-29,87.92999999999999,25.389999999999997,29.55,22.62,92.80571428571429,287,198,59,47,30,0.312,198,98,6
2018,45,Ile-Oluji/Okeigbo,0,WHO_literature,2018-11-05,24.15,25.624285714285715,30.5,22.72,90.14999999999999,287,198,59,47,30,0.312,198,98,6
2018,46,Ile-Oluji/Okeigbo,0,WHO_literature,2018-11-12,32.46,25.90285714285714,31.04,21.93,87.46714285714286,287,198,59,47,30,0.312,198,98,6
2018,47,Ile-Oluji/Okeigbo,0,WHO_literature,2018-11-19,18.34,25.65857142857143,31.18,19.98,86.70714285714287,287,198,59,47,30,0.312,198,98,6
2018,48,Ile-Oluji/Okeigbo,2,WHO_literature,2018-11-26,0.78,25.801428571428573,31.06,20.74,86.01714285714286,287,198,59,47,30,0.312,198,98,6
2018,49,Ile-Oluji/Okeigbo,0,WHO_literature,2018-12-03,0.07,25.017142857142858,30.05,18.31,77.56285714285715,287,198,59,47,30,0.312,198,98,6
2018,50,Ile-Oluji/Okeigbo,0,WHO_literature,2018-12-10,0.9400000000000001,25.072857142857142,31.07,18.46,78.28428571428572,287,198,59,47,30,0.312,198,98,6
2018,51,Ile-Oluji/Okeigbo,1,WHO_literature,2018-12-17,0.0,24.04,30.99,16.29,72.12857142857142,287,198,59,47,30,0.312,198,98,6
2018,52,Ile-Oluji/Okeigbo,0,WHO_literature,2018-12-24,0.0,23.337142857142858,29.57,16.87,68.82714285714286,287,198,59,47,30,0.312,198,98,6
2019,1,Ile-Oluji/Okeigbo,0,WHO_literature,2019-01-07,0.0,23.40142857142857,30.4,17.68,72.38714285714285,287,198,59,47,30,0.312,198,98,6
2019,2,Ile-Oluji/Okeigbo,0,WHO_literature,2019-01-14,0.0,23.802857142857142,30.34,17.01,76.57857142857142,287,198,59,47,30,0.312,198,98,6
2019,3,Ile-Oluji/Okeigbo,0,WHO_literature,2019-01-21,6.41,25.745714285714286,31.51,21.68,87.45714285714287,287,198,59,47,30,0.312,198,98,6
2019,4,Ile-Oluji/Okeigbo,0,WHO_literature,2019-01-28,7.42,26.131428571428575,32.06,21.62,85.48,287,198,59,47,30,0.312,198,98,6
2019,5,Ile-Oluji/Okeigbo,0,WHO_literature,2019-02-04,33.57,25.67571428571429,31.59,20.58,88.23,287,198,59,47,30,0.312,198,98,6
2019,6,Ile-Oluji/Okeigbo,0,WHO_literature,2019-02-11,4.76,25.601428571428574,31.33,20.94,81.21142857142857,287,198,59,47,30,0.312,198,98,6
2019,7,Ile-Oluji/Okeigbo,0,WHO_literature,2019-02-18,0.83,24.872857142857146,31.51,18.18,72.06428571428572,287,198,59,47,30,0.312,198,98,6
2019,8,Ile-Oluji/Okeigbo,0,WHO_literature,2019-02-25,16.85,25.585714285714285,31.26,21.26,89.83,287,198,59,47,30,0.312,198,98,6
2019,9,Ile-Oluji/Okeigbo,0,WHO_literature,2019-03-04,15.79,25.14428571428571,30.09,21.45,88.00571428571428,287,198,59,47,30,0.312,198,98,6
2019,10,Ile-Oluji/Okeigbo,0,WHO_literature,2019-03-11,32.26,25.79,29.85,22.62,90.10571428571428,287,198,59,47,30,0.312,198,98,6
2019,11,Ile-Oluji/Okeigbo,0,WHO_literature,2019-03-18,6.15,26.425714285714285,32.27,23.1,88.83857142857143,287,198,59,47,30,0.312,198,98,6
2019,12,Ile-Oluji/Okeigbo,0,WHO_literature,2019-03-25,11.910000000000002,26.254285714285714,32.31,22.72,89.97571428571429,287,198,59,47,30,0.312,198,98,6
2019,13,Ile-Oluji/Okeigbo,0,WHO_literature,2019-04-01,1.22,26.267142857142858,31.35,22.87,90.4342857142857,287,198,59,47,30,0.312,198,98,6
2019,14,Ile-Oluji/Okeigbo,1,WHO_literature,2019-04-08,18.96,26.834285714285716,31.91,23.8,89.35714285714286,287,198,59,47,30,0.312,198,98,6
2019,15,Ile-Oluji/Okeigbo,0,WHO_literature,2019-04-15,35.68,25.66142857142857,30.56,22.52,91.35714285714286,287,198,59,47,30,0.312,198,98,6
2019,16,Ile-Oluji/Okeigbo,1,WHO_literature,2019-04-22,3.63,26.21857142857143,30.83,22.11,90.26571428571428,287,198,59,47,30,0.312,198,98,6
2019,17,Ile-Oluji/Okeigbo,0,WHO_literature,2019-04-29,13.75,26.47142857142857,30.76,23.97,91.14999999999999,287,198,59,47,30,0.312,198,98,6
2019,18,Ile-Oluji/Okeigbo,1,WHO_literature,2019-05-06,15.58,26.12142857142857,29.47,23.61,92.50571428571428,287,198,59,47,30,0.312,198,98,6
2019,19,Ile-Oluji/Okeigbo,1,WHO_literature,2019-05-13,48.86,25.987142857142857,30.51,23.0,91.7957142857143,287,198,59,47,30,0.312,198,98,6
2019,20,Ile-Oluji/Okeigbo,0,WHO_literature,2019-05-20,38.37,25.382857142857144,29.58,22.43,91.56857142857143,287,198,59,47,30,0.312,198,98,6
2019,21,Ile-Oluji/Okeigbo,1,WHO_literature,2019-05-27,46.25,25.737142857142857,29.94,22.88,92.00142857142858,287,198,59,47,30,0.312,198,98,6
2019,22,Ile-Oluji/Okeigbo,0,WHO_literature,2019-06-03,77.58,25.201428571428572,29.21,22.77,92.69428571428571,287,198,59,47,30,0.312,198,98,6
2019,23,Ile-Oluji/Okeigbo,1,WHO_literature,2019-06-10,57.82,24.995714285714286,29.45,22.19,93.23857142857142,287,198,59,47,30,0.312,198,98,6
2019,24,Ile-Oluji/Okeigbo,2,WHO_literature,2019-06-17,28.53,25.28,29.65,22.41,90.74571428571429,287,198,59,47,30,0.312,198,98,6
2019,25,Ile-Oluji/Okeigbo,0,WHO_literature,2019-06-24,35.510000000000005,25.445714285714285,30.01,22.67,91.84714285714286,287,198,59,47,30,0.312,198,98,6
2019,26,Ile-Oluji/Okeigbo,1,WHO_literature,2019-07-01,278.93,24.669999999999998,29.2,21.47,91.55714285714285,287,198,59,47,30,0.312,198,98,6
2019,27,Ile-Oluji/Okeigbo,0,WHO_literature,2019-07-08,25.33,25.17285714285714,29.79,22.36,91.78428571428572,287,198,59,47,30,0.312,198,98,6
2019,28,Ile-Oluji/Okeigbo,1,WHO_literature,2019-07-15,79.96000000000001,24.165714285714284,29.53,20.94,91.63714285714286,287,198,59,47,30,0.312,198,98,6
2019,29,Ile-Oluji/Okeigbo,3,WHO_literature,2019-07-22,62.39,24.437142857142856,29.22,21.46,91.42857142857143,287,198,59,47,30,0.312,198,98,6
2019,30,Ile-Oluji/Okeigbo,1,WHO_literature,2019-07-29,82.05,24.365714285714287,28.21,21.97,93.25428571428571,287,198,59,47,30,0.312,198,98,6
2019,31,Ile-Oluji/Okeigbo,1,WHO_literature,2019-08-05,47.29,24.071428571428573,29.03,21.53,92.48142857142857,287,198,59,47,30,0.312,198,98,6
2019,32,Ile-Oluji/Okeigbo,2,WHO_literature,2019-08-12,58.449999999999996,24.118571428571425,28.88,21.63,92.42571428571429,287,198,59,47,30,0.312,198,98,6
2019,33,Ile-Oluji/Okeigbo,1,WHO_literature,2019-08-19,35.519999999999996,24.55,28.9,21.76,90.67428571428572,287,198,59,47,30,0.312,198,98,6
2019,34,Ile-Oluji/Okeigbo,2,WHO_literature,2019-08-26,115.57000000000001,23.964285714285715,28.79,21.09,92.86142857142856,287,198,59,47,30,0.312,198,98,6
2019,35,Ile-Oluji/Okeigbo,2,WHO_literature,2019-09-02,148.24,24.312857142857144,28.27,21.39,91.97285714285714,287,198,59,47,30,0.312,198,98,6
2019,36,Ile-Oluji/Okeigbo,3,WHO_literature,2019-09-09,65.38,24.45,29.45,21.84,93.17714285714285,287,198,59,47,30,0.312,198,98,6
2019,37,Ile-Oluji/Okeigbo,3,WHO_literature,2019-09-16,114.71000000000001,24.521428571428572,28.39,21.91,92.7042857142857,287,198,59,47,30,0.312,198,98,6
2019,38,Ile-Oluji/Okeigbo,1,WHO_literature,2019-09-23,114.22,24.650000000000002,28.82,21.85,93.32857142857142,287,198,59,47,30,0.312,198,98,6
2019,39,Ile-Oluji/Okeigbo,0,WHO_literature,2019-09-30,87.11,24.551428571428573,28.59,21.33,92.75857142857141,287,198,59,47,30,0.312,198,98,6
2019,40,Ile-Oluji/Okeigbo,0,WHO_literature,2019-10-07,165.98,24.22714285714286,29.19,21.62,92.5942857142857,287,198,59,47,30,0.312,198,98,6
2019,41,Ile-Oluji/Okeigbo,0,WHO_literature,2019-10-14,149.97,24.27857142857143,28.46,21.18,93.97428571428573,287,198,59,47,30,0.312,198,98,6
2019,42,Ile-Oluji/Okeigbo,1,WHO_literature,2019-10-21,84.26,24.54714285714286,29.57,21.22,92.13285714285713,287,198,59,47,30,0.312,198,98,6
2019,43,Ile-Oluji/Okeigbo,0,WHO_literature,2019-10-28,85.62,24.802857142857142,29.45,20.92,91.42142857142858,287,198,59,47,30,0.312,198,98,6
2019,44,Ile-Oluji/Okeigbo,0,WHO_literature,2019-11-04,66.36,24.770000000000003,29.15,21.34,91.44714285714285,287,198,59,47,30,0.312,198,98,6
2019,45,Ile-Oluji/Okeigbo,0,WHO_literature,2019-11-11,19.42,26.132857142857144,30.98,22.59,88.33714285714287,287,198,59,47,30,0.312,198,98,6
2019,46,Ile-Oluji/Okeigbo,0,WHO_literature,2019-11-18,24.35,25.868571428571432,30.28,22.43,90.11142857142856,287,198,59,47,30,0.312,198,98,6
2019,47,Ile-Oluji/Okeigbo,0,WHO_literature,2019-11-25,11.34,26.08857142857143,31.07,22.72,89.21142857142857,287,198,59,47,30,0.312,198,98,6
2019,48,Ile-Oluji/Okeigbo,0,WHO_literature,2019-12-02,3.3,26.15142857142857,31.43,20.9,85.06714285714285,287,198,59,47,30,0.312,198,98,6
2019,49,Ile-Oluji/Okeigbo,0,WHO_literature,2019-12-09,32.36,25.72714285714286,30.66,20.92,85.34857142857143,287,198,59,47,30,0.312,198,98,6
2019,50,Ile-Oluji/Okeigbo,0,WHO_literature,2019-12-16,11.31,25.490000000000002,30.92,19.16,78.60000000000001,287,198,59,47,30,0.312,198,98,6
2019,51,Ile-Oluji/Okeigbo,0,WHO_literature,2019-12-23,0.33999999999999997,24.97142857142857,31.13,18.2,70.67428571428572,287,198,59,47,30,0.312,198,98,6
2019,52,Ile-Oluji/Okeigbo,1,WHO_literature,2019-12-30,0.0,23.551428571428573,30.49,15.87,65.45285714285714,287,198,59,47,30,0.312,198,98,6
2020,1,Ile-Oluji/Okeigbo,0,WHO_literature,2020-01-06,0.0,22.085714285714285,29.52,15.54,70.05714285714286,287,198,59,47,30,0.312,198,98,6
2020,2,Ile-Oluji/Okeigbo,0,WHO_literature,2020-01-13,0.14,24.555714285714284,30.64,18.13,75.23285714285714,287,198,59,47,30,0.312,198,98,6
2020,3,Ile-Oluji/Okeigbo,0,WHO_literature,2020-01-20,0.09,25.004285714285714,32.25,18.18,75.61714285714285,287,198,59,47,30,0.312,198,98,6
2020,4,Ile-Oluji/Okeigbo,0,WHO_literature,2020-01-27,0.0,22.777142857142856,30.98,13.07,63.614285714285714,287,198,59,47,30,0.312,198,98,6
2020,5,Ile-Oluji/Okeigbo,0,WHO_literature,2020-02-03,0.0,23.111428571428572,30.68,15.0,61.535714285714285,287,198,59,47,30,0.312,198,98,6
2020,6,Ile-Oluji/Okeigbo,0,WHO_literature,2020-02-10,0.0,24.744285714285716,31.55,16.48,73.92857142857143,287,198,59,47,30,0.312,198,98,6
2020,7,Ile-Oluji/Okeigbo,0,WHO_literature,2020-02-17,0.0,24.25714285714286,32.1,16.73,68.04142857142857,287,198,59,47,30,0.312,198,98,6
2020,8,Ile-Oluji/Okeigbo,0,WHO_literature,2020-02-24,0.0,26.62857142857143,33.45,21.84,83.41857142857144,287,198,59,47,30,0.312,198,98,6
2020,9,Ile-Oluji/Okeigbo,0,WHO_literature,2020-03-02,0.6799999999999999,26.55,32.05,23.02,83.99571428571429,287,198,59,47,30,0.312,198,98,6
2020,10,Ile-Oluji/Okeigbo,0,WHO_literature,2020-03-09,18.71,26.38,32.71,21.37,87.36285714285714,287,198,59,47,30,0.312,198,98,6
2020,11,Ile-Oluji/Okeigbo,0,WHO_literature,2020-03-16,43.56,26.431428571428572,31.33,22.71,89.52285714285713,287,198,59,47,30,0.312,198,98,6
2020,12,Ile-Oluji/Okeigbo,0,WHO_literature,2020-03-23,14.169999999999998,26.65285714285714,31.18,23.92,89.32285714285715,287,198,59,47,30,0.312,198,98,6
2020,13,Ile-Oluji/Okeigbo,0,WHO_literature,2020-03-30,33.23,25.73428571428571,30.8,22.31,90.36,287,198,59,47,30,0.312,198,98,6
2020,14,Ile-Oluji/Okeigbo,0,WHO_literature,2020-04-06,17.96,25.985714285714288,31.25,23.32,91.58142857142856,287,198,59,47,30,0.312,198,98,6
2020,15,Ile-Oluji/Okeigbo,0,WHO_literature,2020-04-13,30.830000000000002,25.672857142857143,31.59,21.39,88.5,287,198,59,47,30,0.312,198,98,6
2020,16,Ile-Oluji/Okeigbo,0,WHO_literature,2020-04-20,1.94,27.247142857142855,32.34,23.61,86.58,287,198,59,47,30,0.312,198,98,6
2020,17,Ile-Oluji/Okeigbo,0,WHO_literature,2020-04-27,43.78,25.69142857142857,30.02,22.83,91.54857142857144,287,198,59,47,30,0.312,198,98,6
2020,18,Ile-Oluji/Okeigbo,0,WHO_literature,2020-05-04,42.839999999999996,25.90285714285714,30.65,22.39,91.86,287,198,59,47,30,0.312,198,98,6
2020,19,Ile-Oluji/Okeigbo,0,WHO_literature,2020-05-11,22.91,26.554285714285715,31.19,23.3,89.36571428571428,287,198,59,47,30,0.312,198,98,6
2020,20,Ile-Oluji/Okeigbo,0,WHO_literature,2020-05-18,23.47,25.767142857142858,30.12,22.03,90.63571428571429,287,198,59,47,30,0.312,198,98,6
2020,21,Ile-Oluji/Okeigbo,0,WHO_literature,2020-05-25,30.11,25.68142857142857,30.57,22.71,91.49,287,198,59,47,30,0.312,198,98,6
2020,22,Ile-Oluji/Okeigbo,0,WHO_literature,2020-06-01,39.72,25.25857142857143,28.77,22.7,92.91571428571429,287,198,59,47,30,0.312,198,98,6
2020,23,Ile-Oluji/Okeigbo,0,WHO_literature,2020-06-08,58.94,25.158571428571427,29.32,22.32,92.54857142857144,287,198,59,47,30,0.312,198,98,6
2020,24,Ile-Oluji/Okeigbo,0,WHO_literature,2020-06-15,52.260000000000005,24.717142857142857,29.24,21.94,92.25857142857141,287,198,59,47,30,0.312,198,98,6
2020,25,Ile-Oluji/Okeigbo,0,WHO_literature,2020-06-22,73.98,24.827142857142857,30.04,20.85,92.44428571428571,287,198,59,47,30,0.312,198,98,6
2020,26,Ile-Oluji/Okeigbo,0,WHO_literature,2020-06-29,102.24,24.771428571428572,29.42,21.91,92.30714285714285,287,198,59,47,30,0.312,198,98,6
2020,27,Ile-Oluji/Okeigbo,1,WHO_literature,2020-07-06,116.41,24.31,28.95,21.83,92.74,287,198,59,47,30,0.312,198,98,6
2020,28,Ile-Oluji/Okeigbo,1,WHO_literature,2020-07-13,96.76,23.958571428571428,28.48,21.59,93.60142857142857,287,198,59,47,30,0.312,198,98,6
2020,29,Ile-Oluji/Okeigbo,0,WHO_literature,2020-07-20,60.69,23.602857142857143,27.81,21.32,92.61,287,198,59,47,30,0.312,198,98,6
2020,30,Ile-Oluji/Okeigbo,0,WHO_literature,2020-07-27,53.65,23.945714285714285,28.15,21.52,91.99571428571429,287,198,59,47,30,0.312,198,98,6
2020,31,Ile-Oluji/Okeigbo,0,WHO_literature,2020-08-03,28.19,23.68285714285714,28.61,20.61,90.69714285714285,287,198,59,47,30,0.312,198,98,6
2020,32,Ile-Oluji/Okeigbo,1,WHO_literature,2020-08-10,4.96,22.928571428571427,28.39,18.6,88.69142857142857,287,198,59,47,30,0.312,198,98,6
2020,33,Ile-Oluji/Okeigbo,0,WHO_literature,2020-08-17,5.05,23.49285714285714,29.51,18.16,87.96285714285715,287,198,59,47,30,0.312,198,98,6
2020,34,Ile-Oluji/Okeigbo,0,WHO_literature,2020-08-24,33.38,24.142857142857142,29.61,21.0,90.48428571428572,287,198,59,47,30,0.312,198,98,6
2020,35,Ile-Oluji/Okeigbo,2,WHO_literature,2020-08-31,21.36,23.72,28.77,20.25,90.01571428571428,287,198,59,47,30,0.312,198,98,6
2020,36,Ile-Oluji/Okeigbo,0,WHO_literature,2020-09-07,145.26,24.03857142857143,29.53,21.21,91.62857142857142,287,198,59,47,30,0.312,198,98,6
2020,37,Ile-Oluji/Okeigbo,0,WHO_literature,2020-09-14,186.18,24.274285714285718,29.83,21.08,91.81714285714285,287,198,59,47,30,0.312,198,98,6
2020,38,Ile-Oluji/Okeigbo,0,WHO_literature,2020-09-21,112.53,24.307142857142857,29.34,21.53,92.19428571428571,287,198,59,47,30,0.312,198,98,6
2020,39,Ile-Oluji/Okeigbo,0,WHO_literature,2020-09-28,77.9,24.197142857142858,28.87,21.06,92.32000000000001,287,198,59,47,30,0.312,198,98,6
2020,40,Ile-Oluji/Okeigbo,0,WHO_literature,2020-10-05,47.41,24.59142857142857,29.05,21.26,91.92571428571429,287,198,59,47,30,0.312,198,98,6
2020,41,Ile-Oluji/Okeigbo,0,WHO_literature,2020-10-12,50.66,24.259999999999998,28.68,20.35,91.24857142857142,287,198,59,47,30,0.312,198,98,6
2020,42,Ile-Oluji/Okeigbo,0,WHO_literature,2020-10-19,48.91,24.981428571428573,30.0,21.61,90.58857142857143,287,198,59,47,30,0.312,198,98,6
2020,43,Ile-Oluji/Okeigbo,0,WHO_literature,2020-10-26,22.23,25.521428571428572,30.18,22.36,90.36285714285714,287,198,59,47,30,0.312,198,98,6
2020,44,Ile-Oluji/Okeigbo,0,WHO_literature,2020-11-02,16.7,25.904285714285713,31.2,21.82,87.50142857142858,287,198,59,47,30,0.312,198,98,6
2020,45,Ile-Oluji/Okeigbo,0,WHO_literature,2020-11-09,17.919999999999998,25.63714285714286,30.66,20.96,87.26142857142858,287,198,59,47,30,0.312,198,98,6
2020,46,Ile-Oluji/Okeigbo,0,WHO_literature,2020-11-16,21.71,24.845714285714283,29.31,20.71,86.61142857142856,287,198,59,47,30,0.312,198,98,6
2020,47,Ile-Oluji/Okeigbo,0,WHO_literature,2020-11-23,4.61,25.46,30.41,20.51,83.4557142857143,287,198,59,47,30,0.312,198,98,6
2020,48,Ile-Oluji/Okeigbo,0,WHO_literature,2020-11-30,63.4,26.117142857142856,31.37,21.63,86.49000000000001,287,198,59,47,30,0.312,198,98,6
2020,49,Ile-Oluji/Okeigbo,0,WHO_literature,2020-12-07,4.05,25.877142857142854,31.42,20.45,83.18571428571428,287,198,59,47,30,0.312,198,98,6
2020,50,Ile-Oluji/Okeigbo,0,WHO_literature,2020-12-14,8.56,25.095714285714283,30.68,20.19,89.89,287,198,59,47,30,0.312,198,98,6
2020,51,Ile-Oluji/Okeigbo,0,WHO_literature,2020-12-21,13.379999999999999,25.472857142857144,30.88,22.1,89.42142857142858,287,198,59,47,30,0.312,198,98,6
2020,52,Ile-Oluji/Okeigbo,0,WHO_literature,2020-12-28,2.5,25.00857142857143,31.2,18.21,84.13142857142857,287,198,59,47,30,0.312,198,98,6
2021,1,Ile-Oluji/Okeigbo,0,WHO_literature,2021-01-04,17.94,25.87142857142857,31.68,22.06,87.97285714285714,287,198,59,47,30,0.312,198,98,6
2021,2,Ile-Oluji/Okeigbo,0,WHO_literature,2021-01-11,0.42000000000000004,25.665714285714284,32.03,19.54,80.72857142857143,287,198,59,47,30,0.312,198,98,6
2021,3,Ile-Oluji/Okeigbo,0,WHO_literature,2021-01-18,0.05,24.175714285714285,31.72,17.17,70.42857142857143,287,198,59,47,30,0.312,198,98,6
2021,4,Ile-Oluji/Okeigbo,0,WHO_literature,2021-01-25,2.92,25.15285714285714,31.86,18.24,85.33428571428571,287,198,59,47,30,0.312,198,98,6
2021,5,Ile-Oluji/Okeigbo,0,WHO_literature,2021-02-01,2.1999999999999997,25.935714285714287,31.66,21.82,85.36714285714287,287,198,59,47,30,0.312,198,98,6
2021,6,Ile-Oluji/Okeigbo,0,WHO_literature,2021-02-08,13.91,26.914285714285715,33.23,22.86,84.87428571428572,287,198,59,47,30,0.312,198,98,6
2021,7,Ile-Oluji/Okeigbo,1,WHO_literature,2021-02-15,3.05,24.34857142857143,32.04,16.63,71.33571428571429,287,198,59,47,30,0.312,198,98,6
2021,8,Ile-Oluji/Okeigbo,0,WHO_literature,2021-02-22,2.5,25.40142857142857,31.42,19.16,86.17714285714285,287,198,59,47,30,0.312,198,98,6
2021,9,Ile-Oluji/Okeigbo,0,WHO_literature,2021-03-01,1.03,26.735714285714288,33.1,22.47,85.68714285714285,287,198,59,47,30,0.312,198,98,6
2021,10,Ile-Oluji/Okeigbo,0,WHO_literature,2021-03-08,33.62,25.681428571428572,29.93,23.04,91.54571428571428,287,198,59,47,30,0.312,198,98,6
2021,11,Ile-Oluji/Okeigbo,0,WHO_literature,2021-03-15,12.83,25.014285714285712,29.84,22.39,90.80714285714285,287,198,59,47,30,0.312,198,98,6
2021,12,Ile-Oluji/Okeigbo,0,WHO_literature,2021-03-22,23.62,25.895714285714288,31.71,22.71,88.65857142857143,287,198,59,47,30,0.312,198,98,6
2021,13,Ile-Oluji/Okeigbo,0,WHO_literature,2021-03-29,1.03,26.774285714285714,31.9,23.27,85.93571428571428,287,198,59,47,30,0.312,198,98,6
2021,14,Ile-Oluji/Okeigbo,3,WHO_literature,2021-04-05,48.83,26.21,31.4,23.43,90.90714285714286,287,198,59,47,30,0.312,198,98,6
2021,15,Ile-Oluji/Okeigbo,1,WHO_literature,2021-04-12,102.19,25.284285714285716,29.6,22.73,91.28428571428572,287,198,59,47,30,0.312,198,98,6
2021,16,Ile-Oluji/Okeigbo,1,WHO_literature,2021-04-19,33.57,25.52857142857143,29.95,22.1,92.13571428571429,287,198,59,47,30,0.312,198,98,6
2021,17,Ile-Oluji/Okeigbo,1,WHO_literature,2021-04-26,12.360000000000001,26.20285714285714,30.97,23.27,90.34142857142857,287,198,59,47,30,0.312,198,98,6
2021,18,Ile-Oluji/Okeigbo,1,WHO_literature,2021-05-03,48.54,25.042857142857144,29.73,21.85,90.57285714285715,287,198,59,47,30,0.312,198,98,6
2021,19,Ile-Oluji/Okeigbo,3,WHO_literature,2021-05-10,20.5,25.568571428571428,30.25,20.66,91.41,287,198,59,47,30,0.312,198,98,6
2021,20,Ile-Oluji/Okeigbo,1,WHO_literature,2021-05-17,38.26,25.638571428571428,30.17,21.8,91.64,287,198,59,47,30,0.312,198,98,6
2021,21,Ile-Oluji/Okeigbo,1,WHO_literature,2021-05-24,38.61,25.96,30.35,23.02,92.58714285714287,287,198,59,47,30,0.312,198,98,6
2021,22,Ile-Oluji/Okeigbo,3,WHO_literature,2021-05-31,79.84,25.494285714285716,29.96,22.3,91.47142857142856,287,198,59,47,30,0.312,198,98,6
2021,23,Ile-Oluji/Okeigbo,5,WHO_literature,2021-06-07,29.44,25.417142857142856,30.29,22.33,90.3442857142857,287,198,59,47,30,0.312,198,98,6
2021,24,Ile-Oluji/Okeigbo,4,WHO_literature,2021-06-14,93.1,24.86285714285714,29.32,22.15,93.38714285714286,287,198,59,47,30,0.312,198,98,6
2021,25,Ile-Oluji/Okeigbo,2,WHO_literature,2021-06-21,53.76,24.70285714285714,28.87,21.92,90.83428571428571,287,198,59,47,30,0.312,198,98,6
2021,26,Ile-Oluji/Okeigbo,2,WHO_literature,2021-06-28,61.77,24.192857142857143,29.12,20.75,91.98857142857142,287,198,59,47,30,0.312,198,98,6
2021,27,Ile-Oluji/Okeigbo,8,WHO_literature,2021-07-05,40.33,24.255714285714287,28.69,21.52,91.8,287,198,59,47,30,0.312,198,98,6
2021,28,Ile-Oluji/Okeigbo,9,WHO_literature,2021-07-12,149.04,24.472857142857144,28.4,21.38,91.53571428571429,287,198,59,47,30,0.312,198,98,6
2021,29,Ile-Oluji/Okeigbo,5,WHO_literature,2021-07-19,41.089999999999996,24.222857142857144,29.06,20.92,90.2957142857143,287,198,59,47,30,0.312,198,98,6
2021,30,Ile-Oluji/Okeigbo,6,WHO_literature,2021-07-26,34.56,23.864285714285717,28.72,20.61,90.82857142857142,287,198,59,47,30,0.312,198,98,6
2021,31,Ile-Oluji/Okeigbo,5,WHO_literature,2021-08-02,94.53,23.974285714285713,27.98,21.5,93.60428571428572,287,198,59,47,30,0.312,198,98,6
2021,32,Ile-Oluji/Okeigbo,3,WHO_literature,2021-08-09,135.91,24.104285714285712,28.62,21.2,92.46142857142857,287,198,59,47,30,0.312,198,98,6
2021,33,Ile-Oluji/Okeigbo,5,WHO_literature,2021-08-16,113.35,23.684285714285714,27.99,21.5,93.52714285714286,287,198,59,47,30,0.312,198,98,6
2021,34,Ile-Oluji/Okeigbo,7,WHO_literature,2021-08-23,76.94999999999999,24.747142857142855,28.96,21.61,92.14714285714285,287,198,59,47,30,0.312,198,98,6
2021,35,Ile-Oluji/Okeigbo,6,WHO_literature,2021-08-30,136.68,24.541428571428572,28.99,21.67,92.15857142857143,287,198,59,47,30,0.312,198,98,6
2021,36,Ile-Oluji/Okeigbo,9,WHO_literature,2021-09-06,52.57,24.577142857142857,28.4,21.83,92.62714285714286,287,198,59,47,30,0.312,198,98,6
2021,37,Ile-Oluji/Okeigbo,1,WHO_literature,2021-09-13,45.78,24.56142857142857,28.78,21.34,92.10714285714286,287,198,59,47,30,0.312,198,98,6
2021,38,Ile-Oluji/Okeigbo,2,WHO_literature,2021-09-20,122.08,24.478571428571428,28.63,20.88,91.96142857142857,287,198,59,47,30,0.312,198,98,6
2021,39,Ile-Oluji/Okeigbo,2,WHO_literature,2021-09-27,49.76,24.822857142857142,29.1,21.87,91.92714285714285,287,198,59,47,30,0.312,198,98,6
2021,40,Ile-Oluji/Okeigbo,3,WHO_literature,2021-10-04,57.09,25.38,30.23,22.4,92.59571428571428,287,198,59,47,30,0.312,198,98,6
2021,41,Ile-Oluji/Okeigbo,2,WHO_literature,2021-10-11,46.95,25.228571428571428,29.5,22.13,92.34714285714287,287,198,59,47,30,0.312,198,98,6
2021,42,Ile-Oluji/Okeigbo,4,WHO_literature,2021-10-18,37.01,25.080000000000002,29.93,21.9,90.5657142857143,287,198,59,47,30,0.312,198,98,6
2021,43,Ile-Oluji/Okeigbo,1,WHO_literature,2021-10-25,64.07,25.534285714285716,30.16,22.16,91.12285714285714,287,198,59,47,30,0.312,198,98,6
2021,44,Ile-Oluji/Okeigbo,5,WHO_literature,2021-11-01,62.42,25.37,29.86,22.52,91.88428571428572,287,198,59,47,30,0.312,198,98,6
2021,45,Ile-Oluji/Okeigbo,2,WHO_literature,2021-11-08,142.11,25.611428571428572,29.84,22.54,91.60857142857142,287,198,59,47,30,0.312,198,98,6
2021,46,Ile-Oluji/Okeigbo,1,WHO_literature,2021-11-15,94.42,25.92142857142857,30.22,22.59,89.89428571428572,287,198,59,47,30,0.312,198,98,6
2021,47,Ile-Oluji/Okeigbo,0,NCDC_real,2021-11-22,28.29,25.717142857142857,30.33,22.56,89.74571428571429,287,198,59,47,30,0.312,198,98,6
2021,48,Ile-Oluji/Okeigbo,3,WHO_literature,2021-11-29,16.22,26.0,30.85,21.87,86.49142857142859,287,198,59,47,30,0.312,198,98,6
2021,49,Ile-Oluji/Okeigbo,0,WHO_literature,2021-12-06,4.38,25.325714285714287,30.46,19.88,82.66714285714285,287,198,59,47,30,0.312,198,98,6
2021,50,Ile-Oluji/Okeigbo,1,NCDC_real,2021-12-13,62.34,24.275714285714287,31.15,17.37,82.12428571428572,287,198,59,47,30,0.312,198,98,6
2021,51,Ile-Oluji/Okeigbo,0,WHO_literature,2021-12-20,1.98,23.645714285714284,31.14,17.07,81.0442857142857,287,198,59,47,30,0.312,198,98,6
2021,52,Ile-Oluji/Okeigbo,1,WHO_literature,2021-12-27,21.47,24.551428571428573,30.19,19.12,83.27571428571427,287,198,59,47,30,0.312,198,98,6
2022,1,Ile-Oluji/Okeigbo,0,WHO_literature,2022-01-03,16.509999999999998,24.147142857142857,30.77,17.74,78.13571428571429,287,198,59,47,30,0.312,198,98,6
2022,2,Ile-Oluji/Okeigbo,0,WHO_literature,2022-01-10,34.33,25.14428571428571,30.68,21.04,86.89142857142858,287,198,59,47,30,0.312,198,98,6
2022,3,Ile-Oluji/Okeigbo,0,WHO_literature,2022-01-17,7.239999999999999,22.544285714285714,30.37,16.23,74.93857142857142,287,198,59,47,30,0.312,198,98,6
2022,4,Ile-Oluji/Okeigbo,0,WHO_literature,2022-01-24,0.29,21.99285714285714,30.11,14.67,71.67714285714285,287,198,59,47,30,0.312,198,98,6
2022,5,Ile-Oluji/Okeigbo,0,WHO_literature,2022-01-31,0.0,22.085714285714285,29.71,13.69,66.85714285714286,287,198,59,47,30,0.312,198,98,6
2022,6,Ile-Oluji/Okeigbo,0,WHO_literature,2022-02-07,10.52,24.954285714285714,31.67,17.1,78.14571428571428,287,198,59,47,30,0.312,198,98,6
2022,7,Ile-Oluji/Okeigbo,0,WHO_literature,2022-02-14,2.7600000000000002,26.315714285714286,32.63,21.8,85.01285714285713,287,198,59,47,30,0.312,198,98,6
2022,8,Ile-Oluji/Okeigbo,0,WHO_literature,2022-02-21,11.28,26.572857142857142,32.29,22.22,84.40428571428572,287,198,59,47,30,0.312,198,98,6
2022,9,Ile-Oluji/Okeigbo,0,WHO_literature,2022-02-28,38.01,25.624285714285715,31.54,22.46,90.63285714285715,287,198,59,47,30,0.312,198,98,6
2022,10,Ile-Oluji/Okeigbo,0,WHO_literature,2022-03-07,21.89,26.134285714285713,30.65,22.86,90.01857142857143,287,198,59,47,30,0.312,198,98,6
2022,11,Ile-Oluji/Okeigbo,0,WHO_literature,2022-03-14,9.87,26.395714285714288,32.25,23.23,89.73142857142857,287,198,59,47,30,0.312,198,98,6
2022,12,Ile-Oluji/Okeigbo,0,WHO_literature,2022-03-21,22.75,26.5,32.52,23.43,88.98714285714286,287,198,59,47,30,0.312,198,98,6
2022,13,Ile-Oluji/Okeigbo,0,WHO_literature,2022-03-28,22.52,26.360000000000003,32.02,21.82,89.18285714285715,287,198,59,47,30,0.312,198,98,6
2022,14,Ile-Oluji/Okeigbo,0,WHO_literature,2022-04-04,36.46,25.657142857142855,30.13,21.66,91.84428571428573,287,198,59,47,30,0.312,198,98,6
2022,15,Ile-Oluji/Okeigbo,1,WHO_literature,2022-04-11,22.01,25.437142857142856,30.16,22.23,90.67999999999999,287,198,59,47,30,0.312,198,98,6
2022,16,Ile-Oluji/Okeigbo,1,WHO_literature,2022-04-18,40.96,25.494285714285716,30.42,22.66,90.63857142857144,287,198,59,47,30,0.312,198,98,6
2022,17,Ile-Oluji/Okeigbo,1,WHO_literature,2022-04-25,79.48,25.175714285714285,29.56,22.13,92.14285714285714,287,198,59,47,30,0.312,198,98,6
2022,18,Ile-Oluji/Okeigbo,0,WHO_literature,2022-05-02,22.25,25.58142857142857,29.87,22.75,91.26714285714286,287,198,59,47,30,0.312,198,98,6
2022,19,Ile-Oluji/Okeigbo,0,WHO_literature,2022-05-09,26.1,25.97,30.33,22.89,91.20857142857143,287,198,59,47,30,0.312,198,98,6
2022,20,Ile-Oluji/Okeigbo,1,WHO_literature,2022-05-16,54.19,25.41857142857143,30.18,22.69,92.85857142857142,287,198,59,47,30,0.312,198,98,6
2022,21,Ile-Oluji/Okeigbo,2,WHO_literature,2022-05-23,34.300000000000004,24.801428571428573,29.21,21.17,91.38285714285715,287,198,59,47,30,0.312,198,98,6
2022,22,Ile-Oluji/Okeigbo,2,WHO_literature,2022-05-30,60.14,25.334285714285716,29.6,22.46,91.9557142857143,287,198,59,47,30,0.312,198,98,6
2022,23,Ile-Oluji/Okeigbo,4,WHO_literature,2022-06-06,160.07999999999998,24.458571428571428,28.05,21.22,93.99571428571429,287,198,59,47,30,0.312,198,98,6
2022,24,Ile-Oluji/Okeigbo,2,WHO_literature,2022-06-13,42.16,24.46857142857143,28.62,21.51,93.66285714285713,287,198,59,47,30,0.312,198,98,6
2022,25,Ile-Oluji/Okeigbo,1,WHO_literature,2022-06-20,51.269999999999996,24.240000000000002,27.67,21.75,93.71142857142857,287,198,59,47,30,0.312,198,98,6
2022,26,Ile-Oluji/Okeigbo,5,WHO_literature,2022-06-27,62.25,24.284285714285716,28.84,21.3,91.66428571428571,287,198,59,47,30,0.312,198,98,6
2022,27,Ile-Oluji/Okeigbo,6,WHO_literature,2022-07-04,87.07,24.494285714285716,29.32,21.75,93.03285714285714,287,198,59,47,30,0.312,198,98,6
2022,28,Ile-Oluji/Okeigbo,3,WHO_literature,2022-07-11,21.77,24.505714285714284,29.01,21.7,90.83428571428571,287,198,59,47,30,0.312,198,98,6
2022,29,Ile-Oluji/Okeigbo,6,WHO_literature,2022-07-18,84.07,23.982857142857142,28.72,20.55,90.68571428571428,287,198,59,47,30,0.312,198,98,6
2022,30,Ile-Oluji/Okeigbo,3,WHO_literature,2022-07-25,61.51,23.889999999999997,27.97,21.48,92.95142857142858,287,198,59,47,30,0.312,198,98,6
2022,31,Ile-Oluji/Okeigbo,2,WHO_literature,2022-08-01,8.12,23.96142857142857,28.81,20.35,88.88,287,198,59,47,30,0.312,198,98,6
2022,32,Ile-Oluji/Okeigbo,4,WHO_literature,2022-08-08,65.5,23.844285714285714,28.34,21.17,92.4742857142857,287,198,59,47,30,0.312,198,98,6
2022,33,Ile-Oluji/Okeigbo,6,WHO_literature,2022-08-15,45.59,23.859999999999996,29.17,20.46,90.96142857142857,287,198,59,47,30,0.312,198,98,6
2022,34,Ile-Oluji/Okeigbo,6,WHO_literature,2022-08-22,76.96,23.77857142857143,27.99,20.93,92.31142857142858,287,198,59,47,30,0.312,198,98,6
2022,35,Ile-Oluji/Okeigbo,8,WHO_literature,2022-08-29,53.98,24.207142857142856,28.72,21.17,91.50142857142858,287,198,59,47,30,0.312,198,98,6
2022,36,Ile-Oluji/Okeigbo,1,WHO_literature,2022-09-05,48.32,24.40857142857143,28.98,21.55,91.41428571428571,287,198,59,47,30,0.312,198,98,6
2022,37,Ile-Oluji/Okeigbo,1,WHO_literature,2022-09-12,71.05,24.261428571428574,29.2,21.45,93.06428571428572,287,198,59,47,30,0.312,198,98,6
2022,38,Ile-Oluji/Okeigbo,1,WHO_literature,2022-09-19,92.49,24.34857142857143,28.72,21.6,92.40285714285713,287,198,59,47,30,0.312,198,98,6
2022,39,Ile-Oluji/Okeigbo,4,WHO_literature,2022-09-26,84.77000000000001,23.777142857142856,28.38,21.29,92.68571428571428,287,198,59,47,30,0.312,198,98,6
2022,40,Ile-Oluji/Okeigbo,2,WHO_literature,2022-10-03,90.56,24.754285714285714,29.2,21.09,90.83857142857143,287,198,59,47,30,0.312,198,98,6
2022,41,Ile-Oluji/Okeigbo,1,WHO_literature,2022-10-10,56.15,24.981428571428573,29.56,21.6,90.55857142857143,287,198,59,47,30,0.312,198,98,6
2022,42,Ile-Oluji/Okeigbo,1,WHO_literature,2022-10-17,51.24,25.56142857142857,30.53,22.2,90.02857142857144,287,198,59,47,30,0.312,198,98,6
2022,43,Ile-Oluji/Okeigbo,5,WHO_literature,2022-10-24,9.15,25.73428571428571,30.78,22.42,86.75857142857141,287,198,59,47,30,0.312,198,98,6
2022,44,Ile-Oluji/Okeigbo,3,WHO_literature,2022-10-31,25.72,25.398571428571426,30.14,20.37,87.16,287,198,59,47,30,0.312,198,98,6
2022,45,Ile-Oluji/Okeigbo,1,WHO_literature,2022-11-07,8.7,25.859999999999996,30.95,22.37,87.26714285714286,287,198,59,47,30,0.312,198,98,6
2022,46,Ile-Oluji/Okeigbo,0,WHO_literature,2022-11-14,2.33,25.382857142857144,30.35,21.06,85.62,287,198,59,47,30,0.312,198,98,6
2022,47,Ile-Oluji/Okeigbo,2,WHO_literature,2022-11-21,3.58,25.05,30.28,19.29,82.66428571428571,287,198,59,47,30,0.312,198,98,6
2022,48,Ile-Oluji/Okeigbo,0,WHO_literature,2022-11-28,10.32,25.34857142857143,30.11,21.39,87.10142857142857,287,198,59,47,30,0.312,198,98,6
2022,49,Ile-Oluji/Okeigbo,1,WHO_literature,2022-12-05,0.14,24.398571428571426,29.78,17.34,79.48857142857142,287,198,59,47,30,0.312,198,98,6
2022,50,Ile-Oluji/Okeigbo,0,WHO_literature,2022-12-12,15.96,24.701428571428572,30.64,20.28,89.41,287,198,59,47,30,0.312,198,98,6
2022,51,Ile-Oluji/Okeigbo,0,WHO_literature,2022-12-19,0.0,22.374285714285715,28.85,15.56,71.57857142857144,287,198,59,47,30,0.312,198,98,6
2022,52,Ile-Oluji/Okeigbo,0,WHO_literature,2022-12-26,0.0,21.86285714285714,29.29,15.04,69.03428571428572,287,198,59,47,30,0.312,198,98,6
2023,1,Ile-Oluji/Okeigbo,0,WHO_literature,2023-01-02,0.04,23.74142857142857,30.38,16.71,69.1542857142857,287,198,59,47,30,0.312,198,98,6
2023,2,Ile-Oluji/Okeigbo,0,WHO_literature,2023-01-09,0.01,22.577142857142857,30.18,14.66,64.60142857142857,287,198,59,47,30,0.312,198,98,6
2023,3,Ile-Oluji/Okeigbo,0,WHO_literature,2023-01-16,1.2200000000000002,24.65142857142857,31.71,16.78,76.0457142857143,287,198,59,47,30,0.312,198,98,6
2023,4,Ile-Oluji/Okeigbo,0,WHO_literature,2023-01-23,3.94,25.55,32.3,21.54,87.91714285714285,287,198,59,47,30,0.312,198,98,6
2023,5,Ile-Oluji/Okeigbo,0,WHO_literature,2023-01-30,14.3,25.695714285714285,32.32,21.72,87.45142857142856,287,198,59,47,30,0.312,198,98,6
2023,6,Ile-Oluji/Okeigbo,0,WHO_literature,2023-02-06,40.94,26.2,32.83,21.19,81.92714285714285,287,198,59,47,30,0.312,198,98,6
2023,7,Ile-Oluji/Okeigbo,0,WHO_literature,2023-02-13,0.0,23.458571428571428,30.52,16.93,65.22142857142858,287,198,59,47,30,0.312,198,98,6
2023,8,Ile-Oluji/Okeigbo,0,WHO_literature,2023-02-20,23.66,25.577142857142857,31.41,17.7,81.3157142857143,287,198,59,47,30,0.312,198,98,6
2023,9,Ile-Oluji/Okeigbo,0,WHO_literature,2023-02-27,16.96,25.83142857142857,30.07,22.59,90.13285714285715,287,198,59,47,30,0.312,198,98,6
2023,10,Ile-Oluji/Okeigbo,0,WHO_literature,2023-03-06,29.28,25.924285714285713,30.45,22.87,90.09714285714287,287,198,59,47,30,0.312,198,98,6
2023,11,Ile-Oluji/Okeigbo,0,WHO_literature,2023-03-13,34.83,25.25142857142857,30.04,22.15,89.58714285714287,287,198,59,47,30,0.312,198,98,6
2023,12,Ile-Oluji/Okeigbo,0,WHO_literature,2023-03-20,39.97,25.397142857142857,30.73,21.49,88.33285714285715,287,198,59,47,30,0.312,198,98,6
2023,13,Ile-Oluji/Okeigbo,0,WHO_literature,2023-03-27,18.48,26.07857142857143,31.06,22.64,88.08714285714287,287,198,59,47,30,0.312,198,98,6
2023,14,Ile-Oluji/Okeigbo,1,WHO_literature,2023-04-03,43.459999999999994,25.859999999999996,30.35,22.59,90.54714285714286,287,198,59,47,30,0.312,198,98,6
2023,15,Ile-Oluji/Okeigbo,0,WHO_literature,2023-04-10,27.5,25.895714285714288,30.25,22.84,91.94285714285715,287,198,59,47,30,0.312,198,98,6
2023,16,Ile-Oluji/Okeigbo,0,WHO_literature,2023-04-17,26.35,26.111428571428572,30.99,23.15,91.31285714285714,287,198,59,47,30,0.312,198,98,6
2023,17,Ile-Oluji/Okeigbo,0,WHO_literature,2023-04-24,51.32,25.345714285714283,29.6,22.69,91.63857142857144,287,198,59,47,30,0.312,198,98,6
2023,18,Ile-Oluji/Okeigbo,0,WHO_literature,2023-05-01,23.55,25.514285714285712,29.66,21.75,90.48714285714286,287,198,59,47,30,0.312,198,98,6
2023,19,Ile-Oluji/Okeigbo,1,WHO_literature,2023-05-08,30.39,25.965714285714284,29.95,23.09,92.32428571428571,287,198,59,47,30,0.312,198,98,6
2023,20,Ile-Oluji/Okeigbo,1,WHO_literature,2023-05-15,37.53,26.185714285714287,30.01,23.38,92.49571428571429,287,198,59,47,30,0.312,198,98,6
2023,21,Ile-Oluji/Okeigbo,0,WHO_literature,2023-05-22,27.07,26.01142857142857,29.84,22.9,92.50285714285714,287,198,59,47,30,0.312,198,98,6
2023,22,Ile-Oluji/Okeigbo,1,WHO_literature,2023-05-29,37.11,26.014285714285712,30.45,22.76,91.42,287,198,59,47,30,0.312,198,98,6
2023,23,Ile-Oluji/Okeigbo,0,WHO_literature,2023-06-05,159.01999999999998,24.928571428571427,29.14,22.33,93.64,287,198,59,47,30,0.312,198,98,6
2023,24,Ile-Oluji/Okeigbo,1,WHO_literature,2023-06-12,78.59,25.017142857142858,29.39,21.86,92.14999999999999,287,198,59,47,30,0.312,198,98,6
2023,25,Ile-Oluji/Okeigbo,3,WHO_literature,2023-06-19,57.879999999999995,24.731428571428573,28.65,21.7,92.13571428571429,287,198,59,47,30,0.312,198,98,6
2023,26,Ile-Oluji/Okeigbo,1,WHO_literature,2023-06-26,52.129999999999995,24.68,29.54,22.15,92.26428571428572,287,198,59,47,30,0.312,198,98,6
2023,27,Ile-Oluji/Okeigbo,1,WHO_literature,2023-07-03,59.17,24.884285714285713,29.73,22.13,92.50285714285714,287,198,59,47,30,0.312,198,98,6
2023,28,Ile-Oluji/Okeigbo,3,WHO_literature,2023-07-10,23.53,25.524285714285714,30.73,21.86,90.28,287,198,59,47,30,0.312,198,98,6
2023,29,Ile-Oluji/Okeigbo,2,WHO_literature,2023-07-17,68.42,25.07857142857143,28.95,22.65,92.82857142857142,287,198,59,47,30,0.312,198,98,6
2023,30,Ile-Oluji/Okeigbo,2,WHO_literature,2023-07-24,80.66,24.892857142857142,29.78,21.94,91.95285714285714,287,198,59,47,30,0.312,198,98,6
2023,31,Ile-Oluji/Okeigbo,2,WHO_literature,2023-07-31,24.82,24.87857142857143,29.82,21.86,90.90285714285714,287,198,59,47,30,0.312,198,98,6
2023,32,Ile-Oluji/Okeigbo,5,WHO_literature,2023-08-07,26.97,24.76142857142857,29.06,22.22,90.97857142857143,287,198,59,47,30,0.312,198,98,6
2023,33,Ile-Oluji/Okeigbo,3,WHO_literature,2023-08-14,25.8,25.051428571428573,30.18,22.02,90.62571428571428,287,198,59,47,30,0.312,198,98,6
2023,34,Ile-Oluji/Okeigbo,1,WHO_literature,2023-08-21,30.310000000000002,25.037142857142857,29.65,22.09,91.62857142857142,287,198,59,47,30,0.312,198,98,6
2023,35,Ile-Oluji/Okeigbo,0,WHO_literature,2023-08-28,111.89,24.545714285714286,28.79,21.82,92.69285714285715,287,198,59,47,30,0.312,198,98,6
2023,36,Ile-Oluji/Okeigbo,0,WHO_literature,2023-09-04,98.4,24.925714285714285,30.25,21.74,92.14428571428572,287,198,59,47,30,0.312,198,98,6
2023,37,Ile-Oluji/Okeigbo,1,WHO_literature,2023-09-11,110.8,24.987142857142857,28.97,22.6,93.3,287,198,59,47,30,0.312,198,98,6
2023,38,Ile-Oluji/Okeigbo,3,WHO_literature,2023-09-18,59.39,25.142857142857142,29.67,22.67,91.98571428571428,287,198,59,47,30,0.312,198,98,6
2023,39,Ile-Oluji/Okeigbo,2,WHO_literature,2023-09-25,63.54,25.944285714285716,30.75,22.83,90.86714285714287,287,198,59,47,30,0.312,198,98,6
2023,40,Ile-Oluji/Okeigbo,0,WHO_literature,2023-10-02,87.97,25.701428571428572,29.98,23.09,92.08714285714287,287,198,59,47,30,0.312,198,98,6
2023,41,Ile-Oluji/Okeigbo,0,WHO_literature,2023-10-09,46.93,25.58285714285714,29.65,23.07,92.82142857142857,287,198,59,47,30,0.312,198,98,6
2023,42,Ile-Oluji/Okeigbo,4,WHO_literature,2023-10-16,32.03,25.43285714285714,30.21,21.69,91.98571428571428,287,198,59,47,30,0.312,198,98,6
2023,43,Ile-Oluji/Okeigbo,2,WHO_literature,2023-10-23,8.66,25.90857142857143,30.7,22.75,90.42142857142858,287,198,59,47,30,0.312,198,98,6
2023,44,Ile-Oluji/Okeigbo,1,WHO_literature,2023-10-30,57.5,25.66142857142857,29.56,23.14,91.65571428571427,287,198,59,47,30,0.312,198,98,6
2023,45,Ile-Oluji/Okeigbo,0,WHO_literature,2023-11-06,22.7,25.835714285714285,30.23,23.17,91.45714285714287,287,198,59,47,30,0.312,198,98,6
2023,46,Ile-Oluji/Okeigbo,1,WHO_literature,2023-11-13,8.35,25.77285714285714,30.13,21.99,89.59285714285714,287,198,59,47,30,0.312,198,98,6
2023,47,Ile-Oluji/Okeigbo,0,WHO_literature,2023-11-20,30.700000000000003,25.744285714285716,31.0,22.61,91.07571428571428,287,198,59,47,30,0.312,198,98,6
2023,48,Ile-Oluji/Okeigbo,1,WHO_literature,2023-11-27,5.91,26.175714285714285,31.36,21.93,87.51428571428572,287,198,59,47,30,0.312,198,98,6
2023,49,Ile-Oluji/Okeigbo,0,WHO_literature,2023-12-04,0.64,26.27857142857143,31.38,22.12,85.76428571428572,287,198,59,47,30,0.312,198,98,6
2023,50,Ile-Oluji/Okeigbo,0,WHO_literature,2023-12-11,0.0,24.24142857142857,30.85,17.2,71.36428571428571,287,198,59,47,30,0.312,198,98,6
2023,51,Ile-Oluji/Okeigbo,0,WHO_literature,2023-12-18,0.0,24.83285714285714,30.93,18.11,74.34714285714287,287,198,59,47,30,0.312,198,98,6
2023,52,Ile-Oluji/Okeigbo,0,WHO_literature,2023-12-25,0.0,25.032857142857143,31.24,17.75,69.90285714285714,287,198,59,47,30,0.312,198,98,6
2024,1,Ile-Oluji/Okeigbo,0,WHO_literature,2024-01-01,1.0,26.45285714285714,32.06,20.28,82.73714285714286,287,198,59,47,30,0.312,198,98,6
2024,2,Ile-Oluji/Okeigbo,0,WHO_literature,2024-01-08,2.59,26.169999999999998,32.52,20.59,78.32142857142857,287,198,59,47,30,0.312,198,98,6
2024,3,Ile-Oluji/Okeigbo,0,WHO_literature,2024-01-15,0.0,23.692857142857143,31.37,15.53,58.46714285714285,287,198,59,47,30,0.312,198,98,6
2024,4,Ile-Oluji/Okeigbo,0,WHO_literature,2024-01-22,6.0,23.92142857142857,32.15,16.66,70.77857142857144,287,198,59,47,30,0.312,198,98,6
2024,5,Ile-Oluji/Okeigbo,0,WHO_literature,2024-01-29,0.0,24.87142857142857,31.14,17.68,68.14285714285714,287,198,59,47,30,0.312,198,98,6
2024,6,Ile-Oluji/Okeigbo,0,WHO_literature,2024-02-05,0.01,24.43857142857143,32.63,17.63,68.05428571428571,287,198,59,47,30,0.312,198,98,6
2024,7,Ile-Oluji/Okeigbo,0,WHO_literature,2024-02-12,0.67,26.867142857142856,33.18,22.56,84.17999999999999,287,198,59,47,30,0.312,198,98,6
2024,8,Ile-Oluji/Okeigbo,0,WHO_literature,2024-02-19,27.09,27.027142857142856,33.04,23.19,82.00142857142858,287,198,59,47,30,0.312,198,98,6
2024,9,Ile-Oluji/Okeigbo,0,WHO_literature,2024-02-26,1.3599999999999999,27.03,33.54,22.62,86.7057142857143,287,198,59,47,30,0.312,198,98,6
2024,10,Ile-Oluji/Okeigbo,0,WHO_literature,2024-03-04,8.5,26.81714285714286,31.55,23.52,88.7757142857143,287,198,59,47,30,0.312,198,98,6
2024,11,Ile-Oluji/Okeigbo,0,WHO_literature,2024-03-11,13.319999999999999,27.390000000000004,34.02,23.77,87.28999999999999,287,198,59,47,30,0.312,198,98,6
2024,12,Ile-Oluji/Okeigbo,0,WHO_literature,2024-03-18,4.73,27.108571428571427,32.79,24.26,88.17428571428572,287,198,59,47,30,0.312,198,98,6
2024,13,Ile-Oluji/Okeigbo,0,WHO_literature,2024-03-25,5.37,27.12,32.64,24.25,89.45142857142856,287,198,59,47,30,0.312,198,98,6
2024,14,Ile-Oluji/Okeigbo,0,WHO_literature,2024-04-01,17.68,26.944285714285716,31.66,24.25,90.52428571428571,287,198,59,47,30,0.312,198,98,6
2024,15,Ile-Oluji/Okeigbo,0,WHO_literature,2024-04-08,26.07,26.444285714285716,30.3,23.34,91.14714285714285,287,198,59,47,30,0.312,198,98,6
2024,16,Ile-Oluji/Okeigbo,0,WHO_literature,2024-04-15,6.28,26.928571428571427,31.03,24.43,90.40714285714286,287,198,59,47,30,0.312,198,98,6
2024,17,Ile-Oluji/Okeigbo,0,WHO_literature,2024-04-22,39.56,26.827142857142857,30.63,24.16,91.82714285714285,287,198,59,47,30,0.312,198,98,6
2024,18,Ile-Oluji/Okeigbo,0,WHO_literature,2024-04-29,57.19,26.464285714285715,30.59,23.49,92.78571428571429,287,198,59,47,30,0.312,198,98,6
2024,19,Ile-Oluji/Okeigbo,1,WHO_literature,2024-05-06,10.58,26.631428571428568,30.06,24.01,91.19428571428571,287,198,59,47,30,0.312,198,98,6
2024,20,Ile-Oluji/Okeigbo,0,WHO_literature,2024-05-13,35.849999999999994,26.825714285714287,31.41,23.09,89.89285714285714,287,198,59,47,30,0.312,198,98,6
2024,21,Ile-Oluji/Okeigbo,1,WHO_literature,2024-05-20,87.46000000000001,26.222857142857144,30.85,22.62,91.72,287,198,59,47,30,0.312,198,98,6
2024,22,Ile-Oluji/Okeigbo,0,WHO_literature,2024-05-27,33.63,26.02285714285714,30.28,22.77,92.61857142857143,287,198,59,47,30,0.312,198,98,6
2024,23,Ile-Oluji/Okeigbo,1,WHO_literature,2024-06-03,47.629999999999995,25.771428571428572,29.8,23.05,92.64142857142858,287,198,59,47,30,0.312,198,98,6
2024,24,Ile-Oluji/Okeigbo,3,WHO_literature,2024-06-10,55.410000000000004,25.715714285714284,29.96,22.74,91.63142857142859,287,198,59,47,30,0.312,198,98,6
2024,25,Ile-Oluji/Okeigbo,1,WHO_literature,2024-06-17,36.64,25.462857142857143,30.59,22.15,92.21714285714286,287,198,59,47,30,0.312,198,98,6
2024,26,Ile-Oluji/Okeigbo,1,WHO_literature,2024-06-24,67.02,25.15285714285714,29.08,21.74,91.66857142857143,287,198,59,47,30,0.312,198,98,6
2024,27,Ile-Oluji/Okeigbo,0,WHO_literature,2024-07-01,77.02000000000001,25.035714285714285,29.34,22.13,91.07857142857142,287,198,59,47,30,0.312,198,98,6
2024,28,Ile-Oluji/Okeigbo,1,WHO_literature,2024-07-08,43.49,25.009999999999998,29.35,21.94,90.48857142857143,287,198,59,47,30,0.312,198,98,6
2024,29,Ile-Oluji/Okeigbo,2,WHO_literature,2024-07-15,62.0,24.801428571428573,29.32,22.45,91.8157142857143,287,198,59,47,30,0.312,198,98,6
2024,30,Ile-Oluji/Okeigbo,2,WHO_literature,2024-07-22,14.389999999999999,24.8,29.41,21.98,89.89571428571428,287,198,59,47,30,0.312,198,98,6
2024,31,Ile-Oluji/Okeigbo,2,WHO_literature,2024-07-29,20.64,24.784285714285716,29.74,21.73,89.41428571428571,287,198,59,47,30,0.312,198,98,6
2024,32,Ile-Oluji/Okeigbo,3,WHO_literature,2024-08-05,3.7800000000000002,24.717142857142857,29.75,21.57,87.8157142857143,287,198,59,47,30,0.312,198,98,6
2024,33,Ile-Oluji/Okeigbo,3,WHO_literature,2024-08-12,6.83,24.650000000000002,29.24,21.8,88.89142857142858,287,198,59,47,30,0.312,198,98,6
2024,34,Ile-Oluji/Okeigbo,0,WHO_literature,2024-08-19,90.77000000000001,24.52285714285714,29.24,22.13,92.27857142857144,287,198,59,47,30,0.312,198,98,6
2024,35,Ile-Oluji/Okeigbo,0,WHO_literature,2024-08-26,38.26,24.818571428571428,29.76,22.04,90.71142857142857,287,198,59,47,30,0.312,198,98,6
2024,36,Ile-Oluji/Okeigbo,1,WHO_literature,2024-09-02,56.72,24.792857142857144,29.96,21.33,89.49428571428572,287,198,59,47,30,0.312,198,98,6
2024,37,Ile-Oluji/Okeigbo,2,WHO_literature,2024-09-09,88.39999999999999,24.88714285714286,29.25,22.28,92.34571428571428,287,198,59,47,30,0.312,198,98,6
2024,38,Ile-Oluji/Okeigbo,2,WHO_literature,2024-09-16,43.6,25.087142857142858,29.53,22.26,91.30714285714285,287,198,59,47,30,0.312,198,98,6
2024,39,Ile-Oluji/Okeigbo,0,WHO_literature,2024-09-23,39.16,25.065714285714286,29.42,21.83,90.15714285714286,287,198,59,47,30,0.312,198,98,6
2024,40,Ile-Oluji/Okeigbo,0,WHO_literature,2024-09-30,60.65,25.017142857142858,29.93,22.2,92.17142857142858,287,198,59,47,30,0.312,198,98,6
2024,41,Ile-Oluji/Okeigbo,1,WHO_literature,2024-10-07,43.019999999999996,25.47142857142857,30.08,22.33,89.80857142857143,287,198,59,47,30,0.312,198,98,6
2024,42,Ile-Oluji/Okeigbo,2,WHO_literature,2024-10-14,45.92999999999999,24.982857142857142,29.84,21.35,90.69000000000001,287,198,59,47,30,0.312,198,98,6
2024,43,Ile-Oluji/Okeigbo,1,WHO_literature,2024-10-21,55.22,25.669999999999998,30.8,21.9,90.92,287,198,59,47,30,0.312,198,98,6
2024,44,Ile-Oluji/Okeigbo,0,WHO_literature,2024-10-28,41.31,26.47,31.06,23.15,88.24142857142859,287,198,59,47,30,0.312,198,98,6
2024,45,Ile-Oluji/Okeigbo,1,WHO_literature,2024-11-04,11.34,25.84142857142857,30.85,21.68,86.80857142857143,287,198,59,47,30,0.312,198,98,6
2024,46,Ile-Oluji/Okeigbo,0,WHO_literature,2024-11-11,1.8900000000000001,26.04,31.2,20.38,82.5442857142857,287,198,59,47,30,0.312,198,98,6
2024,47,Ile-Oluji/Okeigbo,1,WHO_literature,2024-11-18,2.77,25.208571428571428,30.6,19.81,79.91285714285713,287,198,59,47,30,0.312,198,98,6
2024,48,Ile-Oluji/Okeigbo,0,WHO_literature,2024-11-25,1.0,24.195714285714285,30.09,17.0,74.18999999999998,287,198,59,47,30,0.312,198,98,6
2024,49,Ile-Oluji/Okeigbo,0,WHO_literature,2024-12-02,0.02,24.532857142857143,30.66,18.62,77.49142857142859,287,198,59,47,30,0.312,198,98,6
2024,50,Ile-Oluji/Okeigbo,0,WHO_literature,2024-12-09,0.09,24.302857142857142,30.85,16.91,73.42857142857143,287,198,59,47,30,0.312,198,98,6
2024,51,Ile-Oluji/Okeigbo,0,WHO_literature,2024-12-16,0.0,23.672857142857143,30.27,15.71,68.06571428571428,287,198,59,47,30,0.312,198,98,6
2024,52,Ile-Oluji/Okeigbo,0,WHO_literature,2024-12-23,0.0,24.14428571428571,30.93,18.43,76.39142857142858,287,198,59,47,30,0.312,198,98,6
2018,1,Irele,0,WHO_literature,2018-01-01,0.04,21.555714285714284,28.0,14.03,70.26142857142857,156,134,48,35,42,0.423,156,67,8
2018,2,Irele,1,WHO_literature,2018-01-08,0.08,24.835714285714285,30.77,18.35,85.91285714285713,156,134,48,35,42,0.423,156,67,8
2018,3,Irele,0,WHO_literature,2018-01-15,0.01,25.614285714285717,31.5,20.49,83.88571428571429,156,134,48,35,42,0.423,156,67,8
2018,4,Irele,0,WHO_literature,2018-01-22,0.0,23.575714285714287,30.49,16.19,74.5942857142857,156,134,48,35,42,0.423,156,67,8
2018,5,Irele,1,WHO_literature,2018-01-29,0.07,25.32,32.45,17.17,79.53714285714285,156,134,48,35,42,0.423,156,67,8
2018,6,Irele,0,WHO_literature,2018-02-05,28.529999999999998,27.009999999999998,32.55,23.6,90.05999999999999,156,134,48,35,42,0.423,156,67,8
2018,7,Irele,0,WHO_literature,2018-02-12,4.85,26.882857142857144,32.26,24.17,88.88428571428572,156,134,48,35,42,0.423,156,67,8
2018,8,Irele,0,WHO_literature,2018-02-19,27.509999999999998,25.954285714285714,31.34,22.98,91.08571428571429,156,134,48,35,42,0.423,156,67,8
2018,9,Irele,0,WHO_literature,2018-02-26,10.46,26.335714285714285,31.6,23.37,89.83,156,134,48,35,42,0.423,156,67,8
2018,10,Irele,0,WHO_literature,2018-03-05,14.870000000000001,26.525714285714287,31.59,23.56,89.06428571428572,156,134,48,35,42,0.423,156,67,8
2018,11,Irele,0,WHO_literature,2018-03-12,34.33,26.574285714285715,30.86,24.08,91.56714285714285,156,134,48,35,42,0.423,156,67,8
2018,12,Irele,0,WHO_literature,2018-03-19,27.689999999999998,26.072857142857142,30.1,22.98,91.25428571428571,156,134,48,35,42,0.423,156,67,8
2018,13,Irele,0,WHO_literature,2018-03-26,8.95,26.648571428571426,30.37,24.2,91.56428571428572,156,134,48,35,42,0.423,156,67,8
2018,14,Irele,1,WHO_literature,2018-04-02,13.75,26.41,30.82,23.53,92.04142857142857,156,134,48,35,42,0.423,156,67,8
2018,15,Irele,1,WHO_literature,2018-04-09,15.57,26.365714285714287,31.17,23.62,89.73142857142857,156,134,48,35,42,0.423,156,67,8
2018,16,Irele,2,WHO_literature,2018-04-16,25.16,26.50857142857143,30.36,23.91,91.5457142857143,156,134,48,35,42,0.423,156,67,8
2018,17,Irele,0,WHO_literature,2018-04-23,22.41,26.23428571428571,29.44,23.72,93.0442857142857,156,134,48,35,42,0.423,156,67,8
2018,18,Irele,1,WHO_literature,2018-04-30,18.45,26.642857142857142,30.24,23.92,91.08714285714287,156,134,48,35,42,0.423,156,67,8
2018,19,Irele,2,WHO_literature,2018-05-07,57.97,25.487142857142857,28.81,23.23,94.17,156,134,48,35,42,0.423,156,67,8
2018,20,Irele,3,WHO_literature,2018-05-14,24.5,25.990000000000002,29.91,23.36,92.26714285714286,156,134,48,35,42,0.423,156,67,8
2018,21,Irele,0,WHO_literature,2018-05-21,58.81,25.737142857142857,28.55,23.46,94.51714285714286,156,134,48,35,42,0.423,156,67,8
2018,22,Irele,0,WHO_literature,2018-05-28,66.58,25.68285714285714,29.57,23.56,93.97142857142856,156,134,48,35,42,0.423,156,67,8
2018,23,Irele,6,WHO_literature,2018-06-04,62.55,25.419999999999998,29.01,22.59,94.54714285714286,156,134,48,35,42,0.423,156,67,8
2018,24,Irele,0,WHO_literature,2018-06-11,60.1,25.639999999999997,29.27,22.47,93.59142857142857,156,134,48,35,42,0.423,156,67,8
2018,25,Irele,5,WHO_literature,2018-06-18,170.12,24.391428571428573,28.48,22.16,94.87142857142858,156,134,48,35,42,0.423,156,67,8
2018,26,Irele,1,WHO_literature,2018-06-25,102.05,24.56,28.36,21.93,93.27571428571427,156,134,48,35,42,0.423,156,67,8
2018,27,Irele,2,WHO_literature,2018-07-02,56.51,24.821428571428573,29.1,22.46,93.70142857142856,156,134,48,35,42,0.423,156,67,8
2018,28,Irele,2,WHO_literature,2018-07-09,51.31,24.954285714285714,28.88,22.51,92.69142857142857,156,134,48,35,42,0.423,156,67,8
2018,29,Irele,4,WHO_literature,2018-07-16,72.14999999999999,24.665714285714284,28.59,22.57,94.19571428571429,156,134,48,35,42,0.423,156,67,8
2018,30,Irele,5,WHO_literature,2018-07-23,118.72,24.98428571428571,29.41,22.83,92.96857142857142,156,134,48,35,42,0.423,156,67,8
2018,31,Irele,1,WHO_literature,2018-07-30,43.01,24.181428571428572,28.6,21.14,90.77714285714286,156,134,48,35,42,0.423,156,67,8
2018,32,Irele,1,WHO_literature,2018-08-06,25.14,24.572857142857142,29.06,21.81,91.42142857142858,156,134,48,35,42,0.423,156,67,8
2018,33,Irele,6,WHO_literature,2018-08-13,45.73,24.445714285714285,28.72,21.76,93.55999999999999,156,134,48,35,42,0.423,156,67,8
2018,34,Irele,3,WHO_literature,2018-08-20,80.78,24.22,29.49,21.63,93.97285714285714,156,134,48,35,42,0.423,156,67,8
2018,35,Irele,5,WHO_literature,2018-08-27,159.22,24.88,29.1,21.85,92.82142857142857,156,134,48,35,42,0.423,156,67,8
2018,36,Irele,2,WHO_literature,2018-09-03,111.17,24.62142857142857,27.89,22.57,94.94285714285715,156,134,48,35,42,0.423,156,67,8
2018,37,Irele,1,WHO_literature,2018-09-10,45.38,24.84,29.4,22.46,92.88571428571429,156,134,48,35,42,0.423,156,67,8
2018,38,Irele,5,WHO_literature,2018-09-17,70.44,25.504285714285714,29.28,22.92,92.82428571428571,156,134,48,35,42,0.423,156,67,8
2018,39,Irele,7,WHO_literature,2018-09-24,56.800000000000004,25.214285714285715,29.7,22.58,92.67714285714285,156,134,48,35,42,0.423,156,67,8
2018,40,Irele,2,WHO_literature,2018-10-01,52.620000000000005,25.31714285714286,29.27,22.78,92.87142857142858,156,134,48,35,42,0.423,156,67,8
2018,41,Irele,3,WHO_literature,2018-10-08,50.120000000000005,25.274285714285714,29.06,22.27,93.00142857142858,156,134,48,35,42,0.423,156,67,8
2018,42,Irele,2,WHO_literature,2018-10-15,52.71,25.599999999999998,31.26,22.02,92.20428571428572,156,134,48,35,42,0.423,156,67,8
2018,43,Irele,2,WHO_literature,2018-10-22,31.69,25.872857142857146,29.89,23.25,93.54857142857144,156,134,48,35,42,0.423,156,67,8
2018,44,Irele,2,WHO_literature,2018-10-29,109.87,25.875714285714285,28.79,23.71,94.67999999999999,156,134,48,35,42,0.423,156,67,8
2018,45,Irele,3,WHO_literature,2018-11-05,37.22,26.177142857142858,30.41,23.79,92.18142857142857,156,134,48,35,42,0.423,156,67,8
2018,46,Irele,3,WHO_literature,2018-11-12,41.7,26.485714285714288,30.86,23.99,91.59285714285714,156,134,48,35,42,0.423,156,67,8
2018,47,Irele,1,WHO_literature,2018-11-19,31.84,26.5,31.36,23.26,90.36428571428571,156,134,48,35,42,0.423,156,67,8
2018,48,Irele,0,WHO_literature,2018-11-26,1.33,26.701428571428572,31.26,23.2,89.05857142857143,156,134,48,35,42,0.423,156,67,8
2018,49,Irele,0,WHO_literature,2018-12-03,0.13,25.725714285714286,30.52,19.36,82.91428571428571,156,134,48,35,42,0.423,156,67,8
2018,50,Irele,0,WHO_literature,2018-12-10,2.2800000000000002,25.90285714285714,31.21,20.62,85.03714285714285,156,134,48,35,42,0.423,156,67,8
2018,51,Irele,0,WHO_literature,2018-12-17,0.01,24.8,31.03,17.16,77.33285714285715,156,134,48,35,42,0.423,156,67,8
2018,52,Irele,0,WHO_literature,2018-12-24,0.0,24.055714285714284,29.61,18.1,73.15142857142857,156,134,48,35,42,0.423,156,67,8
2019,1,Irele,0,WHO_literature,2019-01-07,0.0,23.887142857142855,30.47,18.59,78.12714285714286,156,134,48,35,42,0.423,156,67,8
2019,2,Irele,0,WHO_literature,2019-01-14,0.0,24.525714285714287,30.16,17.61,82.03999999999999,156,134,48,35,42,0.423,156,67,8
2019,3,Irele,0,WHO_literature,2019-01-21,9.17,26.509999999999998,31.55,23.14,89.59571428571428,156,134,48,35,42,0.423,156,67,8
2019,4,Irele,0,WHO_literature,2019-01-28,7.91,26.69142857142857,32.05,23.19,88.05999999999999,156,134,48,35,42,0.423,156,67,8
2019,5,Irele,0,WHO_literature,2019-02-04,35.78,26.395714285714288,31.51,22.22,90.2942857142857,156,134,48,35,42,0.423,156,67,8
2019,6,Irele,0,WHO_literature,2019-02-11,6.76,26.184285714285714,31.01,21.64,84.39857142857143,156,134,48,35,42,0.423,156,67,8
2019,7,Irele,1,WHO_literature,2019-02-18,0.77,25.43285714285714,31.76,19.55,80.40285714285713,156,134,48,35,42,0.423,156,67,8
2019,8,Irele,0,WHO_literature,2019-02-25,17.66,26.46857142857143,31.12,22.26,91.71000000000001,156,134,48,35,42,0.423,156,67,8
2019,9,Irele,0,WHO_literature,2019-03-04,22.33,25.928571428571427,30.26,23.14,90.26428571428572,156,134,48,35,42,0.423,156,67,8
2019,10,Irele,0,WHO_literature,2019-03-11,42.02,26.55,30.26,23.89,91.12714285714286,156,134,48,35,42,0.423,156,67,8
2019,11,Irele,0,WHO_literature,2019-03-18,8.05,27.109999999999996,32.24,24.2,90.05571428571429,156,134,48,35,42,0.423,156,67,8
2019,12,Irele,0,WHO_literature,2019-03-25,14.250000000000002,26.882857142857144,32.04,23.92,91.45857142857143,156,134,48,35,42,0.423,156,67,8
2019,13,Irele,0,WHO_literature,2019-04-01,1.06,27.017142857142858,31.4,23.84,91.03571428571429,156,134,48,35,42,0.423,156,67,8
2019,14,Irele,0,WHO_literature,2019-04-08,21.87,27.364285714285717,31.3,25.0,90.91285714285713,156,134,48,35,42,0.423,156,67,8
2019,15,Irele,0,WHO_literature,2019-04-15,42.660000000000004,26.364285714285717,30.8,23.93,92.90428571428572,156,134,48,35,42,0.423,156,67,8
2019,16,Irele,0,WHO_literature,2019-04-22,2.37,26.888571428571428,31.35,23.02,90.88714285714286,156,134,48,35,42,0.423,156,67,8
2019,17,Irele,2,WHO_literature,2019-04-29,11.76,27.032857142857143,30.48,24.85,92.22857142857143,156,134,48,35,42,0.423,156,67,8
2019,18,Irele,0,WHO_literature,2019-05-06,19.009999999999998,26.70285714285714,30.07,24.5,93.98428571428572,156,134,48,35,42,0.423,156,67,8
2019,19,Irele,1,WHO_literature,2019-05-13,48.28,26.59857142857143,30.45,24.08,93.21714285714286,156,134,48,35,42,0.423,156,67,8
2019,20,Irele,0,WHO_literature,2019-05-20,42.06,26.05857142857143,30.01,23.49,92.39714285714285,156,134,48,35,42,0.423,156,67,8
2019,21,Irele,0,WHO_literature,2019-05-27,72.64,26.148571428571426,30.07,23.71,94.0442857142857,156,134,48,35,42,0.423,156,67,8
2019,22,Irele,5,WHO_literature,2019-06-03,91.44,25.675714285714285,29.29,23.7,94.45285714285714,156,134,48,35,42,0.423,156,67,8
2019,23,Irele,0,WHO_literature,2019-06-10,62.24,25.56142857142857,29.34,23.26,94.19857142857143,156,134,48,35,42,0.423,156,67,8
2019,24,Irele,4,WHO_literature,2019-06-17,41.550000000000004,25.74857142857143,29.47,23.32,91.55285714285715,156,134,48,35,42,0.423,156,67,8
2019,25,Irele,1,WHO_literature,2019-06-24,40.62,25.764285714285712,29.94,23.5,93.63285714285713,156,134,48,35,42,0.423,156,67,8
2019,26,Irele,1,WHO_literature,2019-07-01,310.90999999999997,25.035714285714285,28.93,22.48,92.96714285714286,156,134,48,35,42,0.423,156,67,8
2019,27,Irele,2,WHO_literature,2019-07-08,32.07,25.505714285714284,29.64,23.15,92.71857142857142,156,134,48,35,42,0.423,156,67,8
2019,28,Irele,3,WHO_literature,2019-07-15,85.67,24.557142857142857,29.38,21.75,92.90714285714286,156,134,48,35,42,0.423,156,67,8
2019,29,Irele,4,WHO_literature,2019-07-22,60.43,24.810000000000002,29.18,22.26,92.92999999999999,156,134,48,35,42,0.423,156,67,8
2019,30,Irele,1,WHO_literature,2019-07-29,79.16,24.75857142857143,28.42,22.77,94.24285714285715,156,134,48,35,42,0.423,156,67,8
2019,31,Irele,1,WHO_literature,2019-08-05,55.769999999999996,24.55857142857143,28.61,22.66,93.52285714285713,156,134,48,35,42,0.423,156,67,8
2019,32,Irele,3,WHO_literature,2019-08-12,59.94,24.50857142857143,28.82,22.45,93.44571428571429,156,134,48,35,42,0.423,156,67,8
2019,33,Irele,2,WHO_literature,2019-08-19,32.96,24.957142857142856,28.95,22.48,91.22857142857143,156,134,48,35,42,0.423,156,67,8
2019,34,Irele,3,WHO_literature,2019-08-26,134.70000000000002,24.552857142857142,28.74,22.04,93.89714285714285,156,134,48,35,42,0.423,156,67,8
2019,35,Irele,2,WHO_literature,2019-09-02,122.57,24.825714285714287,28.99,22.42,92.90714285714286,156,134,48,35,42,0.423,156,67,8
2019,36,Irele,1,WHO_literature,2019-09-09,73.28,24.93285714285714,29.37,22.87,94.24142857142859,156,134,48,35,42,0.423,156,67,8
2019,37,Irele,3,WHO_literature,2019-09-16,103.74,24.982857142857142,28.68,22.92,93.41285714285713,156,134,48,35,42,0.423,156,67,8
2019,38,Irele,3,WHO_literature,2019-09-23,131.76,25.14428571428571,29.14,22.57,94.3157142857143,156,134,48,35,42,0.423,156,67,8
2019,39,Irele,2,WHO_literature,2019-09-30,86.14,24.98,28.75,22.25,93.58714285714287,156,134,48,35,42,0.423,156,67,8
2019,40,Irele,2,WHO_literature,2019-10-07,231.82000000000002,24.837142857142855,29.43,22.51,93.07285714285715,156,134,48,35,42,0.423,156,67,8
2019,41,Irele,2,WHO_literature,2019-10-14,92.59,24.892857142857142,28.92,22.24,94.19428571428571,156,134,48,35,42,0.423,156,67,8
2019,42,Irele,2,WHO_literature,2019-10-21,50.83,25.072857142857142,29.63,22.1,92.43285714285715,156,134,48,35,42,0.423,156,67,8
2019,43,Irele,2,WHO_literature,2019-10-28,78.55,25.365714285714287,29.72,22.62,92.97714285714287,156,134,48,35,42,0.423,156,67,8
2019,44,Irele,3,WHO_literature,2019-11-04,72.98,25.30857142857143,29.09,22.34,92.77428571428571,156,134,48,35,42,0.423,156,67,8
2019,45,Irele,3,WHO_literature,2019-11-11,32.32,26.377142857142854,30.63,23.41,91.63285714285713,156,134,48,35,42,0.423,156,67,8
2019,46,Irele,1,WHO_literature,2019-11-18,26.599999999999998,26.244285714285716,30.39,23.53,93.08571428571429,156,134,48,35,42,0.423,156,67,8
2019,47,Irele,0,WHO_literature,2019-11-25,15.85,26.552857142857142,31.23,23.56,91.57857142857142,156,134,48,35,42,0.423,156,67,8
2019,48,Irele,0,WHO_literature,2019-12-02,5.52,26.694285714285716,31.34,22.86,89.58000000000001,156,134,48,35,42,0.423,156,67,8
2019,49,Irele,0,WHO_literature,2019-12-09,15.08,26.428571428571427,30.91,23.16,88.84285714285714,156,134,48,35,42,0.423,156,67,8
2019,50,Irele,0,WHO_literature,2019-12-16,18.68,26.181428571428572,31.36,20.02,81.68142857142857,156,134,48,35,42,0.423,156,67,8
2019,51,Irele,0,WHO_literature,2019-12-23,0.99,25.66142857142857,31.14,19.24,76.70142857142856,156,134,48,35,42,0.423,156,67,8
2019,52,Irele,0,WHO_literature,2019-12-30,0.0,24.11285714285714,30.04,17.0,70.54571428571428,156,134,48,35,42,0.423,156,67,8
2020,1,Irele,0,WHO_literature,2020-01-06,0.0,22.884285714285713,29.59,16.53,73.89714285714285,156,134,48,35,42,0.423,156,67,8
2020,2,Irele,0,WHO_literature,2020-01-13,0.23,24.934285714285714,30.11,18.49,80.47,156,134,48,35,42,0.423,156,67,8
2020,3,Irele,0,WHO_literature,2020-01-20,0.15,25.827142857142857,32.18,18.97,83.31285714285715,156,134,48,35,42,0.423,156,67,8
2020,4,Irele,0,WHO_literature,2020-01-27,0.0,23.148571428571426,30.64,13.24,72.42142857142856,156,134,48,35,42,0.423,156,67,8
2020,5,Irele,0,WHO_literature,2020-02-03,0.0,23.627142857142854,30.38,15.53,69.46285714285715,156,134,48,35,42,0.423,156,67,8
2020,6,Irele,0,WHO_literature,2020-02-10,0.0,25.557142857142857,31.79,17.82,80.88,156,134,48,35,42,0.423,156,67,8
2020,7,Irele,0,WHO_literature,2020-02-17,0.0,24.747142857142855,31.05,17.48,75.46000000000001,156,134,48,35,42,0.423,156,67,8
2020,8,Irele,0,WHO_literature,2020-02-24,0.0,27.32,33.07,23.58,86.99142857142859,156,134,48,35,42,0.423,156,67,8
2020,9,Irele,0,WHO_literature,2020-03-02,0.9400000000000001,27.291428571428572,32.24,24.58,87.02,156,134,48,35,42,0.423,156,67,8
2020,10,Irele,0,WHO_literature,2020-03-09,24.77,27.02285714285714,32.15,22.6,88.86571428571428,156,134,48,35,42,0.423,156,67,8
2020,11,Irele,0,WHO_literature,2020-03-16,65.81,27.045714285714286,31.27,24.06,91.83714285714287,156,134,48,35,42,0.423,156,67,8
2020,12,Irele,0,WHO_literature,2020-03-23,18.56,27.247142857142855,31.32,24.91,90.86142857142856,156,134,48,35,42,0.423,156,67,8
2020,13,Irele,0,WHO_literature,2020-03-30,47.7,26.37857142857143,30.9,23.14,91.73285714285714,156,134,48,35,42,0.423,156,67,8
2020,14,Irele,0,WHO_literature,2020-04-06,20.650000000000002,26.77285714285714,32.3,24.35,92.12571428571428,156,134,48,35,42,0.423,156,67,8
2020,15,Irele,0,WHO_literature,2020-04-13,33.68,26.475714285714282,31.43,22.67,90.45857142857143,156,134,48,35,42,0.423,156,67,8
2020,16,Irele,1,WHO_literature,2020-04-20,1.65,27.61285714285714,31.98,24.58,88.52142857142857,156,134,48,35,42,0.423,156,67,8
2020,17,Irele,0,WHO_literature,2020-04-27,50.68,26.22,30.02,23.76,93.21857142857142,156,134,48,35,42,0.423,156,67,8
2020,18,Irele,0,WHO_literature,2020-05-04,49.29,26.582857142857144,30.77,23.38,92.8,156,134,48,35,42,0.423,156,67,8
2020,19,Irele,0,WHO_literature,2020-05-11,23.310000000000002,26.98428571428571,31.28,24.21,90.71000000000001,156,134,48,35,42,0.423,156,67,8
2020,20,Irele,0,WHO_literature,2020-05-18,27.75,26.232857142857142,29.9,23.2,91.98571428571428,156,134,48,35,42,0.423,156,67,8
2020,21,Irele,0,WHO_literature,2020-05-25,33.53,26.124285714285715,30.44,23.62,93.20428571428572,156,134,48,35,42,0.423,156,67,8
2020,22,Irele,0,WHO_literature,2020-06-01,33.12,25.794285714285714,28.61,23.73,94.68857142857142,156,134,48,35,42,0.423,156,67,8
2020,23,Irele,3,WHO_literature,2020-06-08,65.02,25.67142857142857,29.1,23.08,93.98714285714286,156,134,48,35,42,0.423,156,67,8
2020,24,Irele,0,WHO_literature,2020-06-15,56.4,25.25857142857143,29.22,22.81,93.46000000000001,156,134,48,35,42,0.423,156,67,8
2020,25,Irele,1,WHO_literature,2020-06-22,86.14999999999999,25.419999999999998,29.86,22.46,93.50571428571428,156,134,48,35,42,0.423,156,67,8
2020,26,Irele,1,WHO_literature,2020-06-29,114.59,25.114285714285717,29.77,22.56,93.91142857142857,156,134,48,35,42,0.423,156,67,8
2020,27,Irele,1,WHO_literature,2020-07-06,140.91,24.81,29.06,22.73,93.77142857142857,156,134,48,35,42,0.423,156,67,8
2020,28,Irele,0,WHO_literature,2020-07-13,117.10000000000001,24.41,28.46,22.29,94.8442857142857,156,134,48,35,42,0.423,156,67,8
2020,29,Irele,0,WHO_literature,2020-07-20,56.82,24.107142857142858,27.33,22.13,93.7957142857143,156,134,48,35,42,0.423,156,67,8
2020,30,Irele,1,WHO_literature,2020-07-27,54.97,24.41,28.26,22.32,93.24428571428572,156,134,48,35,42,0.423,156,67,8
2020,31,Irele,0,WHO_literature,2020-08-03,25.369999999999997,24.145714285714288,28.39,21.69,91.07285714285715,156,134,48,35,42,0.423,156,67,8
2020,32,Irele,0,WHO_literature,2020-08-10,3.25,23.45,28.36,19.4,88.47285714285714,156,134,48,35,42,0.423,156,67,8
2020,33,Irele,0,WHO_literature,2020-08-17,3.84,23.954285714285714,29.12,19.38,88.05428571428571,156,134,48,35,42,0.423,156,67,8
2020,34,Irele,0,WHO_literature,2020-08-24,32.150000000000006,24.465714285714284,29.53,21.47,91.0457142857143,156,134,48,35,42,0.423,156,67,8
2020,35,Irele,1,WHO_literature,2020-08-31,22.740000000000002,24.147142857142857,29.17,21.09,90.4057142857143,156,134,48,35,42,0.423,156,67,8
2020,36,Irele,1,WHO_literature,2020-09-07,99.9,24.521428571428572,29.79,22.04,92.21000000000001,156,134,48,35,42,0.423,156,67,8
2020,37,Irele,0,WHO_literature,2020-09-14,163.08999999999997,24.595714285714283,29.89,21.87,92.92999999999999,156,134,48,35,42,0.423,156,67,8
2020,38,Irele,1,WHO_literature,2020-09-21,105.49,24.75857142857143,29.68,22.45,92.9557142857143,156,134,48,35,42,0.423,156,67,8
2020,39,Irele,0,WHO_literature,2020-09-28,96.41,24.62285714285714,29.02,21.89,93.44857142857143,156,134,48,35,42,0.423,156,67,8
2020,40,Irele,1,WHO_literature,2020-10-05,40.41,25.02285714285714,29.32,22.13,92.76714285714286,156,134,48,35,42,0.423,156,67,8
2020,41,Irele,0,WHO_literature,2020-10-12,44.04,24.85571428571429,29.04,21.44,92.28857142857143,156,134,48,35,42,0.423,156,67,8
2020,42,Irele,0,WHO_literature,2020-10-19,53.75,25.28,30.01,22.42,91.55714285714285,156,134,48,35,42,0.423,156,67,8
2020,43,Irele,1,WHO_literature,2020-10-26,24.94,25.91857142857143,30.01,23.0,91.64999999999999,156,134,48,35,42,0.423,156,67,8
2020,44,Irele,1,WHO_literature,2020-11-02,34.5,26.147142857142857,30.88,23.15,91.37428571428572,156,134,48,35,42,0.423,156,67,8
2020,45,Irele,0,WHO_literature,2020-11-09,27.43,26.135714285714283,30.87,22.83,90.6557142857143,156,134,48,35,42,0.423,156,67,8
2020,46,Irele,0,WHO_literature,2020-11-16,31.369999999999997,25.5,29.01,21.98,89.28,156,134,48,35,42,0.423,156,67,8
2020,47,Irele,0,WHO_literature,2020-11-23,11.0,26.23428571428571,30.33,22.84,87.82428571428571,156,134,48,35,42,0.423,156,67,8
2020,48,Irele,0,WHO_literature,2020-11-30,100.57000000000001,26.59714285714286,31.34,23.0,89.34857142857143,156,134,48,35,42,0.423,156,67,8
2020,49,Irele,0,WHO_literature,2020-12-07,11.34,26.648571428571426,31.49,22.86,87.57285714285715,156,134,48,35,42,0.423,156,67,8
2020,50,Irele,0,WHO_literature,2020-12-14,11.07,25.68285714285714,30.68,20.87,91.59285714285714,156,134,48,35,42,0.423,156,67,8
2020,51,Irele,0,WHO_literature,2020-12-21,19.13,26.00142857142857,30.66,23.2,91.52714285714286,156,134,48,35,42,0.423,156,67,8
2020,52,Irele,0,WHO_literature,2020-12-28,3.3699999999999997,25.752857142857145,30.94,20.35,87.91571428571429,156,134,48,35,42,0.423,156,67,8
2021,1,Irele,0,WHO_literature,2021-01-04,33.3,26.419999999999998,31.43,23.79,91.53714285714285,156,134,48,35,42,0.423,156,67,8
2021,2,Irele,2,WHO_literature,2021-01-11,0.93,26.555714285714284,32.27,22.95,85.43571428571428,156,134,48,35,42,0.423,156,67,8
2021,3,Irele,1,WHO_literature,2021-01-18,0.13,25.11285714285714,31.93,18.37,76.52428571428571,156,134,48,35,42,0.423,156,67,8
2021,4,Irele,0,WHO_literature,2021-01-25,5.13,26.02285714285714,31.63,20.74,88.98571428571428,156,134,48,35,42,0.423,156,67,8
2021,5,Irele,0,WHO_literature,2021-02-01,3.02,26.64428571428571,31.55,23.27,87.99285714285715,156,134,48,35,42,0.423,156,67,8
2021,6,Irele,0,WHO_literature,2021-02-08,20.37,27.368571428571425,33.02,24.02,88.04714285714284,156,134,48,35,42,0.423,156,67,8
2021,7,Irele,1,WHO_literature,2021-02-15,3.4899999999999998,24.708571428571428,31.48,17.59,75.96285714285715,156,134,48,35,42,0.423,156,67,8
2021,8,Irele,1,WHO_literature,2021-02-22,4.44,25.988571428571426,30.17,20.38,89.24857142857142,156,134,48,35,42,0.423,156,67,8
2021,9,Irele,1,WHO_literature,2021-03-01,1.73,27.237142857142857,32.4,23.76,88.61142857142856,156,134,48,35,42,0.423,156,67,8
2021,10,Irele,0,WHO_literature,2021-03-08,47.349999999999994,26.304285714285715,30.13,24.19,93.36857142857143,156,134,48,35,42,0.423,156,67,8
2021,11,Irele,0,WHO_literature,2021-03-15,12.98,25.72142857142857,30.07,23.29,91.36142857142856,156,134,48,35,42,0.423,156,67,8
2021,12,Irele,0,WHO_literature,2021-03-22,29.2,26.377142857142854,31.69,23.79,90.33714285714287,156,134,48,35,42,0.423,156,67,8
2021,13,Irele,0,WHO_literature,2021-03-29,1.42,27.181428571428572,31.62,24.11,88.56714285714285,156,134,48,35,42,0.423,156,67,8
2021,14,Irele,1,WHO_literature,2021-04-05,55.629999999999995,26.74285714285714,31.04,24.48,92.94571428571429,156,134,48,35,42,0.423,156,67,8
2021,15,Irele,4,WHO_literature,2021-04-12,125.50999999999999,26.0,29.86,23.67,92.76,156,134,48,35,42,0.423,156,67,8
2021,16,Irele,4,WHO_literature,2021-04-19,49.42,26.23428571428571,29.45,23.52,93.53999999999999,156,134,48,35,42,0.423,156,67,8
2021,17,Irele,1,WHO_literature,2021-04-26,16.46,26.72714285714286,30.74,24.32,92.22857142857143,156,134,48,35,42,0.423,156,67,8
2021,18,Irele,0,WHO_literature,2021-05-03,49.4,25.525714285714287,29.44,22.78,92.31714285714285,156,134,48,35,42,0.423,156,67,8
2021,19,Irele,3,WHO_literature,2021-05-10,19.08,26.082857142857144,30.01,21.67,92.98,156,134,48,35,42,0.423,156,67,8
2021,20,Irele,11,WHO_literature,2021-05-17,36.64,26.12285714285714,29.84,22.86,93.38,156,134,48,35,42,0.423,156,67,8
2021,21,Irele,3,WHO_literature,2021-05-24,42.54,26.425714285714285,30.21,24.21,94.58285714285715,156,134,48,35,42,0.423,156,67,8
2021,22,Irele,8,WHO_literature,2021-05-31,79.19,26.011428571428574,29.77,23.22,92.8442857142857,156,134,48,35,42,0.423,156,67,8
2021,23,Irele,3,WHO_literature,2021-06-07,25.86,25.84857142857143,30.02,23.22,91.61571428571428,156,134,48,35,42,0.423,156,67,8
2021,24,Irele,5,WHO_literature,2021-06-14,115.04,25.377142857142854,29.25,23.26,95.03285714285714,156,134,48,35,42,0.423,156,67,8
2021,25,Irele,7,WHO_literature,2021-06-21,57.379999999999995,24.997142857142858,29.03,22.88,93.30142857142857,156,134,48,35,42,0.423,156,67,8
2021,26,Irele,11,WHO_literature,2021-06-28,67.26,24.802857142857142,29.28,22.0,93.16,156,134,48,35,42,0.423,156,67,8
2021,27,Irele,10,WHO_literature,2021-07-05,48.24,24.782857142857143,28.83,22.29,92.80285714285715,156,134,48,35,42,0.423,156,67,8
2021,28,Irele,7,WHO_literature,2021-07-12,142.6,24.904285714285713,28.48,22.6,92.28714285714285,156,134,48,35,42,0.423,156,67,8
2021,29,Irele,8,WHO_literature,2021-07-19,27.86,24.69,28.68,21.57,90.32857142857142,156,134,48,35,42,0.423,156,67,8
2021,30,Irele,10,WHO_literature,2021-07-26,28.119999999999997,24.412857142857142,28.78,21.63,90.86857142857141,156,134,48,35,42,0.423,156,67,8
2021,31,Irele,9,WHO_literature,2021-08-02,84.13,24.594285714285714,28.23,22.4,94.27,156,134,48,35,42,0.423,156,67,8
2021,32,Irele,10,WHO_literature,2021-08-09,129.17,24.610000000000003,28.61,22.3,92.96285714285715,156,134,48,35,42,0.423,156,67,8
2021,33,Irele,18,WHO_literature,2021-08-16,118.94,24.385714285714283,28.11,22.49,94.05,156,134,48,35,42,0.423,156,67,8
2021,34,Irele,7,WHO_literature,2021-08-23,67.62,25.22,29.03,22.8,92.92142857142858,156,134,48,35,42,0.423,156,67,8
2021,35,Irele,13,WHO_literature,2021-08-30,181.61,25.00142857142857,28.81,22.44,93.03714285714285,156,134,48,35,42,0.423,156,67,8
2021,36,Irele,10,WHO_literature,2021-09-06,48.11,25.16857142857143,28.92,22.8,93.74571428571429,156,134,48,35,42,0.423,156,67,8
2021,37,Irele,12,WHO_literature,2021-09-13,46.22,25.102857142857143,28.97,22.2,92.24285714285715,156,134,48,35,42,0.423,156,67,8
2021,38,Irele,12,WHO_literature,2021-09-20,103.44,24.885714285714283,28.96,21.52,92.5942857142857,156,134,48,35,42,0.423,156,67,8
2021,39,Irele,7,WHO_literature,2021-09-27,42.2,25.298571428571428,29.38,22.62,92.69428571428571,156,134,48,35,42,0.423,156,67,8
2021,40,Irele,4,WHO_literature,2021-10-04,53.58,25.919999999999998,30.58,23.42,93.24714285714286,156,134,48,35,42,0.423,156,67,8
2021,41,Irele,6,WHO_literature,2021-10-11,46.63,25.701428571428572,29.56,23.29,93.28285714285714,156,134,48,35,42,0.423,156,67,8
2021,42,Irele,10,WHO_literature,2021-10-18,35.35,25.72714285714286,30.36,23.01,91.27,156,134,48,35,42,0.423,156,67,8
2021,43,Irele,8,WHO_literature,2021-10-25,68.18,25.849999999999998,29.93,23.44,93.21285714285715,156,134,48,35,42,0.423,156,67,8
2021,44,Irele,10,WHO_literature,2021-11-01,72.53,25.875714285714285,29.39,23.3,93.25428571428571,156,134,48,35,42,0.423,156,67,8
2021,45,Irele,1,WHO_literature,2021-11-08,130.29,25.995714285714286,29.93,23.64,93.86857142857143,156,134,48,35,42,0.423,156,67,8
2021,46,Irele,1,WHO_literature,2021-11-15,33.910000000000004,26.377142857142854,29.79,23.7,92.12,156,134,48,35,42,0.423,156,67,8
2021,47,Irele,0,NCDC_real,2021-11-22,40.81,26.268571428571427,30.63,23.7,92.35714285714286,156,134,48,35,42,0.423,156,67,8
2021,48,Irele,4,WHO_literature,2021-11-29,7.63,26.50857142857143,31.18,23.48,89.76428571428572,156,134,48,35,42,0.423,156,67,8
2021,49,Irele,0,WHO_literature,2021-12-06,1.4300000000000002,26.064285714285713,30.99,20.72,87.51428571428572,156,134,48,35,42,0.423,156,67,8
2021,50,Irele,0,NCDC_real,2021-12-13,6.35,25.08142857142857,31.46,17.83,85.71857142857142,156,134,48,35,42,0.423,156,67,8
2021,51,Irele,0,WHO_literature,2021-12-20,3.0899999999999994,24.198571428571427,31.2,17.82,84.04285714285713,156,134,48,35,42,0.423,156,67,8
2021,52,Irele,1,WHO_literature,2021-12-27,11.649999999999999,25.40285714285714,30.54,19.63,85.81428571428572,156,134,48,35,42,0.423,156,67,8
2022,1,Irele,2,WHO_literature,2022-01-03,17.450000000000003,24.662857142857142,30.93,18.41,83.91714285714285,156,134,48,35,42,0.423,156,67,8
2022,2,Irele,1,WHO_literature,2022-01-10,16.43,26.05857142857143,31.43,22.91,89.84714285714286,156,134,48,35,42,0.423,156,67,8
2022,3,Irele,0,WHO_literature,2022-01-17,11.110000000000001,23.115714285714287,31.04,16.44,77.98857142857142,156,134,48,35,42,0.423,156,67,8
2022,4,Irele,1,WHO_literature,2022-01-24,2.36,22.594285714285714,29.47,15.33,75.08714285714287,156,134,48,35,42,0.423,156,67,8
2022,5,Irele,0,WHO_literature,2022-01-31,0.0,22.442857142857143,29.09,14.28,71.39142857142858,156,134,48,35,42,0.423,156,67,8
2022,6,Irele,0,WHO_literature,2022-02-07,1.76,25.771428571428572,32.01,17.73,82.48714285714286,156,134,48,35,42,0.423,156,67,8
2022,7,Irele,1,WHO_literature,2022-02-14,0.56,26.995714285714286,32.59,23.6,87.50285714285714,156,134,48,35,42,0.423,156,67,8
2022,8,Irele,0,WHO_literature,2022-02-21,1.3,27.29714285714286,32.29,23.63,87.41,156,134,48,35,42,0.423,156,67,8
2022,9,Irele,0,WHO_literature,2022-02-28,31.93,26.50857142857143,31.64,24.09,91.38285714285715,156,134,48,35,42,0.423,156,67,8
2022,10,Irele,0,WHO_literature,2022-03-07,27.15,26.65857142857143,30.45,23.98,91.23857142857142,156,134,48,35,42,0.423,156,67,8
2022,11,Irele,0,WHO_literature,2022-03-14,7.83,27.04,31.85,24.23,91.17714285714285,156,134,48,35,42,0.423,156,67,8
2022,12,Irele,0,WHO_literature,2022-03-21,6.67,27.14428571428571,32.78,24.71,90.75285714285714,156,134,48,35,42,0.423,156,67,8
2022,13,Irele,0,WHO_literature,2022-03-28,13.48,27.09142857142857,32.14,23.87,90.02285714285713,156,134,48,35,42,0.423,156,67,8
2022,14,Irele,2,WHO_literature,2022-04-04,38.25,26.43285714285714,30.94,22.9,92.22,156,134,48,35,42,0.423,156,67,8
2022,15,Irele,2,WHO_literature,2022-04-11,22.08,26.141428571428573,30.4,23.28,91.02142857142857,156,134,48,35,42,0.423,156,67,8
2022,16,Irele,3,WHO_literature,2022-04-18,43.760000000000005,26.18,30.52,23.59,91.27285714285713,156,134,48,35,42,0.423,156,67,8
2022,17,Irele,0,WHO_literature,2022-04-25,101.02,25.860000000000003,29.18,23.08,93.49571428571429,156,134,48,35,42,0.423,156,67,8
2022,18,Irele,0,WHO_literature,2022-05-02,29.349999999999998,26.172857142857143,30.04,23.62,92.58000000000001,156,134,48,35,42,0.423,156,67,8
2022,19,Irele,6,WHO_literature,2022-05-09,23.69,26.497142857142855,30.26,24.16,92.46285714285715,156,134,48,35,42,0.423,156,67,8
2022,20,Irele,1,WHO_literature,2022-05-16,59.65,25.965714285714284,29.77,23.64,94.50142857142858,156,134,48,35,42,0.423,156,67,8
2022,21,Irele,5,WHO_literature,2022-05-23,37.86,25.314285714285713,29.42,22.23,92.11428571428571,156,134,48,35,42,0.423,156,67,8
2022,22,Irele,1,WHO_literature,2022-05-30,74.37,25.885714285714283,29.65,23.15,93.54571428571428,156,134,48,35,42,0.423,156,67,8
2022,23,Irele,5,WHO_literature,2022-06-06,179.86,25.124285714285715,28.1,22.64,95.12857142857142,156,134,48,35,42,0.423,156,67,8
2022,24,Irele,5,WHO_literature,2022-06-13,40.43,25.042857142857144,29.01,22.27,93.96285714285715,156,134,48,35,42,0.423,156,67,8
2022,25,Irele,6,WHO_literature,2022-06-20,46.08,24.72714285714286,27.58,22.62,95.06714285714285,156,134,48,35,42,0.423,156,67,8
2022,26,Irele,8,WHO_literature,2022-06-27,69.97,24.948571428571427,29.13,22.29,92.47714285714287,156,134,48,35,42,0.423,156,67,8
2022,27,Irele,5,WHO_literature,2022-07-04,102.13,24.962857142857143,29.58,22.87,94.1842857142857,156,134,48,35,42,0.423,156,67,8
2022,28,Irele,3,WHO_literature,2022-07-11,19.37,24.944285714285716,29.14,22.63,90.76142857142858,156,134,48,35,42,0.423,156,67,8
2022,29,Irele,11,WHO_literature,2022-07-18,75.56,24.464285714285715,28.99,21.5,90.75,156,134,48,35,42,0.423,156,67,8
2022,30,Irele,10,WHO_literature,2022-07-25,60.97,24.381428571428568,28.1,22.34,93.66285714285713,156,134,48,35,42,0.423,156,67,8
2022,31,Irele,7,WHO_literature,2022-08-01,6.8100000000000005,24.375714285714285,28.94,21.19,88.63428571428572,156,134,48,35,42,0.423,156,67,8
2022,32,Irele,9,WHO_literature,2022-08-08,61.85,24.315714285714282,28.59,22.07,93.01285714285714,156,134,48,35,42,0.423,156,67,8
2022,33,Irele,3,WHO_literature,2022-08-15,34.019999999999996,24.388571428571428,29.19,21.12,91.08857142857143,156,134,48,35,42,0.423,156,67,8
2022,34,Irele,13,WHO_literature,2022-08-22,77.23,24.282857142857143,28.57,21.67,92.69428571428571,156,134,48,35,42,0.423,156,67,8
2022,35,Irele,11,WHO_literature,2022-08-29,39.64,24.764285714285712,29.19,21.89,91.67285714285715,156,134,48,35,42,0.423,156,67,8
2022,36,Irele,7,WHO_literature,2022-09-05,38.74,24.795714285714286,29.29,22.34,91.82857142857142,156,134,48,35,42,0.423,156,67,8
2022,37,Irele,10,WHO_literature,2022-09-12,62.78,24.762857142857143,29.97,22.4,93.40142857142857,156,134,48,35,42,0.423,156,67,8
2022,38,Irele,5,WHO_literature,2022-09-19,110.94,24.802857142857142,28.78,22.58,93.23,156,134,48,35,42,0.423,156,67,8
2022,39,Irele,5,WHO_literature,2022-09-26,67.91,24.349999999999998,28.7,22.14,93.18571428571428,156,134,48,35,42,0.423,156,67,8
2022,40,Irele,5,WHO_literature,2022-10-03,48.08,25.19142857142857,29.37,22.0,91.83285714285715,156,134,48,35,42,0.423,156,67,8
2022,41,Irele,8,WHO_literature,2022-10-10,51.230000000000004,25.40142857142857,29.14,22.74,92.58571428571429,156,134,48,35,42,0.423,156,67,8
2022,42,Irele,7,WHO_literature,2022-10-17,64.03,26.05857142857143,30.58,23.1,92.29285714285713,156,134,48,35,42,0.423,156,67,8
2022,43,Irele,9,WHO_literature,2022-10-24,13.799999999999999,26.217142857142857,31.05,23.76,90.66285714285713,156,134,48,35,42,0.423,156,67,8
2022,44,Irele,1,WHO_literature,2022-10-31,40.02,26.09857142857143,30.36,22.42,91.48142857142857,156,134,48,35,42,0.423,156,67,8
2022,45,Irele,0,WHO_literature,2022-11-07,9.89,26.47,30.95,23.52,89.68285714285715,156,134,48,35,42,0.423,156,67,8
2022,46,Irele,1,WHO_literature,2022-11-14,4.22,26.08857142857143,30.62,23.14,88.91,156,134,48,35,42,0.423,156,67,8
2022,47,Irele,2,WHO_literature,2022-11-21,4.77,25.93857142857143,30.69,21.19,87.08142857142856,156,134,48,35,42,0.423,156,67,8
2022,48,Irele,2,WHO_literature,2022-11-28,16.16,26.002857142857145,30.21,22.96,89.95142857142856,156,134,48,35,42,0.423,156,67,8
2022,49,Irele,0,WHO_literature,2022-12-05,0.24,25.139999999999997,29.77,18.52,84.02857142857144,156,134,48,35,42,0.423,156,67,8
2022,50,Irele,0,WHO_literature,2022-12-12,26.34,25.51571428571429,30.45,21.53,91.75714285714285,156,134,48,35,42,0.423,156,67,8
2022,51,Irele,0,WHO_literature,2022-12-19,0.0,22.86285714285714,28.97,15.66,76.99285714285715,156,134,48,35,42,0.423,156,67,8
2022,52,Irele,0,WHO_literature,2022-12-26,0.0,22.31142857142857,28.76,15.45,74.55285714285715,156,134,48,35,42,0.423,156,67,8
2023,1,Irele,0,WHO_literature,2023-01-02,0.5,24.305714285714284,30.23,17.25,75.88571428571429,156,134,48,35,42,0.423,156,67,8
2023,2,Irele,0,WHO_literature,2023-01-09,0.0,23.215714285714284,29.42,15.27,70.41857142857143,156,134,48,35,42,0.423,156,67,8
2023,3,Irele,0,WHO_literature,2023-01-16,1.83,25.33285714285714,31.47,17.97,81.56857142857143,156,134,48,35,42,0.423,156,67,8
2023,4,Irele,0,WHO_literature,2023-01-23,5.76,26.127142857142854,31.19,23.14,90.69714285714285,156,134,48,35,42,0.423,156,67,8
2023,5,Irele,0,WHO_literature,2023-01-30,2.66,26.381428571428575,31.94,23.16,89.80571428571429,156,134,48,35,42,0.423,156,67,8
2023,6,Irele,0,WHO_literature,2023-02-06,1.9700000000000002,27.16,33.44,23.14,84.47571428571429,156,134,48,35,42,0.423,156,67,8
2023,7,Irele,0,WHO_literature,2023-02-13,0.0,23.74142857142857,30.23,17.02,73.27428571428571,156,134,48,35,42,0.423,156,67,8
2023,8,Irele,0,WHO_literature,2023-02-20,28.48,25.93,31.09,18.71,86.62142857142858,156,134,48,35,42,0.423,156,67,8
2023,9,Irele,0,WHO_literature,2023-02-27,21.32,26.41142857142857,29.85,23.72,92.27857142857144,156,134,48,35,42,0.423,156,67,8
2023,10,Irele,0,WHO_literature,2023-03-06,31.99,26.59857142857143,31.05,24.1,90.74428571428572,156,134,48,35,42,0.423,156,67,8
2023,11,Irele,0,WHO_literature,2023-03-13,44.2,25.837142857142858,30.38,23.38,91.40142857142857,156,134,48,35,42,0.423,156,67,8
2023,12,Irele,0,WHO_literature,2023-03-20,38.32,26.08142857142857,31.48,22.96,88.71571428571428,156,134,48,35,42,0.423,156,67,8
2023,13,Irele,1,WHO_literature,2023-03-27,12.75,26.611428571428572,31.25,23.7,89.51571428571428,156,134,48,35,42,0.423,156,67,8
2023,14,Irele,2,WHO_literature,2023-04-03,40.8,26.53,30.46,23.79,91.63714285714286,156,134,48,35,42,0.423,156,67,8
2023,15,Irele,1,WHO_literature,2023-04-10,25.029999999999998,26.631428571428575,30.28,24.0,92.75428571428571,156,134,48,35,42,0.423,156,67,8
2023,16,Irele,0,WHO_literature,2023-04-17,25.700000000000003,26.777142857142856,31.16,24.2,91.84,156,134,48,35,42,0.423,156,67,8
2023,17,Irele,0,WHO_literature,2023-04-24,69.89,25.972857142857144,30.21,23.61,92.4542857142857,156,134,48,35,42,0.423,156,67,8
2023,18,Irele,3,WHO_literature,2023-05-01,12.42,26.117142857142856,30.1,22.91,91.30714285714285,156,134,48,35,42,0.423,156,67,8
2023,19,Irele,0,WHO_literature,2023-05-08,28.26,26.701428571428572,30.48,24.31,93.02571428571427,156,134,48,35,42,0.423,156,67,8
2023,20,Irele,3,WHO_literature,2023-05-15,32.14,26.75,30.14,24.0,93.3,156,134,48,35,42,0.423,156,67,8
2023,21,Irele,1,WHO_literature,2023-05-22,26.55,26.585714285714285,29.92,23.87,93.5942857142857,156,134,48,35,42,0.423,156,67,8
2023,22,Irele,1,WHO_literature,2023-05-29,34.06,26.451428571428572,30.5,23.69,92.94428571428571,156,134,48,35,42,0.423,156,67,8
2023,23,Irele,2,WHO_literature,2023-06-05,179.69,25.534285714285716,29.39,23.43,94.24714285714286,156,134,48,35,42,0.423,156,67,8
2023,24,Irele,3,WHO_literature,2023-06-12,75.18,25.564285714285713,29.43,23.03,93.01714285714286,156,134,48,35,42,0.423,156,67,8
2023,25,Irele,5,WHO_literature,2023-06-19,64.11,25.33857142857143,28.37,22.7,92.63,156,134,48,35,42,0.423,156,67,8
2023,26,Irele,1,WHO_literature,2023-06-26,54.62,25.027142857142856,29.21,23.05,93.64999999999999,156,134,48,35,42,0.423,156,67,8
2023,27,Irele,1,WHO_literature,2023-07-03,65.03,25.349999999999998,29.81,22.77,93.67142857142858,156,134,48,35,42,0.423,156,67,8
2023,28,Irele,4,WHO_literature,2023-07-10,16.35,25.9,30.5,22.98,91.37714285714286,156,134,48,35,42,0.423,156,67,8
2023,29,Irele,3,WHO_literature,2023-07-17,58.7,25.514285714285712,28.87,23.37,93.77285714285713,156,134,48,35,42,0.423,156,67,8
2023,30,Irele,4,WHO_literature,2023-07-24,79.86,25.268571428571427,29.76,22.88,92.95142857142856,156,134,48,35,42,0.423,156,67,8
2023,31,Irele,2,WHO_literature,2023-07-31,22.759999999999998,25.231428571428573,29.84,22.71,91.17142857142858,156,134,48,35,42,0.423,156,67,8
2023,32,Irele,1,WHO_literature,2023-08-07,22.990000000000002,25.22714285714286,29.71,23.02,91.29857142857144,156,134,48,35,42,0.423,156,67,8
2023,33,Irele,5,WHO_literature,2023-08-14,21.84,25.434285714285714,30.41,22.89,91.72714285714287,156,134,48,35,42,0.423,156,67,8
2023,34,Irele,2,WHO_literature,2023-08-21,27.270000000000003,25.52,29.9,23.39,92.45142857142856,156,134,48,35,42,0.423,156,67,8
2023,35,Irele,5,WHO_literature,2023-08-28,85.31,25.024285714285718,28.96,22.64,93.37285714285714,156,134,48,35,42,0.423,156,67,8
2023,36,Irele,5,WHO_literature,2023-09-04,88.39,25.34,30.08,22.55,93.36428571428571,156,134,48,35,42,0.423,156,67,8
2023,37,Irele,3,WHO_literature,2023-09-11,111.09,25.365714285714287,29.09,23.55,94.4557142857143,156,134,48,35,42,0.423,156,67,8
2023,38,Irele,2,WHO_literature,2023-09-18,66.49,25.640000000000004,30.36,23.45,93.02142857142857,156,134,48,35,42,0.423,156,67,8
2023,39,Irele,3,WHO_literature,2023-09-25,64.73,26.28857142857143,30.82,23.6,92.12142857142858,156,134,48,35,42,0.423,156,67,8
2023,40,Irele,5,WHO_literature,2023-10-02,103.58,26.12714285714286,29.81,23.84,93.07857142857142,156,134,48,35,42,0.423,156,67,8
2023,41,Irele,4,WHO_literature,2023-10-09,56.51,26.025714285714287,30.35,23.89,93.80571428571429,156,134,48,35,42,0.423,156,67,8
2023,42,Irele,6,WHO_literature,2023-10-16,35.07,25.96857142857143,30.36,22.78,93.31428571428572,156,134,48,35,42,0.423,156,67,8
2023,43,Irele,1,WHO_literature,2023-10-23,10.58,26.277142857142856,30.8,23.64,91.55571428571429,156,134,48,35,42,0.423,156,67,8
2023,44,Irele,0,WHO_literature,2023-10-30,72.37,26.101428571428574,29.51,23.9,93.60714285714286,156,134,48,35,42,0.423,156,67,8
2023,45,Irele,0,WHO_literature,2023-11-06,27.41,26.454285714285714,30.36,24.3,92.74428571428572,156,134,48,35,42,0.423,156,67,8
2023,46,Irele,1,WHO_literature,2023-11-13,12.68,26.57428571428571,30.52,22.7,91.25428571428571,156,134,48,35,42,0.423,156,67,8
2023,47,Irele,1,WHO_literature,2023-11-20,31.36,26.335714285714285,30.92,23.64,92.36285714285714,156,134,48,35,42,0.423,156,67,8
2023,48,Irele,0,WHO_literature,2023-11-27,9.42,26.73,31.37,22.93,90.17999999999999,156,134,48,35,42,0.423,156,67,8
2023,49,Irele,0,WHO_literature,2023-12-04,1.0,26.804285714285715,31.78,23.73,89.20571428571428,156,134,48,35,42,0.423,156,67,8
2023,50,Irele,0,WHO_literature,2023-12-11,0.0,24.851428571428574,31.21,17.58,76.20714285714287,156,134,48,35,42,0.423,156,67,8
2023,51,Irele,0,WHO_literature,2023-12-18,0.01,25.60571428571429,30.96,19.24,80.43714285714285,156,134,48,35,42,0.423,156,67,8
2023,52,Irele,0,WHO_literature,2023-12-25,0.01,25.65142857142857,31.18,18.55,77.05,156,134,48,35,42,0.423,156,67,8
2024,1,Irele,0,WHO_literature,2024-01-01,1.95,27.285714285714285,32.31,22.73,86.87,156,134,48,35,42,0.423,156,67,8
2024,2,Irele,0,WHO_literature,2024-01-08,3.58,27.267142857142858,32.7,22.57,83.60142857142857,156,134,48,35,42,0.423,156,67,8
2024,3,Irele,0,WHO_literature,2024-01-15,0.02,24.201428571428572,31.35,15.72,69.27571428571429,156,134,48,35,42,0.423,156,67,8
2024,4,Irele,0,WHO_literature,2024-01-22,8.9,24.731428571428573,32.29,16.56,76.75857142857141,156,134,48,35,42,0.423,156,67,8
2024,5,Irele,0,WHO_literature,2024-01-29,0.0,25.217142857142857,31.23,17.96,77.11142857142856,156,134,48,35,42,0.423,156,67,8
2024,6,Irele,1,WHO_literature,2024-02-05,0.04,24.747142857142855,32.49,17.53,74.53857142857143,156,134,48,35,42,0.423,156,67,8
2024,7,Irele,0,WHO_literature,2024-02-12,0.93,27.795714285714286,33.02,24.04,86.88714285714286,156,134,48,35,42,0.423,156,67,8
2024,8,Irele,0,WHO_literature,2024-02-19,35.31,27.475714285714286,32.97,22.83,86.27571428571427,156,134,48,35,42,0.423,156,67,8
2024,9,Irele,0,WHO_literature,2024-02-26,1.54,27.571428571428573,33.2,24.13,88.58,156,134,48,35,42,0.423,156,67,8
2024,10,Irele,0,WHO_literature,2024-03-04,11.09,27.351428571428574,31.5,24.79,90.53,156,134,48,35,42,0.423,156,67,8
2024,11,Irele,0,WHO_literature,2024-03-11,6.03,27.912857142857142,33.72,24.99,88.72428571428573,156,134,48,35,42,0.423,156,67,8
2024,12,Irele,1,WHO_literature,2024-03-18,6.28,27.647142857142857,32.27,25.25,90.53142857142858,156,134,48,35,42,0.423,156,67,8
2024,13,Irele,0,WHO_literature,2024-03-25,6.15,27.7,31.73,25.36,91.03428571428572,156,134,48,35,42,0.423,156,67,8
2024,14,Irele,0,WHO_literature,2024-04-01,17.54,27.497142857142855,31.07,25.27,91.64999999999999,156,134,48,35,42,0.423,156,67,8
2024,15,Irele,0,WHO_literature,2024-04-08,32.32,27.138571428571428,30.44,24.65,92.48571428571428,156,134,48,35,42,0.423,156,67,8
2024,16,Irele,0,WHO_literature,2024-04-15,8.2,27.574285714285715,31.18,25.42,91.92571428571429,156,134,48,35,42,0.423,156,67,8
2024,17,Irele,1,WHO_literature,2024-04-22,48.76,27.404285714285713,30.73,25.28,93.32714285714285,156,134,48,35,42,0.423,156,67,8
2024,18,Irele,0,WHO_literature,2024-04-29,75.24000000000001,27.11285714285714,30.41,24.49,94.08714285714287,156,134,48,35,42,0.423,156,67,8
2024,19,Irele,3,WHO_literature,2024-05-06,9.9,27.32857142857143,30.41,25.01,91.96714285714286,156,134,48,35,42,0.423,156,67,8
2024,20,Irele,1,WHO_literature,2024-05-13,44.4,27.192857142857143,31.18,24.29,92.48285714285714,156,134,48,35,42,0.423,156,67,8
2024,21,Irele,1,WHO_literature,2024-05-20,94.39,26.860000000000003,30.95,23.76,92.72714285714287,156,134,48,35,42,0.423,156,67,8
2024,22,Irele,1,WHO_literature,2024-05-27,37.46,26.657142857142855,30.04,24.27,93.64714285714285,156,134,48,35,42,0.423,156,67,8
2024,23,Irele,3,WHO_literature,2024-06-03,48.62,26.351428571428574,29.75,24.09,93.54571428571428,156,134,48,35,42,0.423,156,67,8
2024,24,Irele,4,WHO_literature,2024-06-10,56.43,26.164285714285715,30.18,23.51,92.70714285714287,156,134,48,35,42,0.423,156,67,8
2024,25,Irele,1,WHO_literature,2024-06-17,40.89,26.102857142857143,30.22,23.33,93.25714285714285,156,134,48,35,42,0.423,156,67,8
2024,26,Irele,1,WHO_literature,2024-06-24,79.17,25.698571428571427,29.17,22.82,92.7957142857143,156,134,48,35,42,0.423,156,67,8
2024,27,Irele,2,WHO_literature,2024-07-01,93.73,25.535714285714285,29.61,23.15,92.03571428571429,156,134,48,35,42,0.423,156,67,8
2024,28,Irele,2,WHO_literature,2024-07-08,46.57,25.40857142857143,29.25,22.66,91.53142857142858,156,134,48,35,42,0.423,156,67,8
2024,29,Irele,2,WHO_literature,2024-07-15,63.95,25.22714285714286,29.32,23.44,92.90285714285714,156,134,48,35,42,0.423,156,67,8
2024,30,Irele,1,WHO_literature,2024-07-22,15.010000000000002,25.264285714285712,29.45,22.81,90.64428571428572,156,134,48,35,42,0.423,156,67,8
2024,31,Irele,1,WHO_literature,2024-07-29,21.81,25.16142857142857,29.51,22.56,90.21714285714286,156,134,48,35,42,0.423,156,67,8
2024,32,Irele,3,WHO_literature,2024-08-05,2.52,25.075714285714287,29.6,22.39,88.60000000000001,156,134,48,35,42,0.423,156,67,8
2024,33,Irele,6,WHO_literature,2024-08-12,5.99,25.125714285714285,29.24,22.6,89.49714285714286,156,134,48,35,42,0.423,156,67,8
2024,34,Irele,2,WHO_literature,2024-08-19,66.89,25.045714285714286,29.49,23.03,93.04285714285713,156,134,48,35,42,0.423,156,67,8
2024,35,Irele,5,WHO_literature,2024-08-26,39.56,25.277142857142856,29.52,22.84,91.23142857142857,156,134,48,35,42,0.423,156,67,8
2024,36,Irele,2,WHO_literature,2024-09-02,40.77,25.24285714285714,30.13,22.41,90.61571428571428,156,134,48,35,42,0.423,156,67,8
2024,37,Irele,2,WHO_literature,2024-09-09,83.28,25.240000000000002,29.58,23.12,93.57857142857142,156,134,48,35,42,0.423,156,67,8
2024,38,Irele,2,WHO_literature,2024-09-16,41.12,25.55,29.66,23.14,92.67285714285715,156,134,48,35,42,0.423,156,67,8
2024,39,Irele,5,WHO_literature,2024-09-23,31.47,25.454285714285714,29.69,22.54,91.20428571428572,156,134,48,35,42,0.423,156,67,8
2024,40,Irele,4,WHO_literature,2024-09-30,66.64,25.38,29.92,23.05,93.41571428571429,156,134,48,35,42,0.423,156,67,8
2024,41,Irele,4,WHO_literature,2024-10-07,47.6,25.694285714285716,30.27,23.14,91.82285714285715,156,134,48,35,42,0.423,156,67,8
2024,42,Irele,1,WHO_literature,2024-10-14,56.910000000000004,25.494285714285716,30.25,22.59,92.21285714285715,156,134,48,35,42,0.423,156,67,8
2024,43,Irele,0,WHO_literature,2024-10-21,58.55,26.055714285714284,30.57,23.54,93.26714285714286,156,134,48,35,42,0.423,156,67,8
2024,44,Irele,1,WHO_literature,2024-10-28,56.85,26.81,31.18,23.89,91.23142857142857,156,134,48,35,42,0.423,156,67,8
2024,45,Irele,1,WHO_literature,2024-11-04,17.45,26.377142857142854,30.89,23.53,90.16571428571429,156,134,48,35,42,0.423,156,67,8
2024,46,Irele,0,WHO_literature,2024-11-11,3.52,26.715714285714284,31.11,22.5,86.79142857142857,156,134,48,35,42,0.423,156,67,8
2024,47,Irele,0,WHO_literature,2024-11-18,4.45,26.18857142857143,30.88,21.64,84.90142857142857,156,134,48,35,42,0.423,156,67,8
2024,48,Irele,0,WHO_literature,2024-11-25,2.0300000000000002,24.85,30.14,18.29,80.03571428571429,156,134,48,35,42,0.423,156,67,8
2024,49,Irele,0,WHO_literature,2024-12-02,0.03,25.41142857142857,31.04,20.14,83.36428571428571,156,134,48,35,42,0.423,156,67,8
2024,50,Irele,0,WHO_literature,2024-12-09,0.17,24.768571428571427,31.15,18.45,81.11285714285714,156,134,48,35,42,0.423,156,67,8
2024,51,Irele,0,WHO_literature,2024-12-16,0.01,23.928571428571427,30.11,16.69,73.02285714285713,156,134,48,35,42,0.423,156,67,8
2024,52,Irele,0,WHO_literature,2024-12-23,0.0,24.93285714285714,31.0,19.31,82.99000000000001,156,134,48,35,42,0.423,156,67,8
2018,1,Odigbo,0,WHO_literature,2018-01-01,0.0,21.178571428571427,28.07,13.95,64.42,203,267,52,39,38,0.356,134,78,4
2018,2,Odigbo,0,WHO_literature,2018-01-08,0.36000000000000004,23.91857142857143,30.65,17.02,79.42714285714285,203,267,52,39,38,0.356,134,78,4
2018,3,Odigbo,0,WHO_literature,2018-01-15,0.0,24.478571428571428,31.04,18.04,76.7757142857143,203,267,52,39,38,0.356,134,78,4
2018,4,Odigbo,0,WHO_literature,2018-01-22,0.0,23.22142857142857,30.69,16.16,67.51,203,267,52,39,38,0.356,134,78,4
2018,5,Odigbo,0,WHO_literature,2018-01-29,0.5,24.49142857142857,32.81,16.44,73.15857142857143,203,267,52,39,38,0.356,134,78,4
2018,6,Odigbo,0,WHO_literature,2018-02-05,29.33,26.532857142857143,32.82,22.12,87.82857142857142,203,267,52,39,38,0.356,134,78,4
2018,7,Odigbo,1,WHO_literature,2018-02-12,15.35,26.45,32.84,22.56,85.30571428571429,203,267,52,39,38,0.356,134,78,4
2018,8,Odigbo,0,WHO_literature,2018-02-19,28.94,25.324285714285715,30.9,21.56,89.32857142857142,203,267,52,39,38,0.356,134,78,4
2018,9,Odigbo,0,WHO_literature,2018-02-26,7.66,25.75142857142857,32.18,22.45,88.41142857142857,203,267,52,39,38,0.356,134,78,4
2018,10,Odigbo,0,WHO_literature,2018-03-05,12.55,25.984285714285715,31.73,22.36,87.94857142857143,203,267,52,39,38,0.356,134,78,4
2018,11,Odigbo,0,WHO_literature,2018-03-12,28.3,26.00142857142857,30.96,22.63,89.96428571428571,203,267,52,39,38,0.356,134,78,4
2018,12,Odigbo,0,WHO_literature,2018-03-19,20.48,25.607142857142858,31.43,21.68,89.26571428571428,203,267,52,39,38,0.356,134,78,4
2018,13,Odigbo,0,WHO_literature,2018-03-26,5.97,26.13714285714286,30.77,23.26,89.90428571428572,203,267,52,39,38,0.356,134,78,4
2018,14,Odigbo,2,WHO_literature,2018-04-02,11.23,25.852857142857143,30.74,22.53,90.59,203,267,52,39,38,0.356,134,78,4
2018,15,Odigbo,0,WHO_literature,2018-04-09,13.85,25.832857142857144,30.96,22.59,88.76571428571428,203,267,52,39,38,0.356,134,78,4
2018,16,Odigbo,0,WHO_literature,2018-04-16,23.36,25.93857142857143,30.5,23.13,90.39142857142858,203,267,52,39,38,0.356,134,78,4
2018,17,Odigbo,2,WHO_literature,2018-04-23,18.71,25.632857142857144,29.53,22.6,91.42571428571429,203,267,52,39,38,0.356,134,78,4
2018,18,Odigbo,1,WHO_literature,2018-04-30,21.19,26.09714285714286,30.14,22.85,89.99714285714286,203,267,52,39,38,0.356,134,78,4
2018,19,Odigbo,3,WHO_literature,2018-05-07,53.39,24.972857142857144,29.0,22.19,91.93142857142857,203,267,52,39,38,0.356,134,78,4
2018,20,Odigbo,0,WHO_literature,2018-05-14,28.33,25.514285714285712,29.97,22.18,91.11285714285714,203,267,52,39,38,0.356,134,78,4
2018,21,Odigbo,0,WHO_literature,2018-05-21,46.82,25.24142857142857,28.84,22.38,92.99285714285715,203,267,52,39,38,0.356,134,78,4
2018,22,Odigbo,6,WHO_literature,2018-05-28,57.57,25.211428571428574,29.6,22.47,92.20285714285714,203,267,52,39,38,0.356,134,78,4
2018,23,Odigbo,0,WHO_literature,2018-06-04,76.72999999999999,24.919999999999998,29.0,21.87,93.17428571428572,203,267,52,39,38,0.356,134,78,4
2018,24,Odigbo,6,WHO_literature,2018-06-11,44.72,25.087142857142855,29.02,21.58,92.25,203,267,52,39,38,0.356,134,78,4
2018,25,Odigbo,1,WHO_literature,2018-06-18,152.79,23.74857142857143,28.37,21.25,94.07142857142857,203,267,52,39,38,0.356,134,78,4
2018,26,Odigbo,3,WHO_literature,2018-06-25,95.72,24.12285714285714,28.56,20.96,91.7,203,267,52,39,38,0.356,134,78,4
2018,27,Odigbo,2,WHO_literature,2018-07-02,62.53,24.22714285714286,28.58,21.48,92.79142857142857,203,267,52,39,38,0.356,134,78,4
2018,28,Odigbo,4,WHO_literature,2018-07-09,42.46,24.525714285714287,28.96,21.76,91.36285714285714,203,267,52,39,38,0.356,134,78,4
2018,29,Odigbo,5,WHO_literature,2018-07-16,92.2,24.15142857142857,28.7,21.55,93.06285714285714,203,267,52,39,38,0.356,134,78,4
2018,30,Odigbo,2,WHO_literature,2018-07-23,107.52000000000001,24.56857142857143,29.65,21.9,91.99428571428572,203,267,52,39,38,0.356,134,78,4
2018,31,Odigbo,1,WHO_literature,2018-07-30,66.31,23.728571428571428,28.46,20.17,90.69428571428571,203,267,52,39,38,0.356,134,78,4
2018,32,Odigbo,4,WHO_literature,2018-08-06,28.33,24.13,28.88,20.76,91.09142857142857,203,267,52,39,38,0.356,134,78,4
2018,33,Odigbo,5,WHO_literature,2018-08-13,42.519999999999996,23.96,28.55,20.97,92.58,203,267,52,39,38,0.356,134,78,4
2018,34,Odigbo,4,WHO_literature,2018-08-20,105.91,23.599999999999998,29.13,20.89,94.01857142857143,203,267,52,39,38,0.356,134,78,4
2018,35,Odigbo,5,WHO_literature,2018-08-27,166.96,24.53142857142857,28.96,21.31,91.92714285714285,203,267,52,39,38,0.356,134,78,4
2018,36,Odigbo,1,WHO_literature,2018-09-03,186.60999999999999,24.077142857142857,27.73,21.6,94.01571428571428,203,267,52,39,38,0.356,134,78,4
2018,37,Odigbo,4,WHO_literature,2018-09-10,42.12,24.314285714285713,28.84,21.53,92.23714285714286,203,267,52,39,38,0.356,134,78,4
2018,38,Odigbo,6,WHO_literature,2018-09-17,78.9,25.131428571428575,29.02,22.13,91.65428571428572,203,267,52,39,38,0.356,134,78,4
2018,39,Odigbo,5,WHO_literature,2018-09-24,51.88,24.759999999999998,29.38,21.67,91.78,203,267,52,39,38,0.356,134,78,4
2018,40,Odigbo,4,WHO_literature,2018-10-01,37.199999999999996,24.81714285714286,29.06,21.9,92.22142857142856,203,267,52,39,38,0.356,134,78,4
2018,41,Odigbo,2,WHO_literature,2018-10-08,46.980000000000004,24.931428571428572,29.31,21.18,91.54714285714286,203,267,52,39,38,0.356,134,78,4
2018,42,Odigbo,2,WHO_literature,2018-10-15,46.99,25.297142857142855,31.07,20.96,89.87285714285714,203,267,52,39,38,0.356,134,78,4
2018,43,Odigbo,3,WHO_literature,2018-10-22,25.69,25.271428571428572,29.78,21.83,92.57285714285715,203,267,52,39,38,0.356,134,78,4
2018,44,Odigbo,5,WHO_literature,2018-10-29,87.92999999999999,25.389999999999997,29.55,22.62,92.80571428571429,203,267,52,39,38,0.356,134,78,4
2018,45,Odigbo,3,WHO_literature,2018-11-05,24.15,25.624285714285715,30.5,22.72,90.14999999999999,203,267,52,39,38,0.356,134,78,4
2018,46,Odigbo,1,WHO_literature,2018-11-12,32.46,25.90285714285714,31.04,21.93,87.46714285714286,203,267,52,39,38,0.356,134,78,4
2018,47,Odigbo,0,WHO_literature,2018-11-19,18.34,25.65857142857143,31.18,19.98,86.70714285714287,203,267,52,39,38,0.356,134,78,4
2018,48,Odigbo,0,WHO_literature,2018-11-26,0.78,25.801428571428573,31.06,20.74,86.01714285714286,203,267,52,39,38,0.356,134,78,4
2018,49,Odigbo,0,WHO_literature,2018-12-03,0.07,25.017142857142858,30.05,18.31,77.56285714285715,203,267,52,39,38,0.356,134,78,4
2018,50,Odigbo,1,WHO_literature,2018-12-10,0.9400000000000001,25.072857142857142,31.07,18.46,78.28428571428572,203,267,52,39,38,0.356,134,78,4
2018,51,Odigbo,0,WHO_literature,2018-12-17,0.0,24.04,30.99,16.29,72.12857142857142,203,267,52,39,38,0.356,134,78,4
2018,52,Odigbo,0,WHO_literature,2018-12-24,0.0,23.337142857142858,29.57,16.87,68.82714285714286,203,267,52,39,38,0.356,134,78,4
2019,1,Odigbo,0,WHO_literature,2019-01-07,0.0,23.40142857142857,30.4,17.68,72.38714285714285,203,267,52,39,38,0.356,134,78,4
2019,2,Odigbo,0,WHO_literature,2019-01-14,0.0,23.802857142857142,30.34,17.01,76.57857142857142,203,267,52,39,38,0.356,134,78,4
2019,3,Odigbo,0,WHO_literature,2019-01-21,6.41,25.745714285714286,31.51,21.68,87.45714285714287,203,267,52,39,38,0.356,134,78,4
2019,4,Odigbo,0,WHO_literature,2019-01-28,7.42,26.131428571428575,32.06,21.62,85.48,203,267,52,39,38,0.356,134,78,4
2019,5,Odigbo,0,WHO_literature,2019-02-04,33.57,25.67571428571429,31.59,20.58,88.23,203,267,52,39,38,0.356,134,78,4
2019,6,Odigbo,0,WHO_literature,2019-02-11,4.76,25.601428571428574,31.33,20.94,81.21142857142857,203,267,52,39,38,0.356,134,78,4
2019,7,Odigbo,0,WHO_literature,2019-02-18,0.83,24.872857142857146,31.51,18.18,72.06428571428572,203,267,52,39,38,0.356,134,78,4
2019,8,Odigbo,0,WHO_literature,2019-02-25,16.85,25.585714285714285,31.26,21.26,89.83,203,267,52,39,38,0.356,134,78,4
2019,9,Odigbo,0,WHO_literature,2019-03-04,15.79,25.14428571428571,30.09,21.45,88.00571428571428,203,267,52,39,38,0.356,134,78,4
2019,10,Odigbo,0,WHO_literature,2019-03-11,32.26,25.79,29.85,22.62,90.10571428571428,203,267,52,39,38,0.356,134,78,4
2019,11,Odigbo,0,WHO_literature,2019-03-18,6.15,26.425714285714285,32.27,23.1,88.83857142857143,203,267,52,39,38,0.356,134,78,4
2019,12,Odigbo,0,WHO_literature,2019-03-25,11.910000000000002,26.254285714285714,32.31,22.72,89.97571428571429,203,267,52,39,38,0.356,134,78,4
2019,13,Odigbo,0,WHO_literature,2019-04-01,1.22,26.267142857142858,31.35,22.87,90.4342857142857,203,267,52,39,38,0.356,134,78,4
2019,14,Odigbo,0,WHO_literature,2019-04-08,18.96,26.834285714285716,31.91,23.8,89.35714285714286,203,267,52,39,38,0.356,134,78,4
2019,15,Odigbo,0,WHO_literature,2019-04-15,35.68,25.66142857142857,30.56,22.52,91.35714285714286,203,267,52,39,38,0.356,134,78,4
2019,16,Odigbo,2,WHO_literature,2019-04-22,3.63,26.21857142857143,30.83,22.11,90.26571428571428,203,267,52,39,38,0.356,134,78,4
2019,17,Odigbo,2,WHO_literature,2019-04-29,13.75,26.47142857142857,30.76,23.97,91.14999999999999,203,267,52,39,38,0.356,134,78,4
2019,18,Odigbo,0,WHO_literature,2019-05-06,15.58,26.12142857142857,29.47,23.61,92.50571428571428,203,267,52,39,38,0.356,134,78,4
2019,19,Odigbo,0,WHO_literature,2019-05-13,48.86,25.987142857142857,30.51,23.0,91.7957142857143,203,267,52,39,38,0.356,134,78,4
2019,20,Odigbo,0,WHO_literature,2019-05-20,38.37,25.382857142857144,29.58,22.43,91.56857142857143,203,267,52,39,38,0.356,134,78,4
2019,21,Odigbo,5,WHO_literature,2019-05-27,46.25,25.737142857142857,29.94,22.88,92.00142857142858,203,267,52,39,38,0.356,134,78,4
2019,22,Odigbo,0,WHO_literature,2019-06-03,77.58,25.201428571428572,29.21,22.77,92.69428571428571,203,267,52,39,38,0.356,134,78,4
2019,23,Odigbo,4,WHO_literature,2019-06-10,57.82,24.995714285714286,29.45,22.19,93.23857142857142,203,267,52,39,38,0.356,134,78,4
2019,24,Odigbo,1,WHO_literature,2019-06-17,28.53,25.28,29.65,22.41,90.74571428571429,203,267,52,39,38,0.356,134,78,4
2019,25,Odigbo,1,WHO_literature,2019-06-24,35.510000000000005,25.445714285714285,30.01,22.67,91.84714285714286,203,267,52,39,38,0.356,134,78,4
2019,26,Odigbo,2,WHO_literature,2019-07-01,278.93,24.669999999999998,29.2,21.47,91.55714285714285,203,267,52,39,38,0.356,134,78,4
2019,27,Odigbo,3,WHO_literature,2019-07-08,25.33,25.17285714285714,29.79,22.36,91.78428571428572,203,267,52,39,38,0.356,134,78,4
2019,28,Odigbo,2,WHO_literature,2019-07-15,79.96000000000001,24.165714285714284,29.53,20.94,91.63714285714286,203,267,52,39,38,0.356,134,78,4
2019,29,Odigbo,1,WHO_literature,2019-07-22,62.39,24.437142857142856,29.22,21.46,91.42857142857143,203,267,52,39,38,0.356,134,78,4
2019,30,Odigbo,1,WHO_literature,2019-07-29,82.05,24.365714285714287,28.21,21.97,93.25428571428571,203,267,52,39,38,0.356,134,78,4
2019,31,Odigbo,3,WHO_literature,2019-08-05,47.29,24.071428571428573,29.03,21.53,92.48142857142857,203,267,52,39,38,0.356,134,78,4
2019,32,Odigbo,2,WHO_literature,2019-08-12,58.449999999999996,24.118571428571425,28.88,21.63,92.42571428571429,203,267,52,39,38,0.356,134,78,4
2019,33,Odigbo,3,WHO_literature,2019-08-19,35.519999999999996,24.55,28.9,21.76,90.67428571428572,203,267,52,39,38,0.356,134,78,4
2019,34,Odigbo,2,WHO_literature,2019-08-26,115.57000000000001,23.964285714285715,28.79,21.09,92.86142857142856,203,267,52,39,38,0.356,134,78,4
2019,35,Odigbo,1,WHO_literature,2019-09-02,148.24,24.312857142857144,28.27,21.39,91.97285714285714,203,267,52,39,38,0.356,134,78,4
2019,36,Odigbo,3,WHO_literature,2019-09-09,65.38,24.45,29.45,21.84,93.17714285714285,203,267,52,39,38,0.356,134,78,4
2019,37,Odigbo,5,WHO_literature,2019-09-16,114.71000000000001,24.521428571428572,28.39,21.91,92.7042857142857,203,267,52,39,38,0.356,134,78,4
2019,38,Odigbo,2,WHO_literature,2019-09-23,114.22,24.650000000000002,28.82,21.85,93.32857142857142,203,267,52,39,38,0.356,134,78,4
2019,39,Odigbo,4,WHO_literature,2019-09-30,87.11,24.551428571428573,28.59,21.33,92.75857142857141,203,267,52,39,38,0.356,134,78,4
2019,40,Odigbo,2,WHO_literature,2019-10-07,165.98,24.22714285714286,29.19,21.62,92.5942857142857,203,267,52,39,38,0.356,134,78,4
2019,41,Odigbo,2,WHO_literature,2019-10-14,149.97,24.27857142857143,28.46,21.18,93.97428571428573,203,267,52,39,38,0.356,134,78,4
2019,42,Odigbo,2,WHO_literature,2019-10-21,84.26,24.54714285714286,29.57,21.22,92.13285714285713,203,267,52,39,38,0.356,134,78,4
2019,43,Odigbo,3,WHO_literature,2019-10-28,85.62,24.802857142857142,29.45,20.92,91.42142857142858,203,267,52,39,38,0.356,134,78,4
2019,44,Odigbo,3,WHO_literature,2019-11-04,66.36,24.770000000000003,29.15,21.34,91.44714285714285,203,267,52,39,38,0.356,134,78,4
2019,45,Odigbo,1,WHO_literature,2019-11-11,19.42,26.132857142857144,30.98,22.59,88.33714285714287,203,267,52,39,38,0.356,134,78,4
2019,46,Odigbo,0,WHO_literature,2019-11-18,24.35,25.868571428571432,30.28,22.43,90.11142857142856,203,267,52,39,38,0.356,134,78,4
2019,47,Odigbo,0,WHO_literature,2019-11-25,11.34,26.08857142857143,31.07,22.72,89.21142857142857,203,267,52,39,38,0.356,134,78,4
2019,48,Odigbo,0,WHO_literature,2019-12-02,3.3,26.15142857142857,31.43,20.9,85.06714285714285,203,267,52,39,38,0.356,134,78,4
2019,49,Odigbo,1,WHO_literature,2019-12-09,32.36,25.72714285714286,30.66,20.92,85.34857142857143,203,267,52,39,38,0.356,134,78,4
2019,50,Odigbo,0,WHO_literature,2019-12-16,11.31,25.490000000000002,30.92,19.16,78.60000000000001,203,267,52,39,38,0.356,134,78,4
2019,51,Odigbo,0,WHO_literature,2019-12-23,0.33999999999999997,24.97142857142857,31.13,18.2,70.67428571428572,203,267,52,39,38,0.356,134,78,4
2019,52,Odigbo,0,WHO_literature,2019-12-30,0.0,23.551428571428573,30.49,15.87,65.45285714285714,203,267,52,39,38,0.356,134,78,4
2020,1,Odigbo,0,WHO_literature,2020-01-06,0.0,22.085714285714285,29.52,15.54,70.05714285714286,203,267,52,39,38,0.356,134,78,4
2020,2,Odigbo,0,WHO_literature,2020-01-13,0.14,24.555714285714284,30.64,18.13,75.23285714285714,203,267,52,39,38,0.356,134,78,4
2020,3,Odigbo,0,WHO_literature,2020-01-20,0.09,25.004285714285714,32.25,18.18,75.61714285714285,203,267,52,39,38,0.356,134,78,4
2020,4,Odigbo,0,WHO_literature,2020-01-27,0.0,22.777142857142856,30.98,13.07,63.614285714285714,203,267,52,39,38,0.356,134,78,4
2020,5,Odigbo,0,WHO_literature,2020-02-03,0.0,23.111428571428572,30.68,15.0,61.535714285714285,203,267,52,39,38,0.356,134,78,4
2020,6,Odigbo,0,WHO_literature,2020-02-10,0.0,24.744285714285716,31.55,16.48,73.92857142857143,203,267,52,39,38,0.356,134,78,4
2020,7,Odigbo,0,WHO_literature,2020-02-17,0.0,24.25714285714286,32.1,16.73,68.04142857142857,203,267,52,39,38,0.356,134,78,4
2020,8,Odigbo,0,WHO_literature,2020-02-24,0.0,26.62857142857143,33.45,21.84,83.41857142857144,203,267,52,39,38,0.356,134,78,4
2020,9,Odigbo,0,WHO_literature,2020-03-02,0.6799999999999999,26.55,32.05,23.02,83.99571428571429,203,267,52,39,38,0.356,134,78,4
2020,10,Odigbo,0,WHO_literature,2020-03-09,18.71,26.38,32.71,21.37,87.36285714285714,203,267,52,39,38,0.356,134,78,4
2020,11,Odigbo,0,WHO_literature,2020-03-16,43.56,26.431428571428572,31.33,22.71,89.52285714285713,203,267,52,39,38,0.356,134,78,4
2020,12,Odigbo,0,WHO_literature,2020-03-23,14.169999999999998,26.65285714285714,31.18,23.92,89.32285714285715,203,267,52,39,38,0.356,134,78,4
2020,13,Odigbo,0,WHO_literature,2020-03-30,33.23,25.73428571428571,30.8,22.31,90.36,203,267,52,39,38,0.356,134,78,4
2020,14,Odigbo,0,WHO_literature,2020-04-06,17.96,25.985714285714288,31.25,23.32,91.58142857142856,203,267,52,39,38,0.356,134,78,4
2020,15,Odigbo,0,WHO_literature,2020-04-13,30.830000000000002,25.672857142857143,31.59,21.39,88.5,203,267,52,39,38,0.356,134,78,4
2020,16,Odigbo,0,WHO_literature,2020-04-20,1.94,27.247142857142855,32.34,23.61,86.58,203,267,52,39,38,0.356,134,78,4
2020,17,Odigbo,0,WHO_literature,2020-04-27,43.78,25.69142857142857,30.02,22.83,91.54857142857144,203,267,52,39,38,0.356,134,78,4
2020,18,Odigbo,0,WHO_literature,2020-05-04,42.839999999999996,25.90285714285714,30.65,22.39,91.86,203,267,52,39,38,0.356,134,78,4
2020,19,Odigbo,0,WHO_literature,2020-05-11,22.91,26.554285714285715,31.19,23.3,89.36571428571428,203,267,52,39,38,0.356,134,78,4
2020,20,Odigbo,1,WHO_literature,2020-05-18,23.47,25.767142857142858,30.12,22.03,90.63571428571429,203,267,52,39,38,0.356,134,78,4
2020,21,Odigbo,0,WHO_literature,2020-05-25,30.11,25.68142857142857,30.57,22.71,91.49,203,267,52,39,38,0.356,134,78,4
2020,22,Odigbo,0,WHO_literature,2020-06-01,39.72,25.25857142857143,28.77,22.7,92.91571428571429,203,267,52,39,38,0.356,134,78,4
2020,23,Odigbo,0,WHO_literature,2020-06-08,58.94,25.158571428571427,29.32,22.32,92.54857142857144,203,267,52,39,38,0.356,134,78,4
2020,24,Odigbo,1,WHO_literature,2020-06-15,52.260000000000005,24.717142857142857,29.24,21.94,92.25857142857141,203,267,52,39,38,0.356,134,78,4
2020,25,Odigbo,1,WHO_literature,2020-06-22,73.98,24.827142857142857,30.04,20.85,92.44428571428571,203,267,52,39,38,0.356,134,78,4
2020,26,Odigbo,0,WHO_literature,2020-06-29,102.24,24.771428571428572,29.42,21.91,92.30714285714285,203,267,52,39,38,0.356,134,78,4
2020,27,Odigbo,1,WHO_literature,2020-07-06,116.41,24.31,28.95,21.83,92.74,203,267,52,39,38,0.356,134,78,4
2020,28,Odigbo,0,WHO_literature,2020-07-13,96.76,23.958571428571428,28.48,21.59,93.60142857142857,203,267,52,39,38,0.356,134,78,4
2020,29,Odigbo,1,WHO_literature,2020-07-20,60.69,23.602857142857143,27.81,21.32,92.61,203,267,52,39,38,0.356,134,78,4
2020,30,Odigbo,1,WHO_literature,2020-07-27,53.65,23.945714285714285,28.15,21.52,91.99571428571429,203,267,52,39,38,0.356,134,78,4
2020,31,Odigbo,0,WHO_literature,2020-08-03,28.19,23.68285714285714,28.61,20.61,90.69714285714285,203,267,52,39,38,0.356,134,78,4
2020,32,Odigbo,0,WHO_literature,2020-08-10,4.96,22.928571428571427,28.39,18.6,88.69142857142857,203,267,52,39,38,0.356,134,78,4
2020,33,Odigbo,0,WHO_literature,2020-08-17,5.05,23.49285714285714,29.51,18.16,87.96285714285715,203,267,52,39,38,0.356,134,78,4
2020,34,Odigbo,1,WHO_literature,2020-08-24,33.38,24.142857142857142,29.61,21.0,90.48428571428572,203,267,52,39,38,0.356,134,78,4
2020,35,Odigbo,1,WHO_literature,2020-08-31,21.36,23.72,28.77,20.25,90.01571428571428,203,267,52,39,38,0.356,134,78,4
2020,36,Odigbo,0,WHO_literature,2020-09-07,145.26,24.03857142857143,29.53,21.21,91.62857142857142,203,267,52,39,38,0.356,134,78,4
2020,37,Odigbo,1,WHO_literature,2020-09-14,186.18,24.274285714285718,29.83,21.08,91.81714285714285,203,267,52,39,38,0.356,134,78,4
2020,38,Odigbo,0,WHO_literature,2020-09-21,112.53,24.307142857142857,29.34,21.53,92.19428571428571,203,267,52,39,38,0.356,134,78,4
2020,39,Odigbo,1,WHO_literature,2020-09-28,77.9,24.197142857142858,28.87,21.06,92.32000000000001,203,267,52,39,38,0.356,134,78,4
2020,40,Odigbo,0,WHO_literature,2020-10-05,47.41,24.59142857142857,29.05,21.26,91.92571428571429,203,267,52,39,38,0.356,134,78,4
2020,41,Odigbo,0,WHO_literature,2020-10-12,50.66,24.259999999999998,28.68,20.35,91.24857142857142,203,267,52,39,38,0.356,134,78,4
2020,42,Odigbo,2,WHO_literature,2020-10-19,48.91,24.981428571428573,30.0,21.61,90.58857142857143,203,267,52,39,38,0.356,134,78,4
2020,43,Odigbo,0,WHO_literature,2020-10-26,22.23,25.521428571428572,30.18,22.36,90.36285714285714,203,267,52,39,38,0.356,134,78,4
2020,44,Odigbo,0,WHO_literature,2020-11-02,16.7,25.904285714285713,31.2,21.82,87.50142857142858,203,267,52,39,38,0.356,134,78,4
2020,45,Odigbo,0,WHO_literature,2020-11-09,17.919999999999998,25.63714285714286,30.66,20.96,87.26142857142858,203,267,52,39,38,0.356,134,78,4
2020,46,Odigbo,0,WHO_literature,2020-11-16,21.71,24.845714285714283,29.31,20.71,86.61142857142856,203,267,52,39,38,0.356,134,78,4
2020,47,Odigbo,0,WHO_literature,2020-11-23,4.61,25.46,30.41,20.51,83.4557142857143,203,267,52,39,38,0.356,134,78,4
2020,48,Odigbo,0,WHO_literature,2020-11-30,63.4,26.117142857142856,31.37,21.63,86.49000000000001,203,267,52,39,38,0.356,134,78,4
2020,49,Odigbo,0,WHO_literature,2020-12-07,4.05,25.877142857142854,31.42,20.45,83.18571428571428,203,267,52,39,38,0.356,134,78,4
2020,50,Odigbo,0,WHO_literature,2020-12-14,8.56,25.095714285714283,30.68,20.19,89.89,203,267,52,39,38,0.356,134,78,4
2020,51,Odigbo,0,WHO_literature,2020-12-21,13.379999999999999,25.472857142857144,30.88,22.1,89.42142857142858,203,267,52,39,38,0.356,134,78,4
2020,52,Odigbo,0,WHO_literature,2020-12-28,2.5,25.00857142857143,31.2,18.21,84.13142857142857,203,267,52,39,38,0.356,134,78,4
2021,1,Odigbo,0,WHO_literature,2021-01-04,17.94,25.87142857142857,31.68,22.06,87.97285714285714,203,267,52,39,38,0.356,134,78,4
2021,2,Odigbo,1,WHO_literature,2021-01-11,0.42000000000000004,25.665714285714284,32.03,19.54,80.72857142857143,203,267,52,39,38,0.356,134,78,4
2021,3,Odigbo,0,WHO_literature,2021-01-18,0.05,24.175714285714285,31.72,17.17,70.42857142857143,203,267,52,39,38,0.356,134,78,4
2021,4,Odigbo,1,WHO_literature,2021-01-25,2.92,25.15285714285714,31.86,18.24,85.33428571428571,203,267,52,39,38,0.356,134,78,4
2021,5,Odigbo,0,WHO_literature,2021-02-01,2.1999999999999997,25.935714285714287,31.66,21.82,85.36714285714287,203,267,52,39,38,0.356,134,78,4
2021,6,Odigbo,0,WHO_literature,2021-02-08,13.91,26.914285714285715,33.23,22.86,84.87428571428572,203,267,52,39,38,0.356,134,78,4
2021,7,Odigbo,1,WHO_literature,2021-02-15,3.05,24.34857142857143,32.04,16.63,71.33571428571429,203,267,52,39,38,0.356,134,78,4
2021,8,Odigbo,1,WHO_literature,2021-02-22,2.5,25.40142857142857,31.42,19.16,86.17714285714285,203,267,52,39,38,0.356,134,78,4
2021,9,Odigbo,0,WHO_literature,2021-03-01,1.03,26.735714285714288,33.1,22.47,85.68714285714285,203,267,52,39,38,0.356,134,78,4
2021,10,Odigbo,0,WHO_literature,2021-03-08,33.62,25.681428571428572,29.93,23.04,91.54571428571428,203,267,52,39,38,0.356,134,78,4
2021,11,Odigbo,0,WHO_literature,2021-03-15,12.83,25.014285714285712,29.84,22.39,90.80714285714285,203,267,52,39,38,0.356,134,78,4
2021,12,Odigbo,0,WHO_literature,2021-03-22,23.62,25.895714285714288,31.71,22.71,88.65857142857143,203,267,52,39,38,0.356,134,78,4
2021,13,Odigbo,0,WHO_literature,2021-03-29,1.03,26.774285714285714,31.9,23.27,85.93571428571428,203,267,52,39,38,0.356,134,78,4
2021,14,Odigbo,3,WHO_literature,2021-04-05,48.83,26.21,31.4,23.43,90.90714285714286,203,267,52,39,38,0.356,134,78,4
2021,15,Odigbo,4,WHO_literature,2021-04-12,102.19,25.284285714285716,29.6,22.73,91.28428571428572,203,267,52,39,38,0.356,134,78,4
2021,16,Odigbo,3,WHO_literature,2021-04-19,33.57,25.52857142857143,29.95,22.1,92.13571428571429,203,267,52,39,38,0.356,134,78,4
2021,17,Odigbo,0,WHO_literature,2021-04-26,12.360000000000001,26.20285714285714,30.97,23.27,90.34142857142857,203,267,52,39,38,0.356,134,78,4
2021,18,Odigbo,0,WHO_literature,2021-05-03,48.54,25.042857142857144,29.73,21.85,90.57285714285715,203,267,52,39,38,0.356,134,78,4
2021,19,Odigbo,10,WHO_literature,2021-05-10,20.5,25.568571428571428,30.25,20.66,91.41,203,267,52,39,38,0.356,134,78,4
2021,20,Odigbo,3,WHO_literature,2021-05-17,38.26,25.638571428571428,30.17,21.8,91.64,203,267,52,39,38,0.356,134,78,4
2021,21,Odigbo,8,WHO_literature,2021-05-24,38.61,25.96,30.35,23.02,92.58714285714287,203,267,52,39,38,0.356,134,78,4
2021,22,Odigbo,2,WHO_literature,2021-05-31,79.84,25.494285714285716,29.96,22.3,91.47142857142856,203,267,52,39,38,0.356,134,78,4
2021,23,Odigbo,5,WHO_literature,2021-06-07,29.44,25.417142857142856,30.29,22.33,90.3442857142857,203,267,52,39,38,0.356,134,78,4
2021,24,Odigbo,7,WHO_literature,2021-06-14,93.1,24.86285714285714,29.32,22.15,93.38714285714286,203,267,52,39,38,0.356,134,78,4
2021,25,Odigbo,8,WHO_literature,2021-06-21,53.76,24.70285714285714,28.87,21.92,90.83428571428571,203,267,52,39,38,0.356,134,78,4
2021,26,Odigbo,11,WHO_literature,2021-06-28,61.77,24.192857142857143,29.12,20.75,91.98857142857142,203,267,52,39,38,0.356,134,78,4
2021,27,Odigbo,5,WHO_literature,2021-07-05,40.33,24.255714285714287,28.69,21.52,91.8,203,267,52,39,38,0.356,134,78,4
2021,28,Odigbo,11,WHO_literature,2021-07-12,149.04,24.472857142857144,28.4,21.38,91.53571428571429,203,267,52,39,38,0.356,134,78,4
2021,29,Odigbo,12,WHO_literature,2021-07-19,41.089999999999996,24.222857142857144,29.06,20.92,90.2957142857143,203,267,52,39,38,0.356,134,78,4
2021,30,Odigbo,8,WHO_literature,2021-07-26,34.56,23.864285714285717,28.72,20.61,90.82857142857142,203,267,52,39,38,0.356,134,78,4
2021,31,Odigbo,11,WHO_literature,2021-08-02,94.53,23.974285714285713,27.98,21.5,93.60428571428572,203,267,52,39,38,0.356,134,78,4
2021,32,Odigbo,18,WHO_literature,2021-08-09,135.91,24.104285714285712,28.62,21.2,92.46142857142857,203,267,52,39,38,0.356,134,78,4
2021,33,Odigbo,15,WHO_literature,2021-08-16,113.35,23.684285714285714,27.99,21.5,93.52714285714286,203,267,52,39,38,0.356,134,78,4
2021,34,Odigbo,14,WHO_literature,2021-08-23,76.94999999999999,24.747142857142855,28.96,21.61,92.14714285714285,203,267,52,39,38,0.356,134,78,4
2021,35,Odigbo,13,WHO_literature,2021-08-30,136.68,24.541428571428572,28.99,21.67,92.15857142857143,203,267,52,39,38,0.356,134,78,4
2021,36,Odigbo,14,WHO_literature,2021-09-06,52.57,24.577142857142857,28.4,21.83,92.62714285714286,203,267,52,39,38,0.356,134,78,4
2021,37,Odigbo,12,WHO_literature,2021-09-13,45.78,24.56142857142857,28.78,21.34,92.10714285714286,203,267,52,39,38,0.356,134,78,4
2021,38,Odigbo,20,WHO_literature,2021-09-20,122.08,24.478571428571428,28.63,20.88,91.96142857142857,203,267,52,39,38,0.356,134,78,4
2021,39,Odigbo,8,WHO_literature,2021-09-27,49.76,24.822857142857142,29.1,21.87,91.92714285714285,203,267,52,39,38,0.356,134,78,4
2021,40,Odigbo,5,WHO_literature,2021-10-04,57.09,25.38,30.23,22.4,92.59571428571428,203,267,52,39,38,0.356,134,78,4
2021,41,Odigbo,8,WHO_literature,2021-10-11,46.95,25.228571428571428,29.5,22.13,92.34714285714287,203,267,52,39,38,0.356,134,78,4
2021,42,Odigbo,9,WHO_literature,2021-10-18,37.01,25.080000000000002,29.93,21.9,90.5657142857143,203,267,52,39,38,0.356,134,78,4
2021,43,Odigbo,10,WHO_literature,2021-10-25,64.07,25.534285714285716,30.16,22.16,91.12285714285714,203,267,52,39,38,0.356,134,78,4
2021,44,Odigbo,2,WHO_literature,2021-11-01,62.42,25.37,29.86,22.52,91.88428571428572,203,267,52,39,38,0.356,134,78,4
2021,45,Odigbo,1,WHO_literature,2021-11-08,142.11,25.611428571428572,29.84,22.54,91.60857142857142,203,267,52,39,38,0.356,134,78,4
2021,46,Odigbo,1,WHO_literature,2021-11-15,94.42,25.92142857142857,30.22,22.59,89.89428571428572,203,267,52,39,38,0.356,134,78,4
2021,47,Odigbo,1,NCDC_real,2021-11-22,28.29,25.717142857142857,30.33,22.56,89.74571428571429,203,267,52,39,38,0.356,134,78,4
2021,48,Odigbo,3,WHO_literature,2021-11-29,16.22,26.0,30.85,21.87,86.49142857142859,203,267,52,39,38,0.356,134,78,4
2021,49,Odigbo,0,WHO_literature,2021-12-06,4.38,25.325714285714287,30.46,19.88,82.66714285714285,203,267,52,39,38,0.356,134,78,4
2021,50,Odigbo,0,NCDC_real,2021-12-13,62.34,24.275714285714287,31.15,17.37,82.12428571428572,203,267,52,39,38,0.356,134,78,4
2021,51,Odigbo,0,WHO_literature,2021-12-20,1.98,23.645714285714284,31.14,17.07,81.0442857142857,203,267,52,39,38,0.356,134,78,4
2021,52,Odigbo,2,WHO_literature,2021-12-27,21.47,24.551428571428573,30.19,19.12,83.27571428571427,203,267,52,39,38,0.356,134,78,4
2022,1,Odigbo,1,WHO_literature,2022-01-03,16.509999999999998,24.147142857142857,30.77,17.74,78.13571428571429,203,267,52,39,38,0.356,134,78,4
2022,2,Odigbo,0,WHO_literature,2022-01-10,34.33,25.14428571428571,30.68,21.04,86.89142857142858,203,267,52,39,38,0.356,134,78,4
2022,3,Odigbo,0,WHO_literature,2022-01-17,7.239999999999999,22.544285714285714,30.37,16.23,74.93857142857142,203,267,52,39,38,0.356,134,78,4
2022,4,Odigbo,0,WHO_literature,2022-01-24,0.29,21.99285714285714,30.11,14.67,71.67714285714285,203,267,52,39,38,0.356,134,78,4
2022,5,Odigbo,0,WHO_literature,2022-01-31,0.0,22.085714285714285,29.71,13.69,66.85714285714286,203,267,52,39,38,0.356,134,78,4
2022,6,Odigbo,1,WHO_literature,2022-02-07,10.52,24.954285714285714,31.67,17.1,78.14571428571428,203,267,52,39,38,0.356,134,78,4
2022,7,Odigbo,1,WHO_literature,2022-02-14,2.7600000000000002,26.315714285714286,32.63,21.8,85.01285714285713,203,267,52,39,38,0.356,134,78,4
2022,8,Odigbo,0,WHO_literature,2022-02-21,11.28,26.572857142857142,32.29,22.22,84.40428571428572,203,267,52,39,38,0.356,134,78,4
2022,9,Odigbo,0,WHO_literature,2022-02-28,38.01,25.624285714285715,31.54,22.46,90.63285714285715,203,267,52,39,38,0.356,134,78,4
2022,10,Odigbo,0,WHO_literature,2022-03-07,21.89,26.134285714285713,30.65,22.86,90.01857142857143,203,267,52,39,38,0.356,134,78,4
2022,11,Odigbo,0,WHO_literature,2022-03-14,9.87,26.395714285714288,32.25,23.23,89.73142857142857,203,267,52,39,38,0.356,134,78,4
2022,12,Odigbo,0,WHO_literature,2022-03-21,22.75,26.5,32.52,23.43,88.98714285714286,203,267,52,39,38,0.356,134,78,4
2022,13,Odigbo,1,WHO_literature,2022-03-28,22.52,26.360000000000003,32.02,21.82,89.18285714285715,203,267,52,39,38,0.356,134,78,4
2022,14,Odigbo,2,WHO_literature,2022-04-04,36.46,25.657142857142855,30.13,21.66,91.84428571428573,203,267,52,39,38,0.356,134,78,4
2022,15,Odigbo,1,WHO_literature,2022-04-11,22.01,25.437142857142856,30.16,22.23,90.67999999999999,203,267,52,39,38,0.356,134,78,4
2022,16,Odigbo,0,WHO_literature,2022-04-18,40.96,25.494285714285716,30.42,22.66,90.63857142857144,203,267,52,39,38,0.356,134,78,4
2022,17,Odigbo,0,WHO_literature,2022-04-25,79.48,25.175714285714285,29.56,22.13,92.14285714285714,203,267,52,39,38,0.356,134,78,4
2022,18,Odigbo,4,WHO_literature,2022-05-02,22.25,25.58142857142857,29.87,22.75,91.26714285714286,203,267,52,39,38,0.356,134,78,4
2022,19,Odigbo,0,WHO_literature,2022-05-09,26.1,25.97,30.33,22.89,91.20857142857143,203,267,52,39,38,0.356,134,78,4
2022,20,Odigbo,7,WHO_literature,2022-05-16,54.19,25.41857142857143,30.18,22.69,92.85857142857142,203,267,52,39,38,0.356,134,78,4
2022,21,Odigbo,1,WHO_literature,2022-05-23,34.300000000000004,24.801428571428573,29.21,21.17,91.38285714285715,203,267,52,39,38,0.356,134,78,4
2022,22,Odigbo,3,WHO_literature,2022-05-30,60.14,25.334285714285716,29.6,22.46,91.9557142857143,203,267,52,39,38,0.356,134,78,4
2022,23,Odigbo,7,WHO_literature,2022-06-06,160.07999999999998,24.458571428571428,28.05,21.22,93.99571428571429,203,267,52,39,38,0.356,134,78,4
2022,24,Odigbo,6,WHO_literature,2022-06-13,42.16,24.46857142857143,28.62,21.51,93.66285714285713,203,267,52,39,38,0.356,134,78,4
2022,25,Odigbo,8,WHO_literature,2022-06-20,51.269999999999996,24.240000000000002,27.67,21.75,93.71142857142857,203,267,52,39,38,0.356,134,78,4
2022,26,Odigbo,4,WHO_literature,2022-06-27,62.25,24.284285714285716,28.84,21.3,91.66428571428571,203,267,52,39,38,0.356,134,78,4
2022,27,Odigbo,4,WHO_literature,2022-07-04,87.07,24.494285714285716,29.32,21.75,93.03285714285714,203,267,52,39,38,0.356,134,78,4
2022,28,Odigbo,8,WHO_literature,2022-07-11,21.77,24.505714285714284,29.01,21.7,90.83428571428571,203,267,52,39,38,0.356,134,78,4
2022,29,Odigbo,11,WHO_literature,2022-07-18,84.07,23.982857142857142,28.72,20.55,90.68571428571428,203,267,52,39,38,0.356,134,78,4
2022,30,Odigbo,7,WHO_literature,2022-07-25,61.51,23.889999999999997,27.97,21.48,92.95142857142858,203,267,52,39,38,0.356,134,78,4
2022,31,Odigbo,9,WHO_literature,2022-08-01,8.12,23.96142857142857,28.81,20.35,88.88,203,267,52,39,38,0.356,134,78,4
2022,32,Odigbo,3,WHO_literature,2022-08-08,65.5,23.844285714285714,28.34,21.17,92.4742857142857,203,267,52,39,38,0.356,134,78,4
2022,33,Odigbo,12,WHO_literature,2022-08-15,45.59,23.859999999999996,29.17,20.46,90.96142857142857,203,267,52,39,38,0.356,134,78,4
2022,34,Odigbo,11,WHO_literature,2022-08-22,76.96,23.77857142857143,27.99,20.93,92.31142857142858,203,267,52,39,38,0.356,134,78,4
2022,35,Odigbo,7,WHO_literature,2022-08-29,53.98,24.207142857142856,28.72,21.17,91.50142857142858,203,267,52,39,38,0.356,134,78,4
2022,36,Odigbo,9,WHO_literature,2022-09-05,48.32,24.40857142857143,28.98,21.55,91.41428571428571,203,267,52,39,38,0.356,134,78,4
2022,37,Odigbo,5,WHO_literature,2022-09-12,71.05,24.261428571428574,29.2,21.45,93.06428571428572,203,267,52,39,38,0.356,134,78,4
2022,38,Odigbo,6,WHO_literature,2022-09-19,92.49,24.34857142857143,28.72,21.6,92.40285714285713,203,267,52,39,38,0.356,134,78,4
2022,39,Odigbo,6,WHO_literature,2022-09-26,84.77000000000001,23.777142857142856,28.38,21.29,92.68571428571428,203,267,52,39,38,0.356,134,78,4
2022,40,Odigbo,8,WHO_literature,2022-10-03,90.56,24.754285714285714,29.2,21.09,90.83857142857143,203,267,52,39,38,0.356,134,78,4
2022,41,Odigbo,7,WHO_literature,2022-10-10,56.15,24.981428571428573,29.56,21.6,90.55857142857143,203,267,52,39,38,0.356,134,78,4
2022,42,Odigbo,9,WHO_literature,2022-10-17,51.24,25.56142857142857,30.53,22.2,90.02857142857144,203,267,52,39,38,0.356,134,78,4
2022,43,Odigbo,1,WHO_literature,2022-10-24,9.15,25.73428571428571,30.78,22.42,86.75857142857141,203,267,52,39,38,0.356,134,78,4
2022,44,Odigbo,2,WHO_literature,2022-10-31,25.72,25.398571428571426,30.14,20.37,87.16,203,267,52,39,38,0.356,134,78,4
2022,45,Odigbo,1,WHO_literature,2022-11-07,8.7,25.859999999999996,30.95,22.37,87.26714285714286,203,267,52,39,38,0.356,134,78,4
2022,46,Odigbo,3,WHO_literature,2022-11-14,2.33,25.382857142857144,30.35,21.06,85.62,203,267,52,39,38,0.356,134,78,4
2022,47,Odigbo,2,WHO_literature,2022-11-21,3.58,25.05,30.28,19.29,82.66428571428571,203,267,52,39,38,0.356,134,78,4
2022,48,Odigbo,1,WHO_literature,2022-11-28,10.32,25.34857142857143,30.11,21.39,87.10142857142857,203,267,52,39,38,0.356,134,78,4
2022,49,Odigbo,0,WHO_literature,2022-12-05,0.14,24.398571428571426,29.78,17.34,79.48857142857142,203,267,52,39,38,0.356,134,78,4
2022,50,Odigbo,0,WHO_literature,2022-12-12,15.96,24.701428571428572,30.64,20.28,89.41,203,267,52,39,38,0.356,134,78,4
2022,51,Odigbo,0,WHO_literature,2022-12-19,0.0,22.374285714285715,28.85,15.56,71.57857142857144,203,267,52,39,38,0.356,134,78,4
2022,52,Odigbo,0,WHO_literature,2022-12-26,0.0,21.86285714285714,29.29,15.04,69.03428571428572,203,267,52,39,38,0.356,134,78,4
2023,1,Odigbo,0,WHO_literature,2023-01-02,0.04,23.74142857142857,30.38,16.71,69.1542857142857,203,267,52,39,38,0.356,134,78,4
2023,2,Odigbo,0,WHO_literature,2023-01-09,0.01,22.577142857142857,30.18,14.66,64.60142857142857,203,267,52,39,38,0.356,134,78,4
2023,3,Odigbo,0,WHO_literature,2023-01-16,1.2200000000000002,24.65142857142857,31.71,16.78,76.0457142857143,203,267,52,39,38,0.356,134,78,4
2023,4,Odigbo,0,WHO_literature,2023-01-23,3.94,25.55,32.3,21.54,87.91714285714285,203,267,52,39,38,0.356,134,78,4
2023,5,Odigbo,0,WHO_literature,2023-01-30,14.3,25.695714285714285,32.32,21.72,87.45142857142856,203,267,52,39,38,0.356,134,78,4
2023,6,Odigbo,0,WHO_literature,2023-02-06,40.94,26.2,32.83,21.19,81.92714285714285,203,267,52,39,38,0.356,134,78,4
2023,7,Odigbo,0,WHO_literature,2023-02-13,0.0,23.458571428571428,30.52,16.93,65.22142857142858,203,267,52,39,38,0.356,134,78,4
2023,8,Odigbo,0,WHO_literature,2023-02-20,23.66,25.577142857142857,31.41,17.7,81.3157142857143,203,267,52,39,38,0.356,134,78,4
2023,9,Odigbo,0,WHO_literature,2023-02-27,16.96,25.83142857142857,30.07,22.59,90.13285714285715,203,267,52,39,38,0.356,134,78,4
2023,10,Odigbo,0,WHO_literature,2023-03-06,29.28,25.924285714285713,30.45,22.87,90.09714285714287,203,267,52,39,38,0.356,134,78,4
2023,11,Odigbo,0,WHO_literature,2023-03-13,34.83,25.25142857142857,30.04,22.15,89.58714285714287,203,267,52,39,38,0.356,134,78,4
2023,12,Odigbo,0,WHO_literature,2023-03-20,39.97,25.397142857142857,30.73,21.49,88.33285714285715,203,267,52,39,38,0.356,134,78,4
2023,13,Odigbo,0,WHO_literature,2023-03-27,18.48,26.07857142857143,31.06,22.64,88.08714285714287,203,267,52,39,38,0.356,134,78,4
2023,14,Odigbo,1,WHO_literature,2023-04-03,43.459999999999994,25.859999999999996,30.35,22.59,90.54714285714286,203,267,52,39,38,0.356,134,78,4
2023,15,Odigbo,0,WHO_literature,2023-04-10,27.5,25.895714285714288,30.25,22.84,91.94285714285715,203,267,52,39,38,0.356,134,78,4
2023,16,Odigbo,0,WHO_literature,2023-04-17,26.35,26.111428571428572,30.99,23.15,91.31285714285714,203,267,52,39,38,0.356,134,78,4
2023,17,Odigbo,3,WHO_literature,2023-04-24,51.32,25.345714285714283,29.6,22.69,91.63857142857144,203,267,52,39,38,0.356,134,78,4
2023,18,Odigbo,0,WHO_literature,2023-05-01,23.55,25.514285714285712,29.66,21.75,90.48714285714286,203,267,52,39,38,0.356,134,78,4
2023,19,Odigbo,3,WHO_literature,2023-05-08,30.39,25.965714285714284,29.95,23.09,92.32428571428571,203,267,52,39,38,0.356,134,78,4
2023,20,Odigbo,1,WHO_literature,2023-05-15,37.53,26.185714285714287,30.01,23.38,92.49571428571429,203,267,52,39,38,0.356,134,78,4
2023,21,Odigbo,1,WHO_literature,2023-05-22,27.07,26.01142857142857,29.84,22.9,92.50285714285714,203,267,52,39,38,0.356,134,78,4
2023,22,Odigbo,2,WHO_literature,2023-05-29,37.11,26.014285714285712,30.45,22.76,91.42,203,267,52,39,38,0.356,134,78,4
2023,23,Odigbo,4,WHO_literature,2023-06-05,159.01999999999998,24.928571428571427,29.14,22.33,93.64,203,267,52,39,38,0.356,134,78,4
2023,24,Odigbo,3,WHO_literature,2023-06-12,78.59,25.017142857142858,29.39,21.86,92.14999999999999,203,267,52,39,38,0.356,134,78,4
2023,25,Odigbo,1,WHO_literature,2023-06-19,57.879999999999995,24.731428571428573,28.65,21.7,92.13571428571429,203,267,52,39,38,0.356,134,78,4
2023,26,Odigbo,1,WHO_literature,2023-06-26,52.129999999999995,24.68,29.54,22.15,92.26428571428572,203,267,52,39,38,0.356,134,78,4
2023,27,Odigbo,3,WHO_literature,2023-07-03,59.17,24.884285714285713,29.73,22.13,92.50285714285714,203,267,52,39,38,0.356,134,78,4
2023,28,Odigbo,3,WHO_literature,2023-07-10,23.53,25.524285714285714,30.73,21.86,90.28,203,267,52,39,38,0.356,134,78,4
2023,29,Odigbo,4,WHO_literature,2023-07-17,68.42,25.07857142857143,28.95,22.65,92.82857142857142,203,267,52,39,38,0.356,134,78,4
2023,30,Odigbo,2,WHO_literature,2023-07-24,80.66,24.892857142857142,29.78,21.94,91.95285714285714,203,267,52,39,38,0.356,134,78,4
2023,31,Odigbo,1,WHO_literature,2023-07-31,24.82,24.87857142857143,29.82,21.86,90.90285714285714,203,267,52,39,38,0.356,134,78,4
2023,32,Odigbo,8,WHO_literature,2023-08-07,26.97,24.76142857142857,29.06,22.22,90.97857142857143,203,267,52,39,38,0.356,134,78,4
2023,33,Odigbo,6,WHO_literature,2023-08-14,25.8,25.051428571428573,30.18,22.02,90.62571428571428,203,267,52,39,38,0.356,134,78,4
2023,34,Odigbo,2,WHO_literature,2023-08-21,30.310000000000002,25.037142857142857,29.65,22.09,91.62857142857142,203,267,52,39,38,0.356,134,78,4
2023,35,Odigbo,6,WHO_literature,2023-08-28,111.89,24.545714285714286,28.79,21.82,92.69285714285715,203,267,52,39,38,0.356,134,78,4
2023,36,Odigbo,3,WHO_literature,2023-09-04,98.4,24.925714285714285,30.25,21.74,92.14428571428572,203,267,52,39,38,0.356,134,78,4
2023,37,Odigbo,2,WHO_literature,2023-09-11,110.8,24.987142857142857,28.97,22.6,93.3,203,267,52,39,38,0.356,134,78,4
2023,38,Odigbo,4,WHO_literature,2023-09-18,59.39,25.142857142857142,29.67,22.67,91.98571428571428,203,267,52,39,38,0.356,134,78,4
2023,39,Odigbo,6,WHO_literature,2023-09-25,63.54,25.944285714285716,30.75,22.83,90.86714285714287,203,267,52,39,38,0.356,134,78,4
2023,40,Odigbo,4,WHO_literature,2023-10-02,87.97,25.701428571428572,29.98,23.09,92.08714285714287,203,267,52,39,38,0.356,134,78,4
2023,41,Odigbo,6,WHO_literature,2023-10-09,46.93,25.58285714285714,29.65,23.07,92.82142857142857,203,267,52,39,38,0.356,134,78,4
2023,42,Odigbo,1,WHO_literature,2023-10-16,32.03,25.43285714285714,30.21,21.69,91.98571428571428,203,267,52,39,38,0.356,134,78,4
2023,43,Odigbo,0,WHO_literature,2023-10-23,8.66,25.90857142857143,30.7,22.75,90.42142857142858,203,267,52,39,38,0.356,134,78,4
2023,44,Odigbo,1,WHO_literature,2023-10-30,57.5,25.66142857142857,29.56,23.14,91.65571428571427,203,267,52,39,38,0.356,134,78,4
2023,45,Odigbo,1,WHO_literature,2023-11-06,22.7,25.835714285714285,30.23,23.17,91.45714285714287,203,267,52,39,38,0.356,134,78,4
2023,46,Odigbo,0,WHO_literature,2023-11-13,8.35,25.77285714285714,30.13,21.99,89.59285714285714,203,267,52,39,38,0.356,134,78,4
2023,47,Odigbo,0,WHO_literature,2023-11-20,30.700000000000003,25.744285714285716,31.0,22.61,91.07571428571428,203,267,52,39,38,0.356,134,78,4
2023,48,Odigbo,0,WHO_literature,2023-11-27,5.91,26.175714285714285,31.36,21.93,87.51428571428572,203,267,52,39,38,0.356,134,78,4
2023,49,Odigbo,0,WHO_literature,2023-12-04,0.64,26.27857142857143,31.38,22.12,85.76428571428572,203,267,52,39,38,0.356,134,78,4
2023,50,Odigbo,0,WHO_literature,2023-12-11,0.0,24.24142857142857,30.85,17.2,71.36428571428571,203,267,52,39,38,0.356,134,78,4
2023,51,Odigbo,0,WHO_literature,2023-12-18,0.0,24.83285714285714,30.93,18.11,74.34714285714287,203,267,52,39,38,0.356,134,78,4
2023,52,Odigbo,0,WHO_literature,2023-12-25,0.0,25.032857142857143,31.24,17.75,69.90285714285714,203,267,52,39,38,0.356,134,78,4
2024,1,Odigbo,0,WHO_literature,2024-01-01,1.0,26.45285714285714,32.06,20.28,82.73714285714286,203,267,52,39,38,0.356,134,78,4
2024,2,Odigbo,0,WHO_literature,2024-01-08,2.59,26.169999999999998,32.52,20.59,78.32142857142857,203,267,52,39,38,0.356,134,78,4
2024,3,Odigbo,0,WHO_literature,2024-01-15,0.0,23.692857142857143,31.37,15.53,58.46714285714285,203,267,52,39,38,0.356,134,78,4
2024,4,Odigbo,0,WHO_literature,2024-01-22,6.0,23.92142857142857,32.15,16.66,70.77857142857144,203,267,52,39,38,0.356,134,78,4
2024,5,Odigbo,0,WHO_literature,2024-01-29,0.0,24.87142857142857,31.14,17.68,68.14285714285714,203,267,52,39,38,0.356,134,78,4
2024,6,Odigbo,0,WHO_literature,2024-02-05,0.01,24.43857142857143,32.63,17.63,68.05428571428571,203,267,52,39,38,0.356,134,78,4
2024,7,Odigbo,0,WHO_literature,2024-02-12,0.67,26.867142857142856,33.18,22.56,84.17999999999999,203,267,52,39,38,0.356,134,78,4
2024,8,Odigbo,0,WHO_literature,2024-02-19,27.09,27.027142857142856,33.04,23.19,82.00142857142858,203,267,52,39,38,0.356,134,78,4
2024,9,Odigbo,0,WHO_literature,2024-02-26,1.3599999999999999,27.03,33.54,22.62,86.7057142857143,203,267,52,39,38,0.356,134,78,4
2024,10,Odigbo,0,WHO_literature,2024-03-04,8.5,26.81714285714286,31.55,23.52,88.7757142857143,203,267,52,39,38,0.356,134,78,4
2024,11,Odigbo,0,WHO_literature,2024-03-11,13.319999999999999,27.390000000000004,34.02,23.77,87.28999999999999,203,267,52,39,38,0.356,134,78,4
2024,12,Odigbo,0,WHO_literature,2024-03-18,4.73,27.108571428571427,32.79,24.26,88.17428571428572,203,267,52,39,38,0.356,134,78,4
2024,13,Odigbo,0,WHO_literature,2024-03-25,5.37,27.12,32.64,24.25,89.45142857142856,203,267,52,39,38,0.356,134,78,4
2024,14,Odigbo,0,WHO_literature,2024-04-01,17.68,26.944285714285716,31.66,24.25,90.52428571428571,203,267,52,39,38,0.356,134,78,4
2024,15,Odigbo,0,WHO_literature,2024-04-08,26.07,26.444285714285716,30.3,23.34,91.14714285714285,203,267,52,39,38,0.356,134,78,4
2024,16,Odigbo,3,WHO_literature,2024-04-15,6.28,26.928571428571427,31.03,24.43,90.40714285714286,203,267,52,39,38,0.356,134,78,4
2024,17,Odigbo,0,WHO_literature,2024-04-22,39.56,26.827142857142857,30.63,24.16,91.82714285714285,203,267,52,39,38,0.356,134,78,4
2024,18,Odigbo,0,WHO_literature,2024-04-29,57.19,26.464285714285715,30.59,23.49,92.78571428571429,203,267,52,39,38,0.356,134,78,4
2024,19,Odigbo,1,WHO_literature,2024-05-06,10.58,26.631428571428568,30.06,24.01,91.19428571428571,203,267,52,39,38,0.356,134,78,4
2024,20,Odigbo,1,WHO_literature,2024-05-13,35.849999999999994,26.825714285714287,31.41,23.09,89.89285714285714,203,267,52,39,38,0.356,134,78,4
2024,21,Odigbo,2,WHO_literature,2024-05-20,87.46000000000001,26.222857142857144,30.85,22.62,91.72,203,267,52,39,38,0.356,134,78,4
2024,22,Odigbo,2,WHO_literature,2024-05-27,33.63,26.02285714285714,30.28,22.77,92.61857142857143,203,267,52,39,38,0.356,134,78,4
2024,23,Odigbo,3,WHO_literature,2024-06-03,47.629999999999995,25.771428571428572,29.8,23.05,92.64142857142858,203,267,52,39,38,0.356,134,78,4
2024,24,Odigbo,1,WHO_literature,2024-06-10,55.410000000000004,25.715714285714284,29.96,22.74,91.63142857142859,203,267,52,39,38,0.356,134,78,4
2024,25,Odigbo,1,WHO_literature,2024-06-17,36.64,25.462857142857143,30.59,22.15,92.21714285714286,203,267,52,39,38,0.356,134,78,4
2024,26,Odigbo,3,WHO_literature,2024-06-24,67.02,25.15285714285714,29.08,21.74,91.66857142857143,203,267,52,39,38,0.356,134,78,4
2024,27,Odigbo,2,WHO_literature,2024-07-01,77.02000000000001,25.035714285714285,29.34,22.13,91.07857142857142,203,267,52,39,38,0.356,134,78,4
2024,28,Odigbo,2,WHO_literature,2024-07-08,43.49,25.009999999999998,29.35,21.94,90.48857142857143,203,267,52,39,38,0.356,134,78,4
2024,29,Odigbo,2,WHO_literature,2024-07-15,62.0,24.801428571428573,29.32,22.45,91.8157142857143,203,267,52,39,38,0.356,134,78,4
2024,30,Odigbo,1,WHO_literature,2024-07-22,14.389999999999999,24.8,29.41,21.98,89.89571428571428,203,267,52,39,38,0.356,134,78,4
2024,31,Odigbo,3,WHO_literature,2024-07-29,20.64,24.784285714285716,29.74,21.73,89.41428571428571,203,267,52,39,38,0.356,134,78,4
2024,32,Odigbo,4,WHO_literature,2024-08-05,3.7800000000000002,24.717142857142857,29.75,21.57,87.8157142857143,203,267,52,39,38,0.356,134,78,4
2024,33,Odigbo,4,WHO_literature,2024-08-12,6.83,24.650000000000002,29.24,21.8,88.89142857142858,203,267,52,39,38,0.356,134,78,4
2024,34,Odigbo,4,WHO_literature,2024-08-19,90.77000000000001,24.52285714285714,29.24,22.13,92.27857142857144,203,267,52,39,38,0.356,134,78,4
2024,35,Odigbo,3,WHO_literature,2024-08-26,38.26,24.818571428571428,29.76,22.04,90.71142857142857,203,267,52,39,38,0.356,134,78,4
2024,36,Odigbo,2,WHO_literature,2024-09-02,56.72,24.792857142857144,29.96,21.33,89.49428571428572,203,267,52,39,38,0.356,134,78,4
2024,37,Odigbo,2,WHO_literature,2024-09-09,88.39999999999999,24.88714285714286,29.25,22.28,92.34571428571428,203,267,52,39,38,0.356,134,78,4
2024,38,Odigbo,5,WHO_literature,2024-09-16,43.6,25.087142857142858,29.53,22.26,91.30714285714285,203,267,52,39,38,0.356,134,78,4
2024,39,Odigbo,4,WHO_literature,2024-09-23,39.16,25.065714285714286,29.42,21.83,90.15714285714286,203,267,52,39,38,0.356,134,78,4
2024,40,Odigbo,7,WHO_literature,2024-09-30,60.65,25.017142857142858,29.93,22.2,92.17142857142858,203,267,52,39,38,0.356,134,78,4
2024,41,Odigbo,0,WHO_literature,2024-10-07,43.019999999999996,25.47142857142857,30.08,22.33,89.80857142857143,203,267,52,39,38,0.356,134,78,4
2024,42,Odigbo,0,WHO_literature,2024-10-14,45.92999999999999,24.982857142857142,29.84,21.35,90.69000000000001,203,267,52,39,38,0.356,134,78,4
2024,43,Odigbo,1,WHO_literature,2024-10-21,55.22,25.669999999999998,30.8,21.9,90.92,203,267,52,39,38,0.356,134,78,4
2024,44,Odigbo,2,WHO_literature,2024-10-28,41.31,26.47,31.06,23.15,88.24142857142859,203,267,52,39,38,0.356,134,78,4
2024,45,Odigbo,0,WHO_literature,2024-11-04,11.34,25.84142857142857,30.85,21.68,86.80857142857143,203,267,52,39,38,0.356,134,78,4
2024,46,Odigbo,0,WHO_literature,2024-11-11,1.8900000000000001,26.04,31.2,20.38,82.5442857142857,203,267,52,39,38,0.356,134,78,4
2024,47,Odigbo,0,WHO_literature,2024-11-18,2.77,25.208571428571428,30.6,19.81,79.91285714285713,203,267,52,39,38,0.356,134,78,4
2024,48,Odigbo,1,WHO_literature,2024-11-25,1.0,24.195714285714285,30.09,17.0,74.18999999999998,203,267,52,39,38,0.356,134,78,4
2024,49,Odigbo,0,WHO_literature,2024-12-02,0.02,24.532857142857143,30.66,18.62,77.49142857142859,203,267,52,39,38,0.356,134,78,4
2024,50,Odigbo,0,WHO_literature,2024-12-09,0.09,24.302857142857142,30.85,16.91,73.42857142857143,203,267,52,39,38,0.356,134,78,4
2024,51,Odigbo,0,WHO_literature,2024-12-16,0.0,23.672857142857143,30.27,15.71,68.06571428571428,203,267,52,39,38,0.356,134,78,4
2024,52,Odigbo,1,WHO_literature,2024-12-23,0.0,24.14428571428571,30.93,18.43,76.39142857142858,203,267,52,39,38,0.356,134,78,4
2018,1,Okitipupa,0,WHO_literature,2018-01-01,0.04,21.555714285714284,28.0,14.03,70.26142857142857,287,312,45,32,45,0.445,87,45,3
2018,2,Okitipupa,2,WHO_literature,2018-01-08,0.08,24.835714285714285,30.77,18.35,85.91285714285713,287,312,45,32,45,0.445,87,45,3
2018,3,Okitipupa,1,WHO_literature,2018-01-15,0.01,25.614285714285717,31.5,20.49,83.88571428571429,287,312,45,32,45,0.445,87,45,3
2018,4,Okitipupa,0,WHO_literature,2018-01-22,0.0,23.575714285714287,30.49,16.19,74.5942857142857,287,312,45,32,45,0.445,87,45,3
2018,5,Okitipupa,0,WHO_literature,2018-01-29,0.07,25.32,32.45,17.17,79.53714285714285,287,312,45,32,45,0.445,87,45,3
2018,6,Okitipupa,0,WHO_literature,2018-02-05,28.529999999999998,27.009999999999998,32.55,23.6,90.05999999999999,287,312,45,32,45,0.445,87,45,3
2018,7,Okitipupa,1,WHO_literature,2018-02-12,4.85,26.882857142857144,32.26,24.17,88.88428571428572,287,312,45,32,45,0.445,87,45,3
2018,8,Okitipupa,0,WHO_literature,2018-02-19,27.509999999999998,25.954285714285714,31.34,22.98,91.08571428571429,287,312,45,32,45,0.445,87,45,3
2018,9,Okitipupa,0,WHO_literature,2018-02-26,10.46,26.335714285714285,31.6,23.37,89.83,287,312,45,32,45,0.445,87,45,3
2018,10,Okitipupa,0,WHO_literature,2018-03-05,14.870000000000001,26.525714285714287,31.59,23.56,89.06428571428572,287,312,45,32,45,0.445,87,45,3
2018,11,Okitipupa,0,WHO_literature,2018-03-12,34.33,26.574285714285715,30.86,24.08,91.56714285714285,287,312,45,32,45,0.445,87,45,3
2018,12,Okitipupa,1,WHO_literature,2018-03-19,27.689999999999998,26.072857142857142,30.1,22.98,91.25428571428571,287,312,45,32,45,0.445,87,45,3
2018,13,Okitipupa,0,WHO_literature,2018-03-26,8.95,26.648571428571426,30.37,24.2,91.56428571428572,287,312,45,32,45,0.445,87,45,3
2018,14,Okitipupa,0,WHO_literature,2018-04-02,13.75,26.41,30.82,23.53,92.04142857142857,287,312,45,32,45,0.445,87,45,3
2018,15,Okitipupa,1,WHO_literature,2018-04-09,15.57,26.365714285714287,31.17,23.62,89.73142857142857,287,312,45,32,45,0.445,87,45,3
2018,16,Okitipupa,2,WHO_literature,2018-04-16,25.16,26.50857142857143,30.36,23.91,91.5457142857143,287,312,45,32,45,0.445,87,45,3
2018,17,Okitipupa,3,WHO_literature,2018-04-23,22.41,26.23428571428571,29.44,23.72,93.0442857142857,287,312,45,32,45,0.445,87,45,3
2018,18,Okitipupa,0,WHO_literature,2018-04-30,18.45,26.642857142857142,30.24,23.92,91.08714285714287,287,312,45,32,45,0.445,87,45,3
2018,19,Okitipupa,4,WHO_literature,2018-05-07,57.97,25.487142857142857,28.81,23.23,94.17,287,312,45,32,45,0.445,87,45,3
2018,20,Okitipupa,4,WHO_literature,2018-05-14,24.5,25.990000000000002,29.91,23.36,92.26714285714286,287,312,45,32,45,0.445,87,45,3
2018,21,Okitipupa,3,WHO_literature,2018-05-21,58.81,25.737142857142857,28.55,23.46,94.51714285714286,287,312,45,32,45,0.445,87,45,3
2018,22,Okitipupa,0,WHO_literature,2018-05-28,66.58,25.68285714285714,29.57,23.56,93.97142857142856,287,312,45,32,45,0.445,87,45,3
2018,23,Okitipupa,2,WHO_literature,2018-06-04,62.55,25.419999999999998,29.01,22.59,94.54714285714286,287,312,45,32,45,0.445,87,45,3
2018,24,Okitipupa,10,WHO_literature,2018-06-11,60.1,25.639999999999997,29.27,22.47,93.59142857142857,287,312,45,32,45,0.445,87,45,3
2018,25,Okitipupa,1,WHO_literature,2018-06-18,170.12,24.391428571428573,28.48,22.16,94.87142857142858,287,312,45,32,45,0.445,87,45,3
2018,26,Okitipupa,7,WHO_literature,2018-06-25,102.05,24.56,28.36,21.93,93.27571428571427,287,312,45,32,45,0.445,87,45,3
2018,27,Okitipupa,1,WHO_literature,2018-07-02,56.51,24.821428571428573,29.1,22.46,93.70142857142856,287,312,45,32,45,0.445,87,45,3
2018,28,Okitipupa,3,WHO_literature,2018-07-09,51.31,24.954285714285714,28.88,22.51,92.69142857142857,287,312,45,32,45,0.445,87,45,3
2018,29,Okitipupa,4,WHO_literature,2018-07-16,72.14999999999999,24.665714285714284,28.59,22.57,94.19571428571429,287,312,45,32,45,0.445,87,45,3
2018,30,Okitipupa,5,WHO_literature,2018-07-23,118.72,24.98428571428571,29.41,22.83,92.96857142857142,287,312,45,32,45,0.445,87,45,3
2018,31,Okitipupa,6,WHO_literature,2018-07-30,43.01,24.181428571428572,28.6,21.14,90.77714285714286,287,312,45,32,45,0.445,87,45,3
2018,32,Okitipupa,2,WHO_literature,2018-08-06,25.14,24.572857142857142,29.06,21.81,91.42142857142858,287,312,45,32,45,0.445,87,45,3
2018,33,Okitipupa,3,WHO_literature,2018-08-13,45.73,24.445714285714285,28.72,21.76,93.55999999999999,287,312,45,32,45,0.445,87,45,3
2018,34,Okitipupa,6,WHO_literature,2018-08-20,80.78,24.22,29.49,21.63,93.97285714285714,287,312,45,32,45,0.445,87,45,3
2018,35,Okitipupa,8,WHO_literature,2018-08-27,159.22,24.88,29.1,21.85,92.82142857142857,287,312,45,32,45,0.445,87,45,3
2018,36,Okitipupa,4,WHO_literature,2018-09-03,111.17,24.62142857142857,27.89,22.57,94.94285714285715,287,312,45,32,45,0.445,87,45,3
2018,37,Okitipupa,2,WHO_literature,2018-09-10,45.38,24.84,29.4,22.46,92.88571428571429,287,312,45,32,45,0.445,87,45,3
2018,38,Okitipupa,2,WHO_literature,2018-09-17,70.44,25.504285714285714,29.28,22.92,92.82428571428571,287,312,45,32,45,0.445,87,45,3
2018,39,Okitipupa,8,WHO_literature,2018-09-24,56.800000000000004,25.214285714285715,29.7,22.58,92.67714285714285,287,312,45,32,45,0.445,87,45,3
2018,40,Okitipupa,6,WHO_literature,2018-10-01,52.620000000000005,25.31714285714286,29.27,22.78,92.87142857142858,287,312,45,32,45,0.445,87,45,3
2018,41,Okitipupa,2,WHO_literature,2018-10-08,50.120000000000005,25.274285714285714,29.06,22.27,93.00142857142858,287,312,45,32,45,0.445,87,45,3
2018,42,Okitipupa,6,WHO_literature,2018-10-15,52.71,25.599999999999998,31.26,22.02,92.20428571428572,287,312,45,32,45,0.445,87,45,3
2018,43,Okitipupa,4,WHO_literature,2018-10-22,31.69,25.872857142857146,29.89,23.25,93.54857142857144,287,312,45,32,45,0.445,87,45,3
2018,44,Okitipupa,2,WHO_literature,2018-10-29,109.87,25.875714285714285,28.79,23.71,94.67999999999999,287,312,45,32,45,0.445,87,45,3
2018,45,Okitipupa,2,WHO_literature,2018-11-05,37.22,26.177142857142858,30.41,23.79,92.18142857142857,287,312,45,32,45,0.445,87,45,3
2018,46,Okitipupa,2,WHO_literature,2018-11-12,41.7,26.485714285714288,30.86,23.99,91.59285714285714,287,312,45,32,45,0.445,87,45,3
2018,47,Okitipupa,3,WHO_literature,2018-11-19,31.84,26.5,31.36,23.26,90.36428571428571,287,312,45,32,45,0.445,87,45,3
2018,48,Okitipupa,4,WHO_literature,2018-11-26,1.33,26.701428571428572,31.26,23.2,89.05857142857143,287,312,45,32,45,0.445,87,45,3
2018,49,Okitipupa,0,WHO_literature,2018-12-03,0.13,25.725714285714286,30.52,19.36,82.91428571428571,287,312,45,32,45,0.445,87,45,3
2018,50,Okitipupa,0,WHO_literature,2018-12-10,2.2800000000000002,25.90285714285714,31.21,20.62,85.03714285714285,287,312,45,32,45,0.445,87,45,3
2018,51,Okitipupa,0,WHO_literature,2018-12-17,0.01,24.8,31.03,17.16,77.33285714285715,287,312,45,32,45,0.445,87,45,3
2018,52,Okitipupa,1,WHO_literature,2018-12-24,0.0,24.055714285714284,29.61,18.1,73.15142857142857,287,312,45,32,45,0.445,87,45,3
2019,1,Okitipupa,1,WHO_literature,2019-01-07,0.0,23.887142857142855,30.47,18.59,78.12714285714286,287,312,45,32,45,0.445,87,45,3
2019,2,Okitipupa,0,WHO_literature,2019-01-14,0.0,24.525714285714287,30.16,17.61,82.03999999999999,287,312,45,32,45,0.445,87,45,3
2019,3,Okitipupa,0,WHO_literature,2019-01-21,9.17,26.509999999999998,31.55,23.14,89.59571428571428,287,312,45,32,45,0.445,87,45,3
2019,4,Okitipupa,0,WHO_literature,2019-01-28,7.91,26.69142857142857,32.05,23.19,88.05999999999999,287,312,45,32,45,0.445,87,45,3
2019,5,Okitipupa,0,WHO_literature,2019-02-04,35.78,26.395714285714288,31.51,22.22,90.2942857142857,287,312,45,32,45,0.445,87,45,3
2019,6,Okitipupa,0,WHO_literature,2019-02-11,6.76,26.184285714285714,31.01,21.64,84.39857142857143,287,312,45,32,45,0.445,87,45,3
2019,7,Okitipupa,0,WHO_literature,2019-02-18,0.77,25.43285714285714,31.76,19.55,80.40285714285713,287,312,45,32,45,0.445,87,45,3
2019,8,Okitipupa,0,WHO_literature,2019-02-25,17.66,26.46857142857143,31.12,22.26,91.71000000000001,287,312,45,32,45,0.445,87,45,3
2019,9,Okitipupa,0,WHO_literature,2019-03-04,22.33,25.928571428571427,30.26,23.14,90.26428571428572,287,312,45,32,45,0.445,87,45,3
2019,10,Okitipupa,0,WHO_literature,2019-03-11,42.02,26.55,30.26,23.89,91.12714285714286,287,312,45,32,45,0.445,87,45,3
2019,11,Okitipupa,1,WHO_literature,2019-03-18,8.05,27.109999999999996,32.24,24.2,90.05571428571429,287,312,45,32,45,0.445,87,45,3
2019,12,Okitipupa,0,WHO_literature,2019-03-25,14.250000000000002,26.882857142857144,32.04,23.92,91.45857142857143,287,312,45,32,45,0.445,87,45,3
2019,13,Okitipupa,0,WHO_literature,2019-04-01,1.06,27.017142857142858,31.4,23.84,91.03571428571429,287,312,45,32,45,0.445,87,45,3
2019,14,Okitipupa,1,WHO_literature,2019-04-08,21.87,27.364285714285717,31.3,25.0,90.91285714285713,287,312,45,32,45,0.445,87,45,3
2019,15,Okitipupa,0,WHO_literature,2019-04-15,42.660000000000004,26.364285714285717,30.8,23.93,92.90428571428572,287,312,45,32,45,0.445,87,45,3
2019,16,Okitipupa,2,WHO_literature,2019-04-22,2.37,26.888571428571428,31.35,23.02,90.88714285714286,287,312,45,32,45,0.445,87,45,3
2019,17,Okitipupa,0,WHO_literature,2019-04-29,11.76,27.032857142857143,30.48,24.85,92.22857142857143,287,312,45,32,45,0.445,87,45,3
2019,18,Okitipupa,1,WHO_literature,2019-05-06,19.009999999999998,26.70285714285714,30.07,24.5,93.98428571428572,287,312,45,32,45,0.445,87,45,3
2019,19,Okitipupa,2,WHO_literature,2019-05-13,48.28,26.59857142857143,30.45,24.08,93.21714285714286,287,312,45,32,45,0.445,87,45,3
2019,20,Okitipupa,1,WHO_literature,2019-05-20,42.06,26.05857142857143,30.01,23.49,92.39714285714285,287,312,45,32,45,0.445,87,45,3
2019,21,Okitipupa,0,WHO_literature,2019-05-27,72.64,26.148571428571426,30.07,23.71,94.0442857142857,287,312,45,32,45,0.445,87,45,3
2019,22,Okitipupa,0,WHO_literature,2019-06-03,91.44,25.675714285714285,29.29,23.7,94.45285714285714,287,312,45,32,45,0.445,87,45,3
2019,23,Okitipupa,7,WHO_literature,2019-06-10,62.24,25.56142857142857,29.34,23.26,94.19857142857143,287,312,45,32,45,0.445,87,45,3
2019,24,Okitipupa,0,WHO_literature,2019-06-17,41.550000000000004,25.74857142857143,29.47,23.32,91.55285714285715,287,312,45,32,45,0.445,87,45,3
2019,25,Okitipupa,4,WHO_literature,2019-06-24,40.62,25.764285714285712,29.94,23.5,93.63285714285713,287,312,45,32,45,0.445,87,45,3
2019,26,Okitipupa,1,WHO_literature,2019-07-01,310.90999999999997,25.035714285714285,28.93,22.48,92.96714285714286,287,312,45,32,45,0.445,87,45,3
2019,27,Okitipupa,2,WHO_literature,2019-07-08,32.07,25.505714285714284,29.64,23.15,92.71857142857142,287,312,45,32,45,0.445,87,45,3
2019,28,Okitipupa,2,WHO_literature,2019-07-15,85.67,24.557142857142857,29.38,21.75,92.90714285714286,287,312,45,32,45,0.445,87,45,3
2019,29,Okitipupa,4,WHO_literature,2019-07-22,60.43,24.810000000000002,29.18,22.26,92.92999999999999,287,312,45,32,45,0.445,87,45,3
2019,30,Okitipupa,5,WHO_literature,2019-07-29,79.16,24.75857142857143,28.42,22.77,94.24285714285715,287,312,45,32,45,0.445,87,45,3
2019,31,Okitipupa,2,WHO_literature,2019-08-05,55.769999999999996,24.55857142857143,28.61,22.66,93.52285714285713,287,312,45,32,45,0.445,87,45,3
2019,32,Okitipupa,1,WHO_literature,2019-08-12,59.94,24.50857142857143,28.82,22.45,93.44571428571429,287,312,45,32,45,0.445,87,45,3
2019,33,Okitipupa,4,WHO_literature,2019-08-19,32.96,24.957142857142856,28.95,22.48,91.22857142857143,287,312,45,32,45,0.445,87,45,3
2019,34,Okitipupa,4,WHO_literature,2019-08-26,134.70000000000002,24.552857142857142,28.74,22.04,93.89714285714285,287,312,45,32,45,0.445,87,45,3
2019,35,Okitipupa,4,WHO_literature,2019-09-02,122.57,24.825714285714287,28.99,22.42,92.90714285714286,287,312,45,32,45,0.445,87,45,3
2019,36,Okitipupa,2,WHO_literature,2019-09-09,73.28,24.93285714285714,29.37,22.87,94.24142857142859,287,312,45,32,45,0.445,87,45,3
2019,37,Okitipupa,1,WHO_literature,2019-09-16,103.74,24.982857142857142,28.68,22.92,93.41285714285713,287,312,45,32,45,0.445,87,45,3
2019,38,Okitipupa,3,WHO_literature,2019-09-23,131.76,25.14428571428571,29.14,22.57,94.3157142857143,287,312,45,32,45,0.445,87,45,3
2019,39,Okitipupa,6,WHO_literature,2019-09-30,86.14,24.98,28.75,22.25,93.58714285714287,287,312,45,32,45,0.445,87,45,3
2019,40,Okitipupa,2,WHO_literature,2019-10-07,231.82000000000002,24.837142857142855,29.43,22.51,93.07285714285715,287,312,45,32,45,0.445,87,45,3
2019,41,Okitipupa,3,WHO_literature,2019-10-14,92.59,24.892857142857142,28.92,22.24,94.19428571428571,287,312,45,32,45,0.445,87,45,3
2019,42,Okitipupa,2,WHO_literature,2019-10-21,50.83,25.072857142857142,29.63,22.1,92.43285714285715,287,312,45,32,45,0.445,87,45,3
2019,43,Okitipupa,2,WHO_literature,2019-10-28,78.55,25.365714285714287,29.72,22.62,92.97714285714287,287,312,45,32,45,0.445,87,45,3
2019,44,Okitipupa,2,WHO_literature,2019-11-04,72.98,25.30857142857143,29.09,22.34,92.77428571428571,287,312,45,32,45,0.445,87,45,3
2019,45,Okitipupa,2,WHO_literature,2019-11-11,32.32,26.377142857142854,30.63,23.41,91.63285714285713,287,312,45,32,45,0.445,87,45,3
2019,46,Okitipupa,3,WHO_literature,2019-11-18,26.599999999999998,26.244285714285716,30.39,23.53,93.08571428571429,287,312,45,32,45,0.445,87,45,3
2019,47,Okitipupa,0,WHO_literature,2019-11-25,15.85,26.552857142857142,31.23,23.56,91.57857142857142,287,312,45,32,45,0.445,87,45,3
2019,48,Okitipupa,0,WHO_literature,2019-12-02,5.52,26.694285714285716,31.34,22.86,89.58000000000001,287,312,45,32,45,0.445,87,45,3
2019,49,Okitipupa,0,WHO_literature,2019-12-09,15.08,26.428571428571427,30.91,23.16,88.84285714285714,287,312,45,32,45,0.445,87,45,3
2019,50,Okitipupa,0,WHO_literature,2019-12-16,18.68,26.181428571428572,31.36,20.02,81.68142857142857,287,312,45,32,45,0.445,87,45,3
2019,51,Okitipupa,1,WHO_literature,2019-12-23,0.99,25.66142857142857,31.14,19.24,76.70142857142856,287,312,45,32,45,0.445,87,45,3
2019,52,Okitipupa,0,WHO_literature,2019-12-30,0.0,24.11285714285714,30.04,17.0,70.54571428571428,287,312,45,32,45,0.445,87,45,3
2020,1,Okitipupa,0,WHO_literature,2020-01-06,0.0,22.884285714285713,29.59,16.53,73.89714285714285,287,312,45,32,45,0.445,87,45,3
2020,2,Okitipupa,0,WHO_literature,2020-01-13,0.23,24.934285714285714,30.11,18.49,80.47,287,312,45,32,45,0.445,87,45,3
2020,3,Okitipupa,0,WHO_literature,2020-01-20,0.15,25.827142857142857,32.18,18.97,83.31285714285715,287,312,45,32,45,0.445,87,45,3
2020,4,Okitipupa,0,WHO_literature,2020-01-27,0.0,23.148571428571426,30.64,13.24,72.42142857142856,287,312,45,32,45,0.445,87,45,3
2020,5,Okitipupa,0,WHO_literature,2020-02-03,0.0,23.627142857142854,30.38,15.53,69.46285714285715,287,312,45,32,45,0.445,87,45,3
2020,6,Okitipupa,0,WHO_literature,2020-02-10,0.0,25.557142857142857,31.79,17.82,80.88,287,312,45,32,45,0.445,87,45,3
2020,7,Okitipupa,0,WHO_literature,2020-02-17,0.0,24.747142857142855,31.05,17.48,75.46000000000001,287,312,45,32,45,0.445,87,45,3
2020,8,Okitipupa,0,WHO_literature,2020-02-24,0.0,27.32,33.07,23.58,86.99142857142859,287,312,45,32,45,0.445,87,45,3
2020,9,Okitipupa,0,WHO_literature,2020-03-02,0.9400000000000001,27.291428571428572,32.24,24.58,87.02,287,312,45,32,45,0.445,87,45,3
2020,10,Okitipupa,0,WHO_literature,2020-03-09,24.77,27.02285714285714,32.15,22.6,88.86571428571428,287,312,45,32,45,0.445,87,45,3
2020,11,Okitipupa,0,WHO_literature,2020-03-16,65.81,27.045714285714286,31.27,24.06,91.83714285714287,287,312,45,32,45,0.445,87,45,3
2020,12,Okitipupa,0,WHO_literature,2020-03-23,18.56,27.247142857142855,31.32,24.91,90.86142857142856,287,312,45,32,45,0.445,87,45,3
2020,13,Okitipupa,0,WHO_literature,2020-03-30,47.7,26.37857142857143,30.9,23.14,91.73285714285714,287,312,45,32,45,0.445,87,45,3
2020,14,Okitipupa,0,WHO_literature,2020-04-06,20.650000000000002,26.77285714285714,32.3,24.35,92.12571428571428,287,312,45,32,45,0.445,87,45,3
2020,15,Okitipupa,0,WHO_literature,2020-04-13,33.68,26.475714285714282,31.43,22.67,90.45857142857143,287,312,45,32,45,0.445,87,45,3
2020,16,Okitipupa,0,WHO_literature,2020-04-20,1.65,27.61285714285714,31.98,24.58,88.52142857142857,287,312,45,32,45,0.445,87,45,3
2020,17,Okitipupa,0,WHO_literature,2020-04-27,50.68,26.22,30.02,23.76,93.21857142857142,287,312,45,32,45,0.445,87,45,3
2020,18,Okitipupa,0,WHO_literature,2020-05-04,49.29,26.582857142857144,30.77,23.38,92.8,287,312,45,32,45,0.445,87,45,3
2020,19,Okitipupa,0,WHO_literature,2020-05-11,23.310000000000002,26.98428571428571,31.28,24.21,90.71000000000001,287,312,45,32,45,0.445,87,45,3
2020,20,Okitipupa,0,WHO_literature,2020-05-18,27.75,26.232857142857142,29.9,23.2,91.98571428571428,287,312,45,32,45,0.445,87,45,3
2020,21,Okitipupa,0,WHO_literature,2020-05-25,33.53,26.124285714285715,30.44,23.62,93.20428571428572,287,312,45,32,45,0.445,87,45,3
2020,22,Okitipupa,1,WHO_literature,2020-06-01,33.12,25.794285714285714,28.61,23.73,94.68857142857142,287,312,45,32,45,0.445,87,45,3
2020,23,Okitipupa,0,WHO_literature,2020-06-08,65.02,25.67142857142857,29.1,23.08,93.98714285714286,287,312,45,32,45,0.445,87,45,3
2020,24,Okitipupa,3,WHO_literature,2020-06-15,56.4,25.25857142857143,29.22,22.81,93.46000000000001,287,312,45,32,45,0.445,87,45,3
2020,25,Okitipupa,0,WHO_literature,2020-06-22,86.14999999999999,25.419999999999998,29.86,22.46,93.50571428571428,287,312,45,32,45,0.445,87,45,3
2020,26,Okitipupa,1,WHO_literature,2020-06-29,114.59,25.114285714285717,29.77,22.56,93.91142857142857,287,312,45,32,45,0.445,87,45,3
2020,27,Okitipupa,1,WHO_literature,2020-07-06,140.91,24.81,29.06,22.73,93.77142857142857,287,312,45,32,45,0.445,87,45,3
2020,28,Okitipupa,0,WHO_literature,2020-07-13,117.10000000000001,24.41,28.46,22.29,94.8442857142857,287,312,45,32,45,0.445,87,45,3
2020,29,Okitipupa,1,WHO_literature,2020-07-20,56.82,24.107142857142858,27.33,22.13,93.7957142857143,287,312,45,32,45,0.445,87,45,3
2020,30,Okitipupa,0,WHO_literature,2020-07-27,54.97,24.41,28.26,22.32,93.24428571428572,287,312,45,32,45,0.445,87,45,3
2020,31,Okitipupa,1,WHO_literature,2020-08-03,25.369999999999997,24.145714285714288,28.39,21.69,91.07285714285715,287,312,45,32,45,0.445,87,45,3
2020,32,Okitipupa,1,WHO_literature,2020-08-10,3.25,23.45,28.36,19.4,88.47285714285714,287,312,45,32,45,0.445,87,45,3
2020,33,Okitipupa,0,WHO_literature,2020-08-17,3.84,23.954285714285714,29.12,19.38,88.05428571428571,287,312,45,32,45,0.445,87,45,3
2020,34,Okitipupa,0,WHO_literature,2020-08-24,32.150000000000006,24.465714285714284,29.53,21.47,91.0457142857143,287,312,45,32,45,0.445,87,45,3
2020,35,Okitipupa,0,WHO_literature,2020-08-31,22.740000000000002,24.147142857142857,29.17,21.09,90.4057142857143,287,312,45,32,45,0.445,87,45,3
2020,36,Okitipupa,1,WHO_literature,2020-09-07,99.9,24.521428571428572,29.79,22.04,92.21000000000001,287,312,45,32,45,0.445,87,45,3
2020,37,Okitipupa,1,WHO_literature,2020-09-14,163.08999999999997,24.595714285714283,29.89,21.87,92.92999999999999,287,312,45,32,45,0.445,87,45,3
2020,38,Okitipupa,0,WHO_literature,2020-09-21,105.49,24.75857142857143,29.68,22.45,92.9557142857143,287,312,45,32,45,0.445,87,45,3
2020,39,Okitipupa,1,WHO_literature,2020-09-28,96.41,24.62285714285714,29.02,21.89,93.44857142857143,287,312,45,32,45,0.445,87,45,3
2020,40,Okitipupa,0,WHO_literature,2020-10-05,40.41,25.02285714285714,29.32,22.13,92.76714285714286,287,312,45,32,45,0.445,87,45,3
2020,41,Okitipupa,1,WHO_literature,2020-10-12,44.04,24.85571428571429,29.04,21.44,92.28857142857143,287,312,45,32,45,0.445,87,45,3
2020,42,Okitipupa,0,WHO_literature,2020-10-19,53.75,25.28,30.01,22.42,91.55714285714285,287,312,45,32,45,0.445,87,45,3
2020,43,Okitipupa,0,WHO_literature,2020-10-26,24.94,25.91857142857143,30.01,23.0,91.64999999999999,287,312,45,32,45,0.445,87,45,3
2020,44,Okitipupa,2,WHO_literature,2020-11-02,34.5,26.147142857142857,30.88,23.15,91.37428571428572,287,312,45,32,45,0.445,87,45,3
2020,45,Okitipupa,0,WHO_literature,2020-11-09,27.43,26.135714285714283,30.87,22.83,90.6557142857143,287,312,45,32,45,0.445,87,45,3
2020,46,Okitipupa,0,WHO_literature,2020-11-16,31.369999999999997,25.5,29.01,21.98,89.28,287,312,45,32,45,0.445,87,45,3
2020,47,Okitipupa,0,WHO_literature,2020-11-23,11.0,26.23428571428571,30.33,22.84,87.82428571428571,287,312,45,32,45,0.445,87,45,3
2020,48,Okitipupa,0,WHO_literature,2020-11-30,100.57000000000001,26.59714285714286,31.34,23.0,89.34857142857143,287,312,45,32,45,0.445,87,45,3
2020,49,Okitipupa,0,WHO_literature,2020-12-07,11.34,26.648571428571426,31.49,22.86,87.57285714285715,287,312,45,32,45,0.445,87,45,3
2020,50,Okitipupa,0,WHO_literature,2020-12-14,11.07,25.68285714285714,30.68,20.87,91.59285714285714,287,312,45,32,45,0.445,87,45,3
2020,51,Okitipupa,0,WHO_literature,2020-12-21,19.13,26.00142857142857,30.66,23.2,91.52714285714286,287,312,45,32,45,0.445,87,45,3
2020,52,Okitipupa,0,WHO_literature,2020-12-28,3.3699999999999997,25.752857142857145,30.94,20.35,87.91571428571429,287,312,45,32,45,0.445,87,45,3
2021,1,Okitipupa,0,WHO_literature,2021-01-04,33.3,26.419999999999998,31.43,23.79,91.53714285714285,287,312,45,32,45,0.445,87,45,3
2021,2,Okitipupa,0,WHO_literature,2021-01-11,0.93,26.555714285714284,32.27,22.95,85.43571428571428,287,312,45,32,45,0.445,87,45,3
2021,3,Okitipupa,2,WHO_literature,2021-01-18,0.13,25.11285714285714,31.93,18.37,76.52428571428571,287,312,45,32,45,0.445,87,45,3
2021,4,Okitipupa,1,WHO_literature,2021-01-25,5.13,26.02285714285714,31.63,20.74,88.98571428571428,287,312,45,32,45,0.445,87,45,3
2021,5,Okitipupa,0,WHO_literature,2021-02-01,3.02,26.64428571428571,31.55,23.27,87.99285714285715,287,312,45,32,45,0.445,87,45,3
2021,6,Okitipupa,1,WHO_literature,2021-02-08,20.37,27.368571428571425,33.02,24.02,88.04714285714284,287,312,45,32,45,0.445,87,45,3
2021,7,Okitipupa,1,WHO_literature,2021-02-15,3.4899999999999998,24.708571428571428,31.48,17.59,75.96285714285715,287,312,45,32,45,0.445,87,45,3
2021,8,Okitipupa,1,WHO_literature,2021-02-22,4.44,25.988571428571426,30.17,20.38,89.24857142857142,287,312,45,32,45,0.445,87,45,3
2021,9,Okitipupa,1,WHO_literature,2021-03-01,1.73,27.237142857142857,32.4,23.76,88.61142857142856,287,312,45,32,45,0.445,87,45,3
2021,10,Okitipupa,1,WHO_literature,2021-03-08,47.349999999999994,26.304285714285715,30.13,24.19,93.36857142857143,287,312,45,32,45,0.445,87,45,3
2021,11,Okitipupa,0,WHO_literature,2021-03-15,12.98,25.72142857142857,30.07,23.29,91.36142857142856,287,312,45,32,45,0.445,87,45,3
2021,12,Okitipupa,0,WHO_literature,2021-03-22,29.2,26.377142857142854,31.69,23.79,90.33714285714287,287,312,45,32,45,0.445,87,45,3
2021,13,Okitipupa,1,WHO_literature,2021-03-29,1.42,27.181428571428572,31.62,24.11,88.56714285714285,287,312,45,32,45,0.445,87,45,3
2021,14,Okitipupa,5,WHO_literature,2021-04-05,55.629999999999995,26.74285714285714,31.04,24.48,92.94571428571429,287,312,45,32,45,0.445,87,45,3
2021,15,Okitipupa,7,WHO_literature,2021-04-12,125.50999999999999,26.0,29.86,23.67,92.76,287,312,45,32,45,0.445,87,45,3
2021,16,Okitipupa,5,WHO_literature,2021-04-19,49.42,26.23428571428571,29.45,23.52,93.53999999999999,287,312,45,32,45,0.445,87,45,3
2021,17,Okitipupa,2,WHO_literature,2021-04-26,16.46,26.72714285714286,30.74,24.32,92.22857142857143,287,312,45,32,45,0.445,87,45,3
2021,18,Okitipupa,3,WHO_literature,2021-05-03,49.4,25.525714285714287,29.44,22.78,92.31714285714285,287,312,45,32,45,0.445,87,45,3
2021,19,Okitipupa,3,WHO_literature,2021-05-10,19.08,26.082857142857144,30.01,21.67,92.98,287,312,45,32,45,0.445,87,45,3
2021,20,Okitipupa,5,WHO_literature,2021-05-17,36.64,26.12285714285714,29.84,22.86,93.38,287,312,45,32,45,0.445,87,45,3
2021,21,Okitipupa,14,WHO_literature,2021-05-24,42.54,26.425714285714285,30.21,24.21,94.58285714285715,287,312,45,32,45,0.445,87,45,3
2021,22,Okitipupa,3,WHO_literature,2021-05-31,79.19,26.011428571428574,29.77,23.22,92.8442857142857,287,312,45,32,45,0.445,87,45,3
2021,23,Okitipupa,21,WHO_literature,2021-06-07,25.86,25.84857142857143,30.02,23.22,91.61571428571428,287,312,45,32,45,0.445,87,45,3
2021,24,Okitipupa,10,WHO_literature,2021-06-14,115.04,25.377142857142854,29.25,23.26,95.03285714285714,287,312,45,32,45,0.445,87,45,3
2021,25,Okitipupa,18,WHO_literature,2021-06-21,57.379999999999995,24.997142857142858,29.03,22.88,93.30142857142857,287,312,45,32,45,0.445,87,45,3
2021,26,Okitipupa,17,WHO_literature,2021-06-28,67.26,24.802857142857142,29.28,22.0,93.16,287,312,45,32,45,0.445,87,45,3
2021,27,Okitipupa,12,WHO_literature,2021-07-05,48.24,24.782857142857143,28.83,22.29,92.80285714285715,287,312,45,32,45,0.445,87,45,3
2021,28,Okitipupa,13,WHO_literature,2021-07-12,142.6,24.904285714285713,28.48,22.6,92.28714285714285,287,312,45,32,45,0.445,87,45,3
2021,29,Okitipupa,9,WHO_literature,2021-07-19,27.86,24.69,28.68,21.57,90.32857142857142,287,312,45,32,45,0.445,87,45,3
2021,30,Okitipupa,13,WHO_literature,2021-07-26,28.119999999999997,24.412857142857142,28.78,21.63,90.86857142857141,287,312,45,32,45,0.445,87,45,3
2021,31,Okitipupa,14,WHO_literature,2021-08-02,84.13,24.594285714285714,28.23,22.4,94.27,287,312,45,32,45,0.445,87,45,3
2021,32,Okitipupa,12,WHO_literature,2021-08-09,129.17,24.610000000000003,28.61,22.3,92.96285714285715,287,312,45,32,45,0.445,87,45,3
2021,33,Okitipupa,13,WHO_literature,2021-08-16,118.94,24.385714285714283,28.11,22.49,94.05,287,312,45,32,45,0.445,87,45,3
2021,34,Okitipupa,9,WHO_literature,2021-08-23,67.62,25.22,29.03,22.8,92.92142857142858,287,312,45,32,45,0.445,87,45,3
2021,35,Okitipupa,16,WHO_literature,2021-08-30,181.61,25.00142857142857,28.81,22.44,93.03714285714285,287,312,45,32,45,0.445,87,45,3
2021,36,Okitipupa,22,WHO_literature,2021-09-06,48.11,25.16857142857143,28.92,22.8,93.74571428571429,287,312,45,32,45,0.445,87,45,3
2021,37,Okitipupa,10,WHO_literature,2021-09-13,46.22,25.102857142857143,28.97,22.2,92.24285714285715,287,312,45,32,45,0.445,87,45,3
2021,38,Okitipupa,16,WHO_literature,2021-09-20,103.44,24.885714285714283,28.96,21.52,92.5942857142857,287,312,45,32,45,0.445,87,45,3
2021,39,Okitipupa,13,WHO_literature,2021-09-27,42.2,25.298571428571428,29.38,22.62,92.69428571428571,287,312,45,32,45,0.445,87,45,3
2021,40,Okitipupa,5,WHO_literature,2021-10-04,53.58,25.919999999999998,30.58,23.42,93.24714285714286,287,312,45,32,45,0.445,87,45,3
2021,41,Okitipupa,6,WHO_literature,2021-10-11,46.63,25.701428571428572,29.56,23.29,93.28285714285714,287,312,45,32,45,0.445,87,45,3
2021,42,Okitipupa,8,WHO_literature,2021-10-18,35.35,25.72714285714286,30.36,23.01,91.27,287,312,45,32,45,0.445,87,45,3
2021,43,Okitipupa,10,WHO_literature,2021-10-25,68.18,25.849999999999998,29.93,23.44,93.21285714285715,287,312,45,32,45,0.445,87,45,3
2021,44,Okitipupa,9,WHO_literature,2021-11-01,72.53,25.875714285714285,29.39,23.3,93.25428571428571,287,312,45,32,45,0.445,87,45,3
2021,45,Okitipupa,8,WHO_literature,2021-11-08,130.29,25.995714285714286,29.93,23.64,93.86857142857143,287,312,45,32,45,0.445,87,45,3
2021,46,Okitipupa,1,WHO_literature,2021-11-15,33.910000000000004,26.377142857142854,29.79,23.7,92.12,287,312,45,32,45,0.445,87,45,3
2021,47,Okitipupa,0,NCDC_real,2021-11-22,40.81,26.268571428571427,30.63,23.7,92.35714285714286,287,312,45,32,45,0.445,87,45,3
2021,48,Okitipupa,2,WHO_literature,2021-11-29,7.63,26.50857142857143,31.18,23.48,89.76428571428572,287,312,45,32,45,0.445,87,45,3
2021,49,Okitipupa,1,WHO_literature,2021-12-06,1.4300000000000002,26.064285714285713,30.99,20.72,87.51428571428572,287,312,45,32,45,0.445,87,45,3
2021,50,Okitipupa,0,NCDC_real,2021-12-13,6.35,25.08142857142857,31.46,17.83,85.71857142857142,287,312,45,32,45,0.445,87,45,3
2021,51,Okitipupa,0,WHO_literature,2021-12-20,3.0899999999999994,24.198571428571427,31.2,17.82,84.04285714285713,287,312,45,32,45,0.445,87,45,3
2021,52,Okitipupa,0,WHO_literature,2021-12-27,11.649999999999999,25.40285714285714,30.54,19.63,85.81428571428572,287,312,45,32,45,0.445,87,45,3
2022,1,Okitipupa,0,WHO_literature,2022-01-03,17.450000000000003,24.662857142857142,30.93,18.41,83.91714285714285,287,312,45,32,45,0.445,87,45,3
2022,2,Okitipupa,2,WHO_literature,2022-01-10,16.43,26.05857142857143,31.43,22.91,89.84714285714286,287,312,45,32,45,0.445,87,45,3
2022,3,Okitipupa,0,WHO_literature,2022-01-17,11.110000000000001,23.115714285714287,31.04,16.44,77.98857142857142,287,312,45,32,45,0.445,87,45,3
2022,4,Okitipupa,0,WHO_literature,2022-01-24,2.36,22.594285714285714,29.47,15.33,75.08714285714287,287,312,45,32,45,0.445,87,45,3
2022,5,Okitipupa,1,WHO_literature,2022-01-31,0.0,22.442857142857143,29.09,14.28,71.39142857142858,287,312,45,32,45,0.445,87,45,3
2022,6,Okitipupa,1,WHO_literature,2022-02-07,1.76,25.771428571428572,32.01,17.73,82.48714285714286,287,312,45,32,45,0.445,87,45,3
2022,7,Okitipupa,0,WHO_literature,2022-02-14,0.56,26.995714285714286,32.59,23.6,87.50285714285714,287,312,45,32,45,0.445,87,45,3
2022,8,Okitipupa,1,WHO_literature,2022-02-21,1.3,27.29714285714286,32.29,23.63,87.41,287,312,45,32,45,0.445,87,45,3
2022,9,Okitipupa,0,WHO_literature,2022-02-28,31.93,26.50857142857143,31.64,24.09,91.38285714285715,287,312,45,32,45,0.445,87,45,3
2022,10,Okitipupa,0,WHO_literature,2022-03-07,27.15,26.65857142857143,30.45,23.98,91.23857142857142,287,312,45,32,45,0.445,87,45,3
2022,11,Okitipupa,0,WHO_literature,2022-03-14,7.83,27.04,31.85,24.23,91.17714285714285,287,312,45,32,45,0.445,87,45,3
2022,12,Okitipupa,0,WHO_literature,2022-03-21,6.67,27.14428571428571,32.78,24.71,90.75285714285714,287,312,45,32,45,0.445,87,45,3
2022,13,Okitipupa,0,WHO_literature,2022-03-28,13.48,27.09142857142857,32.14,23.87,90.02285714285713,287,312,45,32,45,0.445,87,45,3
2022,14,Okitipupa,1,WHO_literature,2022-04-04,38.25,26.43285714285714,30.94,22.9,92.22,287,312,45,32,45,0.445,87,45,3
2022,15,Okitipupa,2,WHO_literature,2022-04-11,22.08,26.141428571428573,30.4,23.28,91.02142857142857,287,312,45,32,45,0.445,87,45,3
2022,16,Okitipupa,4,WHO_literature,2022-04-18,43.760000000000005,26.18,30.52,23.59,91.27285714285713,287,312,45,32,45,0.445,87,45,3
2022,17,Okitipupa,3,WHO_literature,2022-04-25,101.02,25.860000000000003,29.18,23.08,93.49571428571429,287,312,45,32,45,0.445,87,45,3
2022,18,Okitipupa,0,WHO_literature,2022-05-02,29.349999999999998,26.172857142857143,30.04,23.62,92.58000000000001,287,312,45,32,45,0.445,87,45,3
2022,19,Okitipupa,2,WHO_literature,2022-05-09,23.69,26.497142857142855,30.26,24.16,92.46285714285715,287,312,45,32,45,0.445,87,45,3
2022,20,Okitipupa,11,WHO_literature,2022-05-16,59.65,25.965714285714284,29.77,23.64,94.50142857142858,287,312,45,32,45,0.445,87,45,3
2022,21,Okitipupa,1,WHO_literature,2022-05-23,37.86,25.314285714285713,29.42,22.23,92.11428571428571,287,312,45,32,45,0.445,87,45,3
2022,22,Okitipupa,7,WHO_literature,2022-05-30,74.37,25.885714285714283,29.65,23.15,93.54571428571428,287,312,45,32,45,0.445,87,45,3
2022,23,Okitipupa,3,WHO_literature,2022-06-06,179.86,25.124285714285715,28.1,22.64,95.12857142857142,287,312,45,32,45,0.445,87,45,3
2022,24,Okitipupa,5,WHO_literature,2022-06-13,40.43,25.042857142857144,29.01,22.27,93.96285714285715,287,312,45,32,45,0.445,87,45,3
2022,25,Okitipupa,7,WHO_literature,2022-06-20,46.08,24.72714285714286,27.58,22.62,95.06714285714285,287,312,45,32,45,0.445,87,45,3
2022,26,Okitipupa,8,WHO_literature,2022-06-27,69.97,24.948571428571427,29.13,22.29,92.47714285714287,287,312,45,32,45,0.445,87,45,3
2022,27,Okitipupa,11,WHO_literature,2022-07-04,102.13,24.962857142857143,29.58,22.87,94.1842857142857,287,312,45,32,45,0.445,87,45,3
2022,28,Okitipupa,5,WHO_literature,2022-07-11,19.37,24.944285714285716,29.14,22.63,90.76142857142858,287,312,45,32,45,0.445,87,45,3
2022,29,Okitipupa,11,WHO_literature,2022-07-18,75.56,24.464285714285715,28.99,21.5,90.75,287,312,45,32,45,0.445,87,45,3
2022,30,Okitipupa,12,WHO_literature,2022-07-25,60.97,24.381428571428568,28.1,22.34,93.66285714285713,287,312,45,32,45,0.445,87,45,3
2022,31,Okitipupa,10,WHO_literature,2022-08-01,6.8100000000000005,24.375714285714285,28.94,21.19,88.63428571428572,287,312,45,32,45,0.445,87,45,3
2022,32,Okitipupa,11,WHO_literature,2022-08-08,61.85,24.315714285714282,28.59,22.07,93.01285714285714,287,312,45,32,45,0.445,87,45,3
2022,33,Okitipupa,10,WHO_literature,2022-08-15,34.019999999999996,24.388571428571428,29.19,21.12,91.08857142857143,287,312,45,32,45,0.445,87,45,3
2022,34,Okitipupa,14,WHO_literature,2022-08-22,77.23,24.282857142857143,28.57,21.67,92.69428571428571,287,312,45,32,45,0.445,87,45,3
2022,35,Okitipupa,13,WHO_literature,2022-08-29,39.64,24.764285714285712,29.19,21.89,91.67285714285715,287,312,45,32,45,0.445,87,45,3
2022,36,Okitipupa,13,WHO_literature,2022-09-05,38.74,24.795714285714286,29.29,22.34,91.82857142857142,287,312,45,32,45,0.445,87,45,3
2022,37,Okitipupa,13,WHO_literature,2022-09-12,62.78,24.762857142857143,29.97,22.4,93.40142857142857,287,312,45,32,45,0.445,87,45,3
2022,38,Okitipupa,12,WHO_literature,2022-09-19,110.94,24.802857142857142,28.78,22.58,93.23,287,312,45,32,45,0.445,87,45,3
2022,39,Okitipupa,6,WHO_literature,2022-09-26,67.91,24.349999999999998,28.7,22.14,93.18571428571428,287,312,45,32,45,0.445,87,45,3
2022,40,Okitipupa,4,WHO_literature,2022-10-03,48.08,25.19142857142857,29.37,22.0,91.83285714285715,287,312,45,32,45,0.445,87,45,3
2022,41,Okitipupa,6,WHO_literature,2022-10-10,51.230000000000004,25.40142857142857,29.14,22.74,92.58571428571429,287,312,45,32,45,0.445,87,45,3
2022,42,Okitipupa,8,WHO_literature,2022-10-17,64.03,26.05857142857143,30.58,23.1,92.29285714285713,287,312,45,32,45,0.445,87,45,3
2022,43,Okitipupa,8,WHO_literature,2022-10-24,13.799999999999999,26.217142857142857,31.05,23.76,90.66285714285713,287,312,45,32,45,0.445,87,45,3
2022,44,Okitipupa,10,WHO_literature,2022-10-31,40.02,26.09857142857143,30.36,22.42,91.48142857142857,287,312,45,32,45,0.445,87,45,3
2022,45,Okitipupa,1,WHO_literature,2022-11-07,9.89,26.47,30.95,23.52,89.68285714285715,287,312,45,32,45,0.445,87,45,3
2022,46,Okitipupa,1,WHO_literature,2022-11-14,4.22,26.08857142857143,30.62,23.14,88.91,287,312,45,32,45,0.445,87,45,3
2022,47,Okitipupa,1,WHO_literature,2022-11-21,4.77,25.93857142857143,30.69,21.19,87.08142857142856,287,312,45,32,45,0.445,87,45,3
2022,48,Okitipupa,3,WHO_literature,2022-11-28,16.16,26.002857142857145,30.21,22.96,89.95142857142856,287,312,45,32,45,0.445,87,45,3
2022,49,Okitipupa,0,WHO_literature,2022-12-05,0.24,25.139999999999997,29.77,18.52,84.02857142857144,287,312,45,32,45,0.445,87,45,3
2022,50,Okitipupa,0,WHO_literature,2022-12-12,26.34,25.51571428571429,30.45,21.53,91.75714285714285,287,312,45,32,45,0.445,87,45,3
2022,51,Okitipupa,0,WHO_literature,2022-12-19,0.0,22.86285714285714,28.97,15.66,76.99285714285715,287,312,45,32,45,0.445,87,45,3
2022,52,Okitipupa,0,WHO_literature,2022-12-26,0.0,22.31142857142857,28.76,15.45,74.55285714285715,287,312,45,32,45,0.445,87,45,3
2023,1,Okitipupa,1,WHO_literature,2023-01-02,0.5,24.305714285714284,30.23,17.25,75.88571428571429,287,312,45,32,45,0.445,87,45,3
2023,2,Okitipupa,0,WHO_literature,2023-01-09,0.0,23.215714285714284,29.42,15.27,70.41857142857143,287,312,45,32,45,0.445,87,45,3
2023,3,Okitipupa,0,WHO_literature,2023-01-16,1.83,25.33285714285714,31.47,17.97,81.56857142857143,287,312,45,32,45,0.445,87,45,3
2023,4,Okitipupa,1,WHO_literature,2023-01-23,5.76,26.127142857142854,31.19,23.14,90.69714285714285,287,312,45,32,45,0.445,87,45,3
2023,5,Okitipupa,0,WHO_literature,2023-01-30,2.66,26.381428571428575,31.94,23.16,89.80571428571429,287,312,45,32,45,0.445,87,45,3
2023,6,Okitipupa,0,WHO_literature,2023-02-06,1.9700000000000002,27.16,33.44,23.14,84.47571428571429,287,312,45,32,45,0.445,87,45,3
2023,7,Okitipupa,1,WHO_literature,2023-02-13,0.0,23.74142857142857,30.23,17.02,73.27428571428571,287,312,45,32,45,0.445,87,45,3
2023,8,Okitipupa,1,WHO_literature,2023-02-20,28.48,25.93,31.09,18.71,86.62142857142858,287,312,45,32,45,0.445,87,45,3
2023,9,Okitipupa,0,WHO_literature,2023-02-27,21.32,26.41142857142857,29.85,23.72,92.27857142857144,287,312,45,32,45,0.445,87,45,3
2023,10,Okitipupa,0,WHO_literature,2023-03-06,31.99,26.59857142857143,31.05,24.1,90.74428571428572,287,312,45,32,45,0.445,87,45,3
2023,11,Okitipupa,0,WHO_literature,2023-03-13,44.2,25.837142857142858,30.38,23.38,91.40142857142857,287,312,45,32,45,0.445,87,45,3
2023,12,Okitipupa,0,WHO_literature,2023-03-20,38.32,26.08142857142857,31.48,22.96,88.71571428571428,287,312,45,32,45,0.445,87,45,3
2023,13,Okitipupa,0,WHO_literature,2023-03-27,12.75,26.611428571428572,31.25,23.7,89.51571428571428,287,312,45,32,45,0.445,87,45,3
2023,14,Okitipupa,2,WHO_literature,2023-04-03,40.8,26.53,30.46,23.79,91.63714285714286,287,312,45,32,45,0.445,87,45,3
2023,15,Okitipupa,2,WHO_literature,2023-04-10,25.029999999999998,26.631428571428575,30.28,24.0,92.75428571428571,287,312,45,32,45,0.445,87,45,3
2023,16,Okitipupa,1,WHO_literature,2023-04-17,25.700000000000003,26.777142857142856,31.16,24.2,91.84,287,312,45,32,45,0.445,87,45,3
2023,17,Okitipupa,0,WHO_literature,2023-04-24,69.89,25.972857142857144,30.21,23.61,92.4542857142857,287,312,45,32,45,0.445,87,45,3
2023,18,Okitipupa,0,WHO_literature,2023-05-01,12.42,26.117142857142856,30.1,22.91,91.30714285714285,287,312,45,32,45,0.445,87,45,3
2023,19,Okitipupa,6,WHO_literature,2023-05-08,28.26,26.701428571428572,30.48,24.31,93.02571428571427,287,312,45,32,45,0.445,87,45,3
2023,20,Okitipupa,0,WHO_literature,2023-05-15,32.14,26.75,30.14,24.0,93.3,287,312,45,32,45,0.445,87,45,3
2023,21,Okitipupa,4,WHO_literature,2023-05-22,26.55,26.585714285714285,29.92,23.87,93.5942857142857,287,312,45,32,45,0.445,87,45,3
2023,22,Okitipupa,1,WHO_literature,2023-05-29,34.06,26.451428571428572,30.5,23.69,92.94428571428571,287,312,45,32,45,0.445,87,45,3
2023,23,Okitipupa,2,WHO_literature,2023-06-05,179.69,25.534285714285716,29.39,23.43,94.24714285714286,287,312,45,32,45,0.445,87,45,3
2023,24,Okitipupa,2,WHO_literature,2023-06-12,75.18,25.564285714285713,29.43,23.03,93.01714285714286,287,312,45,32,45,0.445,87,45,3
2023,25,Okitipupa,4,WHO_literature,2023-06-19,64.11,25.33857142857143,28.37,22.7,92.63,287,312,45,32,45,0.445,87,45,3
2023,26,Okitipupa,5,WHO_literature,2023-06-26,54.62,25.027142857142856,29.21,23.05,93.64999999999999,287,312,45,32,45,0.445,87,45,3
2023,27,Okitipupa,1,WHO_literature,2023-07-03,65.03,25.349999999999998,29.81,22.77,93.67142857142858,287,312,45,32,45,0.445,87,45,3
2023,28,Okitipupa,2,WHO_literature,2023-07-10,16.35,25.9,30.5,22.98,91.37714285714286,287,312,45,32,45,0.445,87,45,3
2023,29,Okitipupa,5,WHO_literature,2023-07-17,58.7,25.514285714285712,28.87,23.37,93.77285714285713,287,312,45,32,45,0.445,87,45,3
2023,30,Okitipupa,4,WHO_literature,2023-07-24,79.86,25.268571428571427,29.76,22.88,92.95142857142856,287,312,45,32,45,0.445,87,45,3
2023,31,Okitipupa,4,WHO_literature,2023-07-31,22.759999999999998,25.231428571428573,29.84,22.71,91.17142857142858,287,312,45,32,45,0.445,87,45,3
2023,32,Okitipupa,5,WHO_literature,2023-08-07,22.990000000000002,25.22714285714286,29.71,23.02,91.29857142857144,287,312,45,32,45,0.445,87,45,3
2023,33,Okitipupa,2,WHO_literature,2023-08-14,21.84,25.434285714285714,30.41,22.89,91.72714285714287,287,312,45,32,45,0.445,87,45,3
2023,34,Okitipupa,3,WHO_literature,2023-08-21,27.270000000000003,25.52,29.9,23.39,92.45142857142856,287,312,45,32,45,0.445,87,45,3
2023,35,Okitipupa,10,WHO_literature,2023-08-28,85.31,25.024285714285718,28.96,22.64,93.37285714285714,287,312,45,32,45,0.445,87,45,3
2023,36,Okitipupa,5,WHO_literature,2023-09-04,88.39,25.34,30.08,22.55,93.36428571428571,287,312,45,32,45,0.445,87,45,3
2023,37,Okitipupa,6,WHO_literature,2023-09-11,111.09,25.365714285714287,29.09,23.55,94.4557142857143,287,312,45,32,45,0.445,87,45,3
2023,38,Okitipupa,5,WHO_literature,2023-09-18,66.49,25.640000000000004,30.36,23.45,93.02142857142857,287,312,45,32,45,0.445,87,45,3
2023,39,Okitipupa,2,WHO_literature,2023-09-25,64.73,26.28857142857143,30.82,23.6,92.12142857142858,287,312,45,32,45,0.445,87,45,3
2023,40,Okitipupa,2,WHO_literature,2023-10-02,103.58,26.12714285714286,29.81,23.84,93.07857142857142,287,312,45,32,45,0.445,87,45,3
2023,41,Okitipupa,5,WHO_literature,2023-10-09,56.51,26.025714285714287,30.35,23.89,93.80571428571429,287,312,45,32,45,0.445,87,45,3
2023,42,Okitipupa,5,WHO_literature,2023-10-16,35.07,25.96857142857143,30.36,22.78,93.31428571428572,287,312,45,32,45,0.445,87,45,3
2023,43,Okitipupa,7,WHO_literature,2023-10-23,10.58,26.277142857142856,30.8,23.64,91.55571428571429,287,312,45,32,45,0.445,87,45,3
2023,44,Okitipupa,1,WHO_literature,2023-10-30,72.37,26.101428571428574,29.51,23.9,93.60714285714286,287,312,45,32,45,0.445,87,45,3
2023,45,Okitipupa,0,WHO_literature,2023-11-06,27.41,26.454285714285714,30.36,24.3,92.74428571428572,287,312,45,32,45,0.445,87,45,3
2023,46,Okitipupa,1,WHO_literature,2023-11-13,12.68,26.57428571428571,30.52,22.7,91.25428571428571,287,312,45,32,45,0.445,87,45,3
2023,47,Okitipupa,2,WHO_literature,2023-11-20,31.36,26.335714285714285,30.92,23.64,92.36285714285714,287,312,45,32,45,0.445,87,45,3
2023,48,Okitipupa,0,WHO_literature,2023-11-27,9.42,26.73,31.37,22.93,90.17999999999999,287,312,45,32,45,0.445,87,45,3
2023,49,Okitipupa,0,WHO_literature,2023-12-04,1.0,26.804285714285715,31.78,23.73,89.20571428571428,287,312,45,32,45,0.445,87,45,3
2023,50,Okitipupa,0,WHO_literature,2023-12-11,0.0,24.851428571428574,31.21,17.58,76.20714285714287,287,312,45,32,45,0.445,87,45,3
2023,51,Okitipupa,0,WHO_literature,2023-12-18,0.01,25.60571428571429,30.96,19.24,80.43714285714285,287,312,45,32,45,0.445,87,45,3
2023,52,Okitipupa,0,WHO_literature,2023-12-25,0.01,25.65142857142857,31.18,18.55,77.05,287,312,45,32,45,0.445,87,45,3
2024,1,Okitipupa,0,WHO_literature,2024-01-01,1.95,27.285714285714285,32.31,22.73,86.87,287,312,45,32,45,0.445,87,45,3
2024,2,Okitipupa,0,WHO_literature,2024-01-08,3.58,27.267142857142858,32.7,22.57,83.60142857142857,287,312,45,32,45,0.445,87,45,3
2024,3,Okitipupa,0,WHO_literature,2024-01-15,0.02,24.201428571428572,31.35,15.72,69.27571428571429,287,312,45,32,45,0.445,87,45,3
2024,4,Okitipupa,0,WHO_literature,2024-01-22,8.9,24.731428571428573,32.29,16.56,76.75857142857141,287,312,45,32,45,0.445,87,45,3
2024,5,Okitipupa,0,WHO_literature,2024-01-29,0.0,25.217142857142857,31.23,17.96,77.11142857142856,287,312,45,32,45,0.445,87,45,3
2024,6,Okitipupa,1,WHO_literature,2024-02-05,0.04,24.747142857142855,32.49,17.53,74.53857142857143,287,312,45,32,45,0.445,87,45,3
2024,7,Okitipupa,0,WHO_literature,2024-02-12,0.93,27.795714285714286,33.02,24.04,86.88714285714286,287,312,45,32,45,0.445,87,45,3
2024,8,Okitipupa,0,WHO_literature,2024-02-19,35.31,27.475714285714286,32.97,22.83,86.27571428571427,287,312,45,32,45,0.445,87,45,3
2024,9,Okitipupa,0,WHO_literature,2024-02-26,1.54,27.571428571428573,33.2,24.13,88.58,287,312,45,32,45,0.445,87,45,3
2024,10,Okitipupa,0,WHO_literature,2024-03-04,11.09,27.351428571428574,31.5,24.79,90.53,287,312,45,32,45,0.445,87,45,3
2024,11,Okitipupa,0,WHO_literature,2024-03-11,6.03,27.912857142857142,33.72,24.99,88.72428571428573,287,312,45,32,45,0.445,87,45,3
2024,12,Okitipupa,0,WHO_literature,2024-03-18,6.28,27.647142857142857,32.27,25.25,90.53142857142858,287,312,45,32,45,0.445,87,45,3
2024,13,Okitipupa,0,WHO_literature,2024-03-25,6.15,27.7,31.73,25.36,91.03428571428572,287,312,45,32,45,0.445,87,45,3
2024,14,Okitipupa,1,WHO_literature,2024-04-01,17.54,27.497142857142855,31.07,25.27,91.64999999999999,287,312,45,32,45,0.445,87,45,3
2024,15,Okitipupa,1,WHO_literature,2024-04-08,32.32,27.138571428571428,30.44,24.65,92.48571428571428,287,312,45,32,45,0.445,87,45,3
2024,16,Okitipupa,0,WHO_literature,2024-04-15,8.2,27.574285714285715,31.18,25.42,91.92571428571429,287,312,45,32,45,0.445,87,45,3
2024,17,Okitipupa,0,WHO_literature,2024-04-22,48.76,27.404285714285713,30.73,25.28,93.32714285714285,287,312,45,32,45,0.445,87,45,3
2024,18,Okitipupa,1,WHO_literature,2024-04-29,75.24000000000001,27.11285714285714,30.41,24.49,94.08714285714287,287,312,45,32,45,0.445,87,45,3
2024,19,Okitipupa,0,WHO_literature,2024-05-06,9.9,27.32857142857143,30.41,25.01,91.96714285714286,287,312,45,32,45,0.445,87,45,3
2024,20,Okitipupa,3,WHO_literature,2024-05-13,44.4,27.192857142857143,31.18,24.29,92.48285714285714,287,312,45,32,45,0.445,87,45,3
2024,21,Okitipupa,1,WHO_literature,2024-05-20,94.39,26.860000000000003,30.95,23.76,92.72714285714287,287,312,45,32,45,0.445,87,45,3
2024,22,Okitipupa,1,WHO_literature,2024-05-27,37.46,26.657142857142855,30.04,24.27,93.64714285714285,287,312,45,32,45,0.445,87,45,3
2024,23,Okitipupa,2,WHO_literature,2024-06-03,48.62,26.351428571428574,29.75,24.09,93.54571428571428,287,312,45,32,45,0.445,87,45,3
2024,24,Okitipupa,4,WHO_literature,2024-06-10,56.43,26.164285714285715,30.18,23.51,92.70714285714287,287,312,45,32,45,0.445,87,45,3
2024,25,Okitipupa,5,WHO_literature,2024-06-17,40.89,26.102857142857143,30.22,23.33,93.25714285714285,287,312,45,32,45,0.445,87,45,3
2024,26,Okitipupa,1,WHO_literature,2024-06-24,79.17,25.698571428571427,29.17,22.82,92.7957142857143,287,312,45,32,45,0.445,87,45,3
2024,27,Okitipupa,1,WHO_literature,2024-07-01,93.73,25.535714285714285,29.61,23.15,92.03571428571429,287,312,45,32,45,0.445,87,45,3
2024,28,Okitipupa,3,WHO_literature,2024-07-08,46.57,25.40857142857143,29.25,22.66,91.53142857142858,287,312,45,32,45,0.445,87,45,3
2024,29,Okitipupa,3,WHO_literature,2024-07-15,63.95,25.22714285714286,29.32,23.44,92.90285714285714,287,312,45,32,45,0.445,87,45,3
2024,30,Okitipupa,3,WHO_literature,2024-07-22,15.010000000000002,25.264285714285712,29.45,22.81,90.64428571428572,287,312,45,32,45,0.445,87,45,3
2024,31,Okitipupa,2,WHO_literature,2024-07-29,21.81,25.16142857142857,29.51,22.56,90.21714285714286,287,312,45,32,45,0.445,87,45,3
2024,32,Okitipupa,1,WHO_literature,2024-08-05,2.52,25.075714285714287,29.6,22.39,88.60000000000001,287,312,45,32,45,0.445,87,45,3
2024,33,Okitipupa,8,WHO_literature,2024-08-12,5.99,25.125714285714285,29.24,22.6,89.49714285714286,287,312,45,32,45,0.445,87,45,3
2024,34,Okitipupa,6,WHO_literature,2024-08-19,66.89,25.045714285714286,29.49,23.03,93.04285714285713,287,312,45,32,45,0.445,87,45,3
2024,35,Okitipupa,5,WHO_literature,2024-08-26,39.56,25.277142857142856,29.52,22.84,91.23142857142857,287,312,45,32,45,0.445,87,45,3
2024,36,Okitipupa,6,WHO_literature,2024-09-02,40.77,25.24285714285714,30.13,22.41,90.61571428571428,287,312,45,32,45,0.445,87,45,3
2024,37,Okitipupa,3,WHO_literature,2024-09-09,83.28,25.240000000000002,29.58,23.12,93.57857142857142,287,312,45,32,45,0.445,87,45,3
2024,38,Okitipupa,2,WHO_literature,2024-09-16,41.12,25.55,29.66,23.14,92.67285714285715,287,312,45,32,45,0.445,87,45,3
2024,39,Okitipupa,4,WHO_literature,2024-09-23,31.47,25.454285714285714,29.69,22.54,91.20428571428572,287,312,45,32,45,0.445,87,45,3
2024,40,Okitipupa,6,WHO_literature,2024-09-30,66.64,25.38,29.92,23.05,93.41571428571429,287,312,45,32,45,0.445,87,45,3
2024,41,Okitipupa,4,WHO_literature,2024-10-07,47.6,25.694285714285716,30.27,23.14,91.82285714285715,287,312,45,32,45,0.445,87,45,3
2024,42,Okitipupa,6,WHO_literature,2024-10-14,56.910000000000004,25.494285714285716,30.25,22.59,92.21285714285715,287,312,45,32,45,0.445,87,45,3
2024,43,Okitipupa,1,WHO_literature,2024-10-21,58.55,26.055714285714284,30.57,23.54,93.26714285714286,287,312,45,32,45,0.445,87,45,3
2024,44,Okitipupa,0,WHO_literature,2024-10-28,56.85,26.81,31.18,23.89,91.23142857142857,287,312,45,32,45,0.445,87,45,3
2024,45,Okitipupa,1,WHO_literature,2024-11-04,17.45,26.377142857142854,30.89,23.53,90.16571428571429,287,312,45,32,45,0.445,87,45,3
2024,46,Okitipupa,1,WHO_literature,2024-11-11,3.52,26.715714285714284,31.11,22.5,86.79142857142857,287,312,45,32,45,0.445,87,45,3
2024,47,Okitipupa,1,WHO_literature,2024-11-18,4.45,26.18857142857143,30.88,21.64,84.90142857142857,287,312,45,32,45,0.445,87,45,3
2024,48,Okitipupa,0,WHO_literature,2024-11-25,2.0300000000000002,24.85,30.14,18.29,80.03571428571429,287,312,45,32,45,0.445,87,45,3
2024,49,Okitipupa,0,WHO_literature,2024-12-02,0.03,25.41142857142857,31.04,20.14,83.36428571428571,287,312,45,32,45,0.445,87,45,3
2024,50,Okitipupa,0,WHO_literature,2024-12-09,0.17,24.768571428571427,31.15,18.45,81.11285714285714,287,312,45,32,45,0.445,87,45,3
2024,51,Okitipupa,1,WHO_literature,2024-12-16,0.01,23.928571428571427,30.11,16.69,73.02285714285713,287,312,45,32,45,0.445,87,45,3
2024,52,Okitipupa,0,WHO_literature,2024-12-23,0.0,24.93285714285714,31.0,19.31,82.99000000000001,287,312,45,32,45,0.445,87,45,3
2018,1,Ondo East,0,WHO_literature,2018-01-01,0.0,21.178571428571427,28.07,13.95,64.42,198,178,56,44,33,0.334,212,112,5
2018,2,Ondo East,0,WHO_literature,2018-01-08,0.36000000000000004,23.91857142857143,30.65,17.02,79.42714285714285,198,178,56,44,33,0.334,212,112,5
2018,3,Ondo East,0,WHO_literature,2018-01-15,0.0,24.478571428571428,31.04,18.04,76.7757142857143,198,178,56,44,33,0.334,212,112,5
2018,4,Ondo East,0,WHO_literature,2018-01-22,0.0,23.22142857142857,30.69,16.16,67.51,198,178,56,44,33,0.334,212,112,5
2018,5,Ondo East,0,WHO_literature,2018-01-29,0.5,24.49142857142857,32.81,16.44,73.15857142857143,198,178,56,44,33,0.334,212,112,5
2018,6,Ondo East,0,WHO_literature,2018-02-05,29.33,26.532857142857143,32.82,22.12,87.82857142857142,198,178,56,44,33,0.334,212,112,5
2018,7,Ondo East,0,WHO_literature,2018-02-12,15.35,26.45,32.84,22.56,85.30571428571429,198,178,56,44,33,0.334,212,112,5
2018,8,Ondo East,0,WHO_literature,2018-02-19,28.94,25.324285714285715,30.9,21.56,89.32857142857142,198,178,56,44,33,0.334,212,112,5
2018,9,Ondo East,0,WHO_literature,2018-02-26,7.66,25.75142857142857,32.18,22.45,88.41142857142857,198,178,56,44,33,0.334,212,112,5
2018,10,Ondo East,0,WHO_literature,2018-03-05,12.55,25.984285714285715,31.73,22.36,87.94857142857143,198,178,56,44,33,0.334,212,112,5
2018,11,Ondo East,0,WHO_literature,2018-03-12,28.3,26.00142857142857,30.96,22.63,89.96428571428571,198,178,56,44,33,0.334,212,112,5
2018,12,Ondo East,0,WHO_literature,2018-03-19,20.48,25.607142857142858,31.43,21.68,89.26571428571428,198,178,56,44,33,0.334,212,112,5
2018,13,Ondo East,0,WHO_literature,2018-03-26,5.97,26.13714285714286,30.77,23.26,89.90428571428572,198,178,56,44,33,0.334,212,112,5
2018,14,Ondo East,1,WHO_literature,2018-04-02,11.23,25.852857142857143,30.74,22.53,90.59,198,178,56,44,33,0.334,212,112,5
2018,15,Ondo East,1,WHO_literature,2018-04-09,13.85,25.832857142857144,30.96,22.59,88.76571428571428,198,178,56,44,33,0.334,212,112,5
2018,16,Ondo East,0,WHO_literature,2018-04-16,23.36,25.93857142857143,30.5,23.13,90.39142857142858,198,178,56,44,33,0.334,212,112,5
2018,17,Ondo East,0,WHO_literature,2018-04-23,18.71,25.632857142857144,29.53,22.6,91.42571428571429,198,178,56,44,33,0.334,212,112,5
2018,18,Ondo East,1,WHO_literature,2018-04-30,21.19,26.09714285714286,30.14,22.85,89.99714285714286,198,178,56,44,33,0.334,212,112,5
2018,19,Ondo East,0,WHO_literature,2018-05-07,53.39,24.972857142857144,29.0,22.19,91.93142857142857,198,178,56,44,33,0.334,212,112,5
2018,20,Ondo East,3,WHO_literature,2018-05-14,28.33,25.514285714285712,29.97,22.18,91.11285714285714,198,178,56,44,33,0.334,212,112,5
2018,21,Ondo East,1,WHO_literature,2018-05-21,46.82,25.24142857142857,28.84,22.38,92.99285714285715,198,178,56,44,33,0.334,212,112,5
2018,22,Ondo East,1,WHO_literature,2018-05-28,57.57,25.211428571428574,29.6,22.47,92.20285714285714,198,178,56,44,33,0.334,212,112,5
2018,23,Ondo East,2,WHO_literature,2018-06-04,76.72999999999999,24.919999999999998,29.0,21.87,93.17428571428572,198,178,56,44,33,0.334,212,112,5
2018,24,Ondo East,3,WHO_literature,2018-06-11,44.72,25.087142857142855,29.02,21.58,92.25,198,178,56,44,33,0.334,212,112,5
2018,25,Ondo East,3,WHO_literature,2018-06-18,152.79,23.74857142857143,28.37,21.25,94.07142857142857,198,178,56,44,33,0.334,212,112,5
2018,26,Ondo East,1,WHO_literature,2018-06-25,95.72,24.12285714285714,28.56,20.96,91.7,198,178,56,44,33,0.334,212,112,5
2018,27,Ondo East,1,WHO_literature,2018-07-02,62.53,24.22714285714286,28.58,21.48,92.79142857142857,198,178,56,44,33,0.334,212,112,5
2018,28,Ondo East,2,WHO_literature,2018-07-09,42.46,24.525714285714287,28.96,21.76,91.36285714285714,198,178,56,44,33,0.334,212,112,5
2018,29,Ondo East,2,WHO_literature,2018-07-16,92.2,24.15142857142857,28.7,21.55,93.06285714285714,198,178,56,44,33,0.334,212,112,5
2018,30,Ondo East,2,WHO_literature,2018-07-23,107.52000000000001,24.56857142857143,29.65,21.9,91.99428571428572,198,178,56,44,33,0.334,212,112,5
2018,31,Ondo East,1,WHO_literature,2018-07-30,66.31,23.728571428571428,28.46,20.17,90.69428571428571,198,178,56,44,33,0.334,212,112,5
2018,32,Ondo East,1,WHO_literature,2018-08-06,28.33,24.13,28.88,20.76,91.09142857142857,198,178,56,44,33,0.334,212,112,5
2018,33,Ondo East,3,WHO_literature,2018-08-13,42.519999999999996,23.96,28.55,20.97,92.58,198,178,56,44,33,0.334,212,112,5
2018,34,Ondo East,2,WHO_literature,2018-08-20,105.91,23.599999999999998,29.13,20.89,94.01857142857143,198,178,56,44,33,0.334,212,112,5
2018,35,Ondo East,3,WHO_literature,2018-08-27,166.96,24.53142857142857,28.96,21.31,91.92714285714285,198,178,56,44,33,0.334,212,112,5
2018,36,Ondo East,3,WHO_literature,2018-09-03,186.60999999999999,24.077142857142857,27.73,21.6,94.01571428571428,198,178,56,44,33,0.334,212,112,5
2018,37,Ondo East,2,WHO_literature,2018-09-10,42.12,24.314285714285713,28.84,21.53,92.23714285714286,198,178,56,44,33,0.334,212,112,5
2018,38,Ondo East,2,WHO_literature,2018-09-17,78.9,25.131428571428575,29.02,22.13,91.65428571428572,198,178,56,44,33,0.334,212,112,5
2018,39,Ondo East,2,WHO_literature,2018-09-24,51.88,24.759999999999998,29.38,21.67,91.78,198,178,56,44,33,0.334,212,112,5
2018,40,Ondo East,3,WHO_literature,2018-10-01,37.199999999999996,24.81714285714286,29.06,21.9,92.22142857142856,198,178,56,44,33,0.334,212,112,5
2018,41,Ondo East,3,WHO_literature,2018-10-08,46.980000000000004,24.931428571428572,29.31,21.18,91.54714285714286,198,178,56,44,33,0.334,212,112,5
2018,42,Ondo East,4,WHO_literature,2018-10-15,46.99,25.297142857142855,31.07,20.96,89.87285714285714,198,178,56,44,33,0.334,212,112,5
2018,43,Ondo East,1,WHO_literature,2018-10-22,25.69,25.271428571428572,29.78,21.83,92.57285714285715,198,178,56,44,33,0.334,212,112,5
2018,44,Ondo East,0,WHO_literature,2018-10-29,87.92999999999999,25.389999999999997,29.55,22.62,92.80571428571429,198,178,56,44,33,0.334,212,112,5
2018,45,Ondo East,0,WHO_literature,2018-11-05,24.15,25.624285714285715,30.5,22.72,90.14999999999999,198,178,56,44,33,0.334,212,112,5
2018,46,Ondo East,1,WHO_literature,2018-11-12,32.46,25.90285714285714,31.04,21.93,87.46714285714286,198,178,56,44,33,0.334,212,112,5
2018,47,Ondo East,0,WHO_literature,2018-11-19,18.34,25.65857142857143,31.18,19.98,86.70714285714287,198,178,56,44,33,0.334,212,112,5
2018,48,Ondo East,0,WHO_literature,2018-11-26,0.78,25.801428571428573,31.06,20.74,86.01714285714286,198,178,56,44,33,0.334,212,112,5
2018,49,Ondo East,0,WHO_literature,2018-12-03,0.07,25.017142857142858,30.05,18.31,77.56285714285715,198,178,56,44,33,0.334,212,112,5
2018,50,Ondo East,0,WHO_literature,2018-12-10,0.9400000000000001,25.072857142857142,31.07,18.46,78.28428571428572,198,178,56,44,33,0.334,212,112,5
2018,51,Ondo East,0,WHO_literature,2018-12-17,0.0,24.04,30.99,16.29,72.12857142857142,198,178,56,44,33,0.334,212,112,5
2018,52,Ondo East,0,WHO_literature,2018-12-24,0.0,23.337142857142858,29.57,16.87,68.82714285714286,198,178,56,44,33,0.334,212,112,5
2019,1,Ondo East,0,WHO_literature,2019-01-07,0.0,23.40142857142857,30.4,17.68,72.38714285714285,198,178,56,44,33,0.334,212,112,5
2019,2,Ondo East,0,WHO_literature,2019-01-14,0.0,23.802857142857142,30.34,17.01,76.57857142857142,198,178,56,44,33,0.334,212,112,5
2019,3,Ondo East,0,WHO_literature,2019-01-21,6.41,25.745714285714286,31.51,21.68,87.45714285714287,198,178,56,44,33,0.334,212,112,5
2019,4,Ondo East,0,WHO_literature,2019-01-28,7.42,26.131428571428575,32.06,21.62,85.48,198,178,56,44,33,0.334,212,112,5
2019,5,Ondo East,0,WHO_literature,2019-02-04,33.57,25.67571428571429,31.59,20.58,88.23,198,178,56,44,33,0.334,212,112,5
2019,6,Ondo East,0,WHO_literature,2019-02-11,4.76,25.601428571428574,31.33,20.94,81.21142857142857,198,178,56,44,33,0.334,212,112,5
2019,7,Ondo East,0,WHO_literature,2019-02-18,0.83,24.872857142857146,31.51,18.18,72.06428571428572,198,178,56,44,33,0.334,212,112,5
2019,8,Ondo East,0,WHO_literature,2019-02-25,16.85,25.585714285714285,31.26,21.26,89.83,198,178,56,44,33,0.334,212,112,5
2019,9,Ondo East,0,WHO_literature,2019-03-04,15.79,25.14428571428571,30.09,21.45,88.00571428571428,198,178,56,44,33,0.334,212,112,5
2019,10,Ondo East,0,WHO_literature,2019-03-11,32.26,25.79,29.85,22.62,90.10571428571428,198,178,56,44,33,0.334,212,112,5
2019,11,Ondo East,0,WHO_literature,2019-03-18,6.15,26.425714285714285,32.27,23.1,88.83857142857143,198,178,56,44,33,0.334,212,112,5
2019,12,Ondo East,0,WHO_literature,2019-03-25,11.910000000000002,26.254285714285714,32.31,22.72,89.97571428571429,198,178,56,44,33,0.334,212,112,5
2019,13,Ondo East,0,WHO_literature,2019-04-01,1.22,26.267142857142858,31.35,22.87,90.4342857142857,198,178,56,44,33,0.334,212,112,5
2019,14,Ondo East,0,WHO_literature,2019-04-08,18.96,26.834285714285716,31.91,23.8,89.35714285714286,198,178,56,44,33,0.334,212,112,5
2019,15,Ondo East,0,WHO_literature,2019-04-15,35.68,25.66142857142857,30.56,22.52,91.35714285714286,198,178,56,44,33,0.334,212,112,5
2019,16,Ondo East,0,WHO_literature,2019-04-22,3.63,26.21857142857143,30.83,22.11,90.26571428571428,198,178,56,44,33,0.334,212,112,5
2019,17,Ondo East,2,WHO_literature,2019-04-29,13.75,26.47142857142857,30.76,23.97,91.14999999999999,198,178,56,44,33,0.334,212,112,5
2019,18,Ondo East,0,WHO_literature,2019-05-06,15.58,26.12142857142857,29.47,23.61,92.50571428571428,198,178,56,44,33,0.334,212,112,5
2019,19,Ondo East,3,WHO_literature,2019-05-13,48.86,25.987142857142857,30.51,23.0,91.7957142857143,198,178,56,44,33,0.334,212,112,5
2019,20,Ondo East,0,WHO_literature,2019-05-20,38.37,25.382857142857144,29.58,22.43,91.56857142857143,198,178,56,44,33,0.334,212,112,5
2019,21,Ondo East,1,WHO_literature,2019-05-27,46.25,25.737142857142857,29.94,22.88,92.00142857142858,198,178,56,44,33,0.334,212,112,5
2019,22,Ondo East,1,WHO_literature,2019-06-03,77.58,25.201428571428572,29.21,22.77,92.69428571428571,198,178,56,44,33,0.334,212,112,5
2019,23,Ondo East,3,WHO_literature,2019-06-10,57.82,24.995714285714286,29.45,22.19,93.23857142857142,198,178,56,44,33,0.334,212,112,5
2019,24,Ondo East,2,WHO_literature,2019-06-17,28.53,25.28,29.65,22.41,90.74571428571429,198,178,56,44,33,0.334,212,112,5
2019,25,Ondo East,0,WHO_literature,2019-06-24,35.510000000000005,25.445714285714285,30.01,22.67,91.84714285714286,198,178,56,44,33,0.334,212,112,5
2019,26,Ondo East,1,WHO_literature,2019-07-01,278.93,24.669999999999998,29.2,21.47,91.55714285714285,198,178,56,44,33,0.334,212,112,5
2019,27,Ondo East,2,WHO_literature,2019-07-08,25.33,25.17285714285714,29.79,22.36,91.78428571428572,198,178,56,44,33,0.334,212,112,5
2019,28,Ondo East,1,WHO_literature,2019-07-15,79.96000000000001,24.165714285714284,29.53,20.94,91.63714285714286,198,178,56,44,33,0.334,212,112,5
2019,29,Ondo East,1,WHO_literature,2019-07-22,62.39,24.437142857142856,29.22,21.46,91.42857142857143,198,178,56,44,33,0.334,212,112,5
2019,30,Ondo East,1,WHO_literature,2019-07-29,82.05,24.365714285714287,28.21,21.97,93.25428571428571,198,178,56,44,33,0.334,212,112,5
2019,31,Ondo East,1,WHO_literature,2019-08-05,47.29,24.071428571428573,29.03,21.53,92.48142857142857,198,178,56,44,33,0.334,212,112,5
2019,32,Ondo East,3,WHO_literature,2019-08-12,58.449999999999996,24.118571428571425,28.88,21.63,92.42571428571429,198,178,56,44,33,0.334,212,112,5
2019,33,Ondo East,1,WHO_literature,2019-08-19,35.519999999999996,24.55,28.9,21.76,90.67428571428572,198,178,56,44,33,0.334,212,112,5
2019,34,Ondo East,2,WHO_literature,2019-08-26,115.57000000000001,23.964285714285715,28.79,21.09,92.86142857142856,198,178,56,44,33,0.334,212,112,5
2019,35,Ondo East,3,WHO_literature,2019-09-02,148.24,24.312857142857144,28.27,21.39,91.97285714285714,198,178,56,44,33,0.334,212,112,5
2019,36,Ondo East,2,WHO_literature,2019-09-09,65.38,24.45,29.45,21.84,93.17714285714285,198,178,56,44,33,0.334,212,112,5
2019,37,Ondo East,2,WHO_literature,2019-09-16,114.71000000000001,24.521428571428572,28.39,21.91,92.7042857142857,198,178,56,44,33,0.334,212,112,5
2019,38,Ondo East,2,WHO_literature,2019-09-23,114.22,24.650000000000002,28.82,21.85,93.32857142857142,198,178,56,44,33,0.334,212,112,5
2019,39,Ondo East,3,WHO_literature,2019-09-30,87.11,24.551428571428573,28.59,21.33,92.75857142857141,198,178,56,44,33,0.334,212,112,5
2019,40,Ondo East,3,WHO_literature,2019-10-07,165.98,24.22714285714286,29.19,21.62,92.5942857142857,198,178,56,44,33,0.334,212,112,5
2019,41,Ondo East,1,WHO_literature,2019-10-14,149.97,24.27857142857143,28.46,21.18,93.97428571428573,198,178,56,44,33,0.334,212,112,5
2019,42,Ondo East,0,WHO_literature,2019-10-21,84.26,24.54714285714286,29.57,21.22,92.13285714285713,198,178,56,44,33,0.334,212,112,5
2019,43,Ondo East,0,WHO_literature,2019-10-28,85.62,24.802857142857142,29.45,20.92,91.42142857142858,198,178,56,44,33,0.334,212,112,5
2019,44,Ondo East,0,WHO_literature,2019-11-04,66.36,24.770000000000003,29.15,21.34,91.44714285714285,198,178,56,44,33,0.334,212,112,5
2019,45,Ondo East,1,WHO_literature,2019-11-11,19.42,26.132857142857144,30.98,22.59,88.33714285714287,198,178,56,44,33,0.334,212,112,5
2019,46,Ondo East,0,WHO_literature,2019-11-18,24.35,25.868571428571432,30.28,22.43,90.11142857142856,198,178,56,44,33,0.334,212,112,5
2019,47,Ondo East,0,WHO_literature,2019-11-25,11.34,26.08857142857143,31.07,22.72,89.21142857142857,198,178,56,44,33,0.334,212,112,5
2019,48,Ondo East,0,WHO_literature,2019-12-02,3.3,26.15142857142857,31.43,20.9,85.06714285714285,198,178,56,44,33,0.334,212,112,5
2019,49,Ondo East,0,WHO_literature,2019-12-09,32.36,25.72714285714286,30.66,20.92,85.34857142857143,198,178,56,44,33,0.334,212,112,5
2019,50,Ondo East,0,WHO_literature,2019-12-16,11.31,25.490000000000002,30.92,19.16,78.60000000000001,198,178,56,44,33,0.334,212,112,5
2019,51,Ondo East,0,WHO_literature,2019-12-23,0.33999999999999997,24.97142857142857,31.13,18.2,70.67428571428572,198,178,56,44,33,0.334,212,112,5
2019,52,Ondo East,0,WHO_literature,2019-12-30,0.0,23.551428571428573,30.49,15.87,65.45285714285714,198,178,56,44,33,0.334,212,112,5
2020,1,Ondo East,0,WHO_literature,2020-01-06,0.0,22.085714285714285,29.52,15.54,70.05714285714286,198,178,56,44,33,0.334,212,112,5
2020,2,Ondo East,0,WHO_literature,2020-01-13,0.14,24.555714285714284,30.64,18.13,75.23285714285714,198,178,56,44,33,0.334,212,112,5
2020,3,Ondo East,0,WHO_literature,2020-01-20,0.09,25.004285714285714,32.25,18.18,75.61714285714285,198,178,56,44,33,0.334,212,112,5
2020,4,Ondo East,0,WHO_literature,2020-01-27,0.0,22.777142857142856,30.98,13.07,63.614285714285714,198,178,56,44,33,0.334,212,112,5
2020,5,Ondo East,0,WHO_literature,2020-02-03,0.0,23.111428571428572,30.68,15.0,61.535714285714285,198,178,56,44,33,0.334,212,112,5
2020,6,Ondo East,0,WHO_literature,2020-02-10,0.0,24.744285714285716,31.55,16.48,73.92857142857143,198,178,56,44,33,0.334,212,112,5
2020,7,Ondo East,0,WHO_literature,2020-02-17,0.0,24.25714285714286,32.1,16.73,68.04142857142857,198,178,56,44,33,0.334,212,112,5
2020,8,Ondo East,0,WHO_literature,2020-02-24,0.0,26.62857142857143,33.45,21.84,83.41857142857144,198,178,56,44,33,0.334,212,112,5
2020,9,Ondo East,0,WHO_literature,2020-03-02,0.6799999999999999,26.55,32.05,23.02,83.99571428571429,198,178,56,44,33,0.334,212,112,5
2020,10,Ondo East,0,WHO_literature,2020-03-09,18.71,26.38,32.71,21.37,87.36285714285714,198,178,56,44,33,0.334,212,112,5
2020,11,Ondo East,0,WHO_literature,2020-03-16,43.56,26.431428571428572,31.33,22.71,89.52285714285713,198,178,56,44,33,0.334,212,112,5
2020,12,Ondo East,0,WHO_literature,2020-03-23,14.169999999999998,26.65285714285714,31.18,23.92,89.32285714285715,198,178,56,44,33,0.334,212,112,5
2020,13,Ondo East,0,WHO_literature,2020-03-30,33.23,25.73428571428571,30.8,22.31,90.36,198,178,56,44,33,0.334,212,112,5
2020,14,Ondo East,0,WHO_literature,2020-04-06,17.96,25.985714285714288,31.25,23.32,91.58142857142856,198,178,56,44,33,0.334,212,112,5
2020,15,Ondo East,0,WHO_literature,2020-04-13,30.830000000000002,25.672857142857143,31.59,21.39,88.5,198,178,56,44,33,0.334,212,112,5
2020,16,Ondo East,1,WHO_literature,2020-04-20,1.94,27.247142857142855,32.34,23.61,86.58,198,178,56,44,33,0.334,212,112,5
2020,17,Ondo East,0,WHO_literature,2020-04-27,43.78,25.69142857142857,30.02,22.83,91.54857142857144,198,178,56,44,33,0.334,212,112,5
2020,18,Ondo East,0,WHO_literature,2020-05-04,42.839999999999996,25.90285714285714,30.65,22.39,91.86,198,178,56,44,33,0.334,212,112,5
2020,19,Ondo East,0,WHO_literature,2020-05-11,22.91,26.554285714285715,31.19,23.3,89.36571428571428,198,178,56,44,33,0.334,212,112,5
2020,20,Ondo East,1,WHO_literature,2020-05-18,23.47,25.767142857142858,30.12,22.03,90.63571428571429,198,178,56,44,33,0.334,212,112,5
2020,21,Ondo East,0,WHO_literature,2020-05-25,30.11,25.68142857142857,30.57,22.71,91.49,198,178,56,44,33,0.334,212,112,5
2020,22,Ondo East,0,WHO_literature,2020-06-01,39.72,25.25857142857143,28.77,22.7,92.91571428571429,198,178,56,44,33,0.334,212,112,5
2020,23,Ondo East,0,WHO_literature,2020-06-08,58.94,25.158571428571427,29.32,22.32,92.54857142857144,198,178,56,44,33,0.334,212,112,5
2020,24,Ondo East,0,WHO_literature,2020-06-15,52.260000000000005,24.717142857142857,29.24,21.94,92.25857142857141,198,178,56,44,33,0.334,212,112,5
2020,25,Ondo East,0,WHO_literature,2020-06-22,73.98,24.827142857142857,30.04,20.85,92.44428571428571,198,178,56,44,33,0.334,212,112,5
2020,26,Ondo East,0,WHO_literature,2020-06-29,102.24,24.771428571428572,29.42,21.91,92.30714285714285,198,178,56,44,33,0.334,212,112,5
2020,27,Ondo East,0,WHO_literature,2020-07-06,116.41,24.31,28.95,21.83,92.74,198,178,56,44,33,0.334,212,112,5
2020,28,Ondo East,0,WHO_literature,2020-07-13,96.76,23.958571428571428,28.48,21.59,93.60142857142857,198,178,56,44,33,0.334,212,112,5
2020,29,Ondo East,0,WHO_literature,2020-07-20,60.69,23.602857142857143,27.81,21.32,92.61,198,178,56,44,33,0.334,212,112,5
2020,30,Ondo East,1,WHO_literature,2020-07-27,53.65,23.945714285714285,28.15,21.52,91.99571428571429,198,178,56,44,33,0.334,212,112,5
2020,31,Ondo East,1,WHO_literature,2020-08-03,28.19,23.68285714285714,28.61,20.61,90.69714285714285,198,178,56,44,33,0.334,212,112,5
2020,32,Ondo East,0,WHO_literature,2020-08-10,4.96,22.928571428571427,28.39,18.6,88.69142857142857,198,178,56,44,33,0.334,212,112,5
2020,33,Ondo East,0,WHO_literature,2020-08-17,5.05,23.49285714285714,29.51,18.16,87.96285714285715,198,178,56,44,33,0.334,212,112,5
2020,34,Ondo East,0,WHO_literature,2020-08-24,33.38,24.142857142857142,29.61,21.0,90.48428571428572,198,178,56,44,33,0.334,212,112,5
2020,35,Ondo East,1,WHO_literature,2020-08-31,21.36,23.72,28.77,20.25,90.01571428571428,198,178,56,44,33,0.334,212,112,5
2020,36,Ondo East,0,WHO_literature,2020-09-07,145.26,24.03857142857143,29.53,21.21,91.62857142857142,198,178,56,44,33,0.334,212,112,5
2020,37,Ondo East,0,WHO_literature,2020-09-14,186.18,24.274285714285718,29.83,21.08,91.81714285714285,198,178,56,44,33,0.334,212,112,5
2020,38,Ondo East,2,WHO_literature,2020-09-21,112.53,24.307142857142857,29.34,21.53,92.19428571428571,198,178,56,44,33,0.334,212,112,5
2020,39,Ondo East,0,WHO_literature,2020-09-28,77.9,24.197142857142858,28.87,21.06,92.32000000000001,198,178,56,44,33,0.334,212,112,5
2020,40,Ondo East,0,WHO_literature,2020-10-05,47.41,24.59142857142857,29.05,21.26,91.92571428571429,198,178,56,44,33,0.334,212,112,5
2020,41,Ondo East,0,WHO_literature,2020-10-12,50.66,24.259999999999998,28.68,20.35,91.24857142857142,198,178,56,44,33,0.334,212,112,5
2020,42,Ondo East,0,WHO_literature,2020-10-19,48.91,24.981428571428573,30.0,21.61,90.58857142857143,198,178,56,44,33,0.334,212,112,5
2020,43,Ondo East,0,WHO_literature,2020-10-26,22.23,25.521428571428572,30.18,22.36,90.36285714285714,198,178,56,44,33,0.334,212,112,5
2020,44,Ondo East,1,WHO_literature,2020-11-02,16.7,25.904285714285713,31.2,21.82,87.50142857142858,198,178,56,44,33,0.334,212,112,5
2020,45,Ondo East,0,WHO_literature,2020-11-09,17.919999999999998,25.63714285714286,30.66,20.96,87.26142857142858,198,178,56,44,33,0.334,212,112,5
2020,46,Ondo East,0,WHO_literature,2020-11-16,21.71,24.845714285714283,29.31,20.71,86.61142857142856,198,178,56,44,33,0.334,212,112,5
2020,47,Ondo East,0,WHO_literature,2020-11-23,4.61,25.46,30.41,20.51,83.4557142857143,198,178,56,44,33,0.334,212,112,5
2020,48,Ondo East,0,WHO_literature,2020-11-30,63.4,26.117142857142856,31.37,21.63,86.49000000000001,198,178,56,44,33,0.334,212,112,5
2020,49,Ondo East,0,WHO_literature,2020-12-07,4.05,25.877142857142854,31.42,20.45,83.18571428571428,198,178,56,44,33,0.334,212,112,5
2020,50,Ondo East,0,WHO_literature,2020-12-14,8.56,25.095714285714283,30.68,20.19,89.89,198,178,56,44,33,0.334,212,112,5
2020,51,Ondo East,0,WHO_literature,2020-12-21,13.379999999999999,25.472857142857144,30.88,22.1,89.42142857142858,198,178,56,44,33,0.334,212,112,5
2020,52,Ondo East,0,WHO_literature,2020-12-28,2.5,25.00857142857143,31.2,18.21,84.13142857142857,198,178,56,44,33,0.334,212,112,5
2021,1,Ondo East,0,WHO_literature,2021-01-04,17.94,25.87142857142857,31.68,22.06,87.97285714285714,198,178,56,44,33,0.334,212,112,5
2021,2,Ondo East,0,WHO_literature,2021-01-11,0.42000000000000004,25.665714285714284,32.03,19.54,80.72857142857143,198,178,56,44,33,0.334,212,112,5
2021,3,Ondo East,1,WHO_literature,2021-01-18,0.05,24.175714285714285,31.72,17.17,70.42857142857143,198,178,56,44,33,0.334,212,112,5
2021,4,Ondo East,1,WHO_literature,2021-01-25,2.92,25.15285714285714,31.86,18.24,85.33428571428571,198,178,56,44,33,0.334,212,112,5
2021,5,Ondo East,0,WHO_literature,2021-02-01,2.1999999999999997,25.935714285714287,31.66,21.82,85.36714285714287,198,178,56,44,33,0.334,212,112,5
2021,6,Ondo East,0,WHO_literature,2021-02-08,13.91,26.914285714285715,33.23,22.86,84.87428571428572,198,178,56,44,33,0.334,212,112,5
2021,7,Ondo East,0,WHO_literature,2021-02-15,3.05,24.34857142857143,32.04,16.63,71.33571428571429,198,178,56,44,33,0.334,212,112,5
2021,8,Ondo East,0,WHO_literature,2021-02-22,2.5,25.40142857142857,31.42,19.16,86.17714285714285,198,178,56,44,33,0.334,212,112,5
2021,9,Ondo East,0,WHO_literature,2021-03-01,1.03,26.735714285714288,33.1,22.47,85.68714285714285,198,178,56,44,33,0.334,212,112,5
2021,10,Ondo East,1,WHO_literature,2021-03-08,33.62,25.681428571428572,29.93,23.04,91.54571428571428,198,178,56,44,33,0.334,212,112,5
2021,11,Ondo East,0,WHO_literature,2021-03-15,12.83,25.014285714285712,29.84,22.39,90.80714285714285,198,178,56,44,33,0.334,212,112,5
2021,12,Ondo East,0,WHO_literature,2021-03-22,23.62,25.895714285714288,31.71,22.71,88.65857142857143,198,178,56,44,33,0.334,212,112,5
2021,13,Ondo East,0,WHO_literature,2021-03-29,1.03,26.774285714285714,31.9,23.27,85.93571428571428,198,178,56,44,33,0.334,212,112,5
2021,14,Ondo East,0,WHO_literature,2021-04-05,48.83,26.21,31.4,23.43,90.90714285714286,198,178,56,44,33,0.334,212,112,5
2021,15,Ondo East,5,WHO_literature,2021-04-12,102.19,25.284285714285716,29.6,22.73,91.28428571428572,198,178,56,44,33,0.334,212,112,5
2021,16,Ondo East,0,WHO_literature,2021-04-19,33.57,25.52857142857143,29.95,22.1,92.13571428571429,198,178,56,44,33,0.334,212,112,5
2021,17,Ondo East,3,WHO_literature,2021-04-26,12.360000000000001,26.20285714285714,30.97,23.27,90.34142857142857,198,178,56,44,33,0.334,212,112,5
2021,18,Ondo East,1,WHO_literature,2021-05-03,48.54,25.042857142857144,29.73,21.85,90.57285714285715,198,178,56,44,33,0.334,212,112,5
2021,19,Ondo East,2,WHO_literature,2021-05-10,20.5,25.568571428571428,30.25,20.66,91.41,198,178,56,44,33,0.334,212,112,5
2021,20,Ondo East,3,WHO_literature,2021-05-17,38.26,25.638571428571428,30.17,21.8,91.64,198,178,56,44,33,0.334,212,112,5
2021,21,Ondo East,4,WHO_literature,2021-05-24,38.61,25.96,30.35,23.02,92.58714285714287,198,178,56,44,33,0.334,212,112,5
2021,22,Ondo East,5,WHO_literature,2021-05-31,79.84,25.494285714285716,29.96,22.3,91.47142857142856,198,178,56,44,33,0.334,212,112,5
2021,23,Ondo East,3,WHO_literature,2021-06-07,29.44,25.417142857142856,30.29,22.33,90.3442857142857,198,178,56,44,33,0.334,212,112,5
2021,24,Ondo East,2,WHO_literature,2021-06-14,93.1,24.86285714285714,29.32,22.15,93.38714285714286,198,178,56,44,33,0.334,212,112,5
2021,25,Ondo East,6,WHO_literature,2021-06-21,53.76,24.70285714285714,28.87,21.92,90.83428571428571,198,178,56,44,33,0.334,212,112,5
2021,26,Ondo East,6,WHO_literature,2021-06-28,61.77,24.192857142857143,29.12,20.75,91.98857142857142,198,178,56,44,33,0.334,212,112,5
2021,27,Ondo East,7,WHO_literature,2021-07-05,40.33,24.255714285714287,28.69,21.52,91.8,198,178,56,44,33,0.334,212,112,5
2021,28,Ondo East,9,WHO_literature,2021-07-12,149.04,24.472857142857144,28.4,21.38,91.53571428571429,198,178,56,44,33,0.334,212,112,5
2021,29,Ondo East,2,WHO_literature,2021-07-19,41.089999999999996,24.222857142857144,29.06,20.92,90.2957142857143,198,178,56,44,33,0.334,212,112,5
2021,30,Ondo East,8,WHO_literature,2021-07-26,34.56,23.864285714285717,28.72,20.61,90.82857142857142,198,178,56,44,33,0.334,212,112,5
2021,31,Ondo East,11,WHO_literature,2021-08-02,94.53,23.974285714285713,27.98,21.5,93.60428571428572,198,178,56,44,33,0.334,212,112,5
2021,32,Ondo East,7,WHO_literature,2021-08-09,135.91,24.104285714285712,28.62,21.2,92.46142857142857,198,178,56,44,33,0.334,212,112,5
2021,33,Ondo East,9,WHO_literature,2021-08-16,113.35,23.684285714285714,27.99,21.5,93.52714285714286,198,178,56,44,33,0.334,212,112,5
2021,34,Ondo East,5,WHO_literature,2021-08-23,76.94999999999999,24.747142857142855,28.96,21.61,92.14714285714285,198,178,56,44,33,0.334,212,112,5
2021,35,Ondo East,4,WHO_literature,2021-08-30,136.68,24.541428571428572,28.99,21.67,92.15857142857143,198,178,56,44,33,0.334,212,112,5
2021,36,Ondo East,6,WHO_literature,2021-09-06,52.57,24.577142857142857,28.4,21.83,92.62714285714286,198,178,56,44,33,0.334,212,112,5
2021,37,Ondo East,8,WHO_literature,2021-09-13,45.78,24.56142857142857,28.78,21.34,92.10714285714286,198,178,56,44,33,0.334,212,112,5
2021,38,Ondo East,8,WHO_literature,2021-09-20,122.08,24.478571428571428,28.63,20.88,91.96142857142857,198,178,56,44,33,0.334,212,112,5
2021,39,Ondo East,9,WHO_literature,2021-09-27,49.76,24.822857142857142,29.1,21.87,91.92714285714285,198,178,56,44,33,0.334,212,112,5
2021,40,Ondo East,1,WHO_literature,2021-10-04,57.09,25.38,30.23,22.4,92.59571428571428,198,178,56,44,33,0.334,212,112,5
2021,41,Ondo East,1,WHO_literature,2021-10-11,46.95,25.228571428571428,29.5,22.13,92.34714285714287,198,178,56,44,33,0.334,212,112,5
2021,42,Ondo East,2,WHO_literature,2021-10-18,37.01,25.080000000000002,29.93,21.9,90.5657142857143,198,178,56,44,33,0.334,212,112,5
2021,43,Ondo East,4,WHO_literature,2021-10-25,64.07,25.534285714285716,30.16,22.16,91.12285714285714,198,178,56,44,33,0.334,212,112,5
2021,44,Ondo East,3,WHO_literature,2021-11-01,62.42,25.37,29.86,22.52,91.88428571428572,198,178,56,44,33,0.334,212,112,5
2021,45,Ondo East,1,WHO_literature,2021-11-08,142.11,25.611428571428572,29.84,22.54,91.60857142857142,198,178,56,44,33,0.334,212,112,5
2021,46,Ondo East,1,WHO_literature,2021-11-15,94.42,25.92142857142857,30.22,22.59,89.89428571428572,198,178,56,44,33,0.334,212,112,5
2021,47,Ondo East,0,NCDC_real,2021-11-22,28.29,25.717142857142857,30.33,22.56,89.74571428571429,198,178,56,44,33,0.334,212,112,5
2021,48,Ondo East,2,WHO_literature,2021-11-29,16.22,26.0,30.85,21.87,86.49142857142859,198,178,56,44,33,0.334,212,112,5
2021,49,Ondo East,0,WHO_literature,2021-12-06,4.38,25.325714285714287,30.46,19.88,82.66714285714285,198,178,56,44,33,0.334,212,112,5
2021,50,Ondo East,0,NCDC_real,2021-12-13,62.34,24.275714285714287,31.15,17.37,82.12428571428572,198,178,56,44,33,0.334,212,112,5
2021,51,Ondo East,1,WHO_literature,2021-12-20,1.98,23.645714285714284,31.14,17.07,81.0442857142857,198,178,56,44,33,0.334,212,112,5
2021,52,Ondo East,0,WHO_literature,2021-12-27,21.47,24.551428571428573,30.19,19.12,83.27571428571427,198,178,56,44,33,0.334,212,112,5
2022,1,Ondo East,0,WHO_literature,2022-01-03,16.509999999999998,24.147142857142857,30.77,17.74,78.13571428571429,198,178,56,44,33,0.334,212,112,5
2022,2,Ondo East,1,WHO_literature,2022-01-10,34.33,25.14428571428571,30.68,21.04,86.89142857142858,198,178,56,44,33,0.334,212,112,5
2022,3,Ondo East,0,WHO_literature,2022-01-17,7.239999999999999,22.544285714285714,30.37,16.23,74.93857142857142,198,178,56,44,33,0.334,212,112,5
2022,4,Ondo East,0,WHO_literature,2022-01-24,0.29,21.99285714285714,30.11,14.67,71.67714285714285,198,178,56,44,33,0.334,212,112,5
2022,5,Ondo East,0,WHO_literature,2022-01-31,0.0,22.085714285714285,29.71,13.69,66.85714285714286,198,178,56,44,33,0.334,212,112,5
2022,6,Ondo East,0,WHO_literature,2022-02-07,10.52,24.954285714285714,31.67,17.1,78.14571428571428,198,178,56,44,33,0.334,212,112,5
2022,7,Ondo East,0,WHO_literature,2022-02-14,2.7600000000000002,26.315714285714286,32.63,21.8,85.01285714285713,198,178,56,44,33,0.334,212,112,5
2022,8,Ondo East,0,WHO_literature,2022-02-21,11.28,26.572857142857142,32.29,22.22,84.40428571428572,198,178,56,44,33,0.334,212,112,5
2022,9,Ondo East,0,WHO_literature,2022-02-28,38.01,25.624285714285715,31.54,22.46,90.63285714285715,198,178,56,44,33,0.334,212,112,5
2022,10,Ondo East,0,WHO_literature,2022-03-07,21.89,26.134285714285713,30.65,22.86,90.01857142857143,198,178,56,44,33,0.334,212,112,5
2022,11,Ondo East,0,WHO_literature,2022-03-14,9.87,26.395714285714288,32.25,23.23,89.73142857142857,198,178,56,44,33,0.334,212,112,5
2022,12,Ondo East,0,WHO_literature,2022-03-21,22.75,26.5,32.52,23.43,88.98714285714286,198,178,56,44,33,0.334,212,112,5
2022,13,Ondo East,0,WHO_literature,2022-03-28,22.52,26.360000000000003,32.02,21.82,89.18285714285715,198,178,56,44,33,0.334,212,112,5
2022,14,Ondo East,2,WHO_literature,2022-04-04,36.46,25.657142857142855,30.13,21.66,91.84428571428573,198,178,56,44,33,0.334,212,112,5
2022,15,Ondo East,0,WHO_literature,2022-04-11,22.01,25.437142857142856,30.16,22.23,90.67999999999999,198,178,56,44,33,0.334,212,112,5
2022,16,Ondo East,3,WHO_literature,2022-04-18,40.96,25.494285714285716,30.42,22.66,90.63857142857144,198,178,56,44,33,0.334,212,112,5
2022,17,Ondo East,0,WHO_literature,2022-04-25,79.48,25.175714285714285,29.56,22.13,92.14285714285714,198,178,56,44,33,0.334,212,112,5
2022,18,Ondo East,1,WHO_literature,2022-05-02,22.25,25.58142857142857,29.87,22.75,91.26714285714286,198,178,56,44,33,0.334,212,112,5
2022,19,Ondo East,2,WHO_literature,2022-05-09,26.1,25.97,30.33,22.89,91.20857142857143,198,178,56,44,33,0.334,212,112,5
2022,20,Ondo East,4,WHO_literature,2022-05-16,54.19,25.41857142857143,30.18,22.69,92.85857142857142,198,178,56,44,33,0.334,212,112,5
2022,21,Ondo East,3,WHO_literature,2022-05-23,34.300000000000004,24.801428571428573,29.21,21.17,91.38285714285715,198,178,56,44,33,0.334,212,112,5
2022,22,Ondo East,1,WHO_literature,2022-05-30,60.14,25.334285714285716,29.6,22.46,91.9557142857143,198,178,56,44,33,0.334,212,112,5
2022,23,Ondo East,2,WHO_literature,2022-06-06,160.07999999999998,24.458571428571428,28.05,21.22,93.99571428571429,198,178,56,44,33,0.334,212,112,5
2022,24,Ondo East,5,WHO_literature,2022-06-13,42.16,24.46857142857143,28.62,21.51,93.66285714285713,198,178,56,44,33,0.334,212,112,5
2022,25,Ondo East,4,WHO_literature,2022-06-20,51.269999999999996,24.240000000000002,27.67,21.75,93.71142857142857,198,178,56,44,33,0.334,212,112,5
2022,26,Ondo East,4,WHO_literature,2022-06-27,62.25,24.284285714285716,28.84,21.3,91.66428571428571,198,178,56,44,33,0.334,212,112,5
2022,27,Ondo East,2,WHO_literature,2022-07-04,87.07,24.494285714285716,29.32,21.75,93.03285714285714,198,178,56,44,33,0.334,212,112,5
2022,28,Ondo East,1,WHO_literature,2022-07-11,21.77,24.505714285714284,29.01,21.7,90.83428571428571,198,178,56,44,33,0.334,212,112,5
2022,29,Ondo East,8,WHO_literature,2022-07-18,84.07,23.982857142857142,28.72,20.55,90.68571428571428,198,178,56,44,33,0.334,212,112,5
2022,30,Ondo East,9,WHO_literature,2022-07-25,61.51,23.889999999999997,27.97,21.48,92.95142857142858,198,178,56,44,33,0.334,212,112,5
2022,31,Ondo East,5,WHO_literature,2022-08-01,8.12,23.96142857142857,28.81,20.35,88.88,198,178,56,44,33,0.334,212,112,5
2022,32,Ondo East,6,WHO_literature,2022-08-08,65.5,23.844285714285714,28.34,21.17,92.4742857142857,198,178,56,44,33,0.334,212,112,5
2022,33,Ondo East,4,WHO_literature,2022-08-15,45.59,23.859999999999996,29.17,20.46,90.96142857142857,198,178,56,44,33,0.334,212,112,5
2022,34,Ondo East,3,WHO_literature,2022-08-22,76.96,23.77857142857143,27.99,20.93,92.31142857142858,198,178,56,44,33,0.334,212,112,5
2022,35,Ondo East,4,WHO_literature,2022-08-29,53.98,24.207142857142856,28.72,21.17,91.50142857142858,198,178,56,44,33,0.334,212,112,5
2022,36,Ondo East,7,WHO_literature,2022-09-05,48.32,24.40857142857143,28.98,21.55,91.41428571428571,198,178,56,44,33,0.334,212,112,5
2022,37,Ondo East,7,WHO_literature,2022-09-12,71.05,24.261428571428574,29.2,21.45,93.06428571428572,198,178,56,44,33,0.334,212,112,5
2022,38,Ondo East,8,WHO_literature,2022-09-19,92.49,24.34857142857143,28.72,21.6,92.40285714285713,198,178,56,44,33,0.334,212,112,5
2022,39,Ondo East,1,WHO_literature,2022-09-26,84.77000000000001,23.777142857142856,28.38,21.29,92.68571428571428,198,178,56,44,33,0.334,212,112,5
2022,40,Ondo East,1,WHO_literature,2022-10-03,90.56,24.754285714285714,29.2,21.09,90.83857142857143,198,178,56,44,33,0.334,212,112,5
2022,41,Ondo East,1,WHO_literature,2022-10-10,56.15,24.981428571428573,29.56,21.6,90.55857142857143,198,178,56,44,33,0.334,212,112,5
2022,42,Ondo East,4,WHO_literature,2022-10-17,51.24,25.56142857142857,30.53,22.2,90.02857142857144,198,178,56,44,33,0.334,212,112,5
2022,43,Ondo East,2,WHO_literature,2022-10-24,9.15,25.73428571428571,30.78,22.42,86.75857142857141,198,178,56,44,33,0.334,212,112,5
2022,44,Ondo East,2,WHO_literature,2022-10-31,25.72,25.398571428571426,30.14,20.37,87.16,198,178,56,44,33,0.334,212,112,5
2022,45,Ondo East,0,WHO_literature,2022-11-07,8.7,25.859999999999996,30.95,22.37,87.26714285714286,198,178,56,44,33,0.334,212,112,5
2022,46,Ondo East,4,WHO_literature,2022-11-14,2.33,25.382857142857144,30.35,21.06,85.62,198,178,56,44,33,0.334,212,112,5
2022,47,Ondo East,2,WHO_literature,2022-11-21,3.58,25.05,30.28,19.29,82.66428571428571,198,178,56,44,33,0.334,212,112,5
2022,48,Ondo East,1,WHO_literature,2022-11-28,10.32,25.34857142857143,30.11,21.39,87.10142857142857,198,178,56,44,33,0.334,212,112,5
2022,49,Ondo East,0,WHO_literature,2022-12-05,0.14,24.398571428571426,29.78,17.34,79.48857142857142,198,178,56,44,33,0.334,212,112,5
2022,50,Ondo East,1,WHO_literature,2022-12-12,15.96,24.701428571428572,30.64,20.28,89.41,198,178,56,44,33,0.334,212,112,5
2022,51,Ondo East,0,WHO_literature,2022-12-19,0.0,22.374285714285715,28.85,15.56,71.57857142857144,198,178,56,44,33,0.334,212,112,5
2022,52,Ondo East,1,WHO_literature,2022-12-26,0.0,21.86285714285714,29.29,15.04,69.03428571428572,198,178,56,44,33,0.334,212,112,5
2023,1,Ondo East,0,WHO_literature,2023-01-02,0.04,23.74142857142857,30.38,16.71,69.1542857142857,198,178,56,44,33,0.334,212,112,5
2023,2,Ondo East,0,WHO_literature,2023-01-09,0.01,22.577142857142857,30.18,14.66,64.60142857142857,198,178,56,44,33,0.334,212,112,5
2023,3,Ondo East,0,WHO_literature,2023-01-16,1.2200000000000002,24.65142857142857,31.71,16.78,76.0457142857143,198,178,56,44,33,0.334,212,112,5
2023,4,Ondo East,0,WHO_literature,2023-01-23,3.94,25.55,32.3,21.54,87.91714285714285,198,178,56,44,33,0.334,212,112,5
2023,5,Ondo East,0,WHO_literature,2023-01-30,14.3,25.695714285714285,32.32,21.72,87.45142857142856,198,178,56,44,33,0.334,212,112,5
2023,6,Ondo East,0,WHO_literature,2023-02-06,40.94,26.2,32.83,21.19,81.92714285714285,198,178,56,44,33,0.334,212,112,5
2023,7,Ondo East,0,WHO_literature,2023-02-13,0.0,23.458571428571428,30.52,16.93,65.22142857142858,198,178,56,44,33,0.334,212,112,5
2023,8,Ondo East,0,WHO_literature,2023-02-20,23.66,25.577142857142857,31.41,17.7,81.3157142857143,198,178,56,44,33,0.334,212,112,5
2023,9,Ondo East,0,WHO_literature,2023-02-27,16.96,25.83142857142857,30.07,22.59,90.13285714285715,198,178,56,44,33,0.334,212,112,5
2023,10,Ondo East,0,WHO_literature,2023-03-06,29.28,25.924285714285713,30.45,22.87,90.09714285714287,198,178,56,44,33,0.334,212,112,5
2023,11,Ondo East,0,WHO_literature,2023-03-13,34.83,25.25142857142857,30.04,22.15,89.58714285714287,198,178,56,44,33,0.334,212,112,5
2023,12,Ondo East,0,WHO_literature,2023-03-20,39.97,25.397142857142857,30.73,21.49,88.33285714285715,198,178,56,44,33,0.334,212,112,5
2023,13,Ondo East,0,WHO_literature,2023-03-27,18.48,26.07857142857143,31.06,22.64,88.08714285714287,198,178,56,44,33,0.334,212,112,5
2023,14,Ondo East,0,WHO_literature,2023-04-03,43.459999999999994,25.859999999999996,30.35,22.59,90.54714285714286,198,178,56,44,33,0.334,212,112,5
2023,15,Ondo East,1,WHO_literature,2023-04-10,27.5,25.895714285714288,30.25,22.84,91.94285714285715,198,178,56,44,33,0.334,212,112,5
2023,16,Ondo East,0,WHO_literature,2023-04-17,26.35,26.111428571428572,30.99,23.15,91.31285714285714,198,178,56,44,33,0.334,212,112,5
2023,17,Ondo East,1,WHO_literature,2023-04-24,51.32,25.345714285714283,29.6,22.69,91.63857142857144,198,178,56,44,33,0.334,212,112,5
2023,18,Ondo East,1,WHO_literature,2023-05-01,23.55,25.514285714285712,29.66,21.75,90.48714285714286,198,178,56,44,33,0.334,212,112,5
2023,19,Ondo East,2,WHO_literature,2023-05-08,30.39,25.965714285714284,29.95,23.09,92.32428571428571,198,178,56,44,33,0.334,212,112,5
2023,20,Ondo East,1,WHO_literature,2023-05-15,37.53,26.185714285714287,30.01,23.38,92.49571428571429,198,178,56,44,33,0.334,212,112,5
2023,21,Ondo East,0,WHO_literature,2023-05-22,27.07,26.01142857142857,29.84,22.9,92.50285714285714,198,178,56,44,33,0.334,212,112,5
2023,22,Ondo East,1,WHO_literature,2023-05-29,37.11,26.014285714285712,30.45,22.76,91.42,198,178,56,44,33,0.334,212,112,5
2023,23,Ondo East,2,WHO_literature,2023-06-05,159.01999999999998,24.928571428571427,29.14,22.33,93.64,198,178,56,44,33,0.334,212,112,5
2023,24,Ondo East,2,WHO_literature,2023-06-12,78.59,25.017142857142858,29.39,21.86,92.14999999999999,198,178,56,44,33,0.334,212,112,5
2023,25,Ondo East,1,WHO_literature,2023-06-19,57.879999999999995,24.731428571428573,28.65,21.7,92.13571428571429,198,178,56,44,33,0.334,212,112,5
2023,26,Ondo East,0,WHO_literature,2023-06-26,52.129999999999995,24.68,29.54,22.15,92.26428571428572,198,178,56,44,33,0.334,212,112,5
2023,27,Ondo East,1,WHO_literature,2023-07-03,59.17,24.884285714285713,29.73,22.13,92.50285714285714,198,178,56,44,33,0.334,212,112,5
2023,28,Ondo East,3,WHO_literature,2023-07-10,23.53,25.524285714285714,30.73,21.86,90.28,198,178,56,44,33,0.334,212,112,5
2023,29,Ondo East,2,WHO_literature,2023-07-17,68.42,25.07857142857143,28.95,22.65,92.82857142857142,198,178,56,44,33,0.334,212,112,5
2023,30,Ondo East,2,WHO_literature,2023-07-24,80.66,24.892857142857142,29.78,21.94,91.95285714285714,198,178,56,44,33,0.334,212,112,5
2023,31,Ondo East,3,WHO_literature,2023-07-31,24.82,24.87857142857143,29.82,21.86,90.90285714285714,198,178,56,44,33,0.334,212,112,5
2023,32,Ondo East,2,WHO_literature,2023-08-07,26.97,24.76142857142857,29.06,22.22,90.97857142857143,198,178,56,44,33,0.334,212,112,5
2023,33,Ondo East,2,WHO_literature,2023-08-14,25.8,25.051428571428573,30.18,22.02,90.62571428571428,198,178,56,44,33,0.334,212,112,5
2023,34,Ondo East,2,WHO_literature,2023-08-21,30.310000000000002,25.037142857142857,29.65,22.09,91.62857142857142,198,178,56,44,33,0.334,212,112,5
2023,35,Ondo East,5,WHO_literature,2023-08-28,111.89,24.545714285714286,28.79,21.82,92.69285714285715,198,178,56,44,33,0.334,212,112,5
2023,36,Ondo East,4,WHO_literature,2023-09-04,98.4,24.925714285714285,30.25,21.74,92.14428571428572,198,178,56,44,33,0.334,212,112,5
2023,37,Ondo East,4,WHO_literature,2023-09-11,110.8,24.987142857142857,28.97,22.6,93.3,198,178,56,44,33,0.334,212,112,5
2023,38,Ondo East,1,WHO_literature,2023-09-18,59.39,25.142857142857142,29.67,22.67,91.98571428571428,198,178,56,44,33,0.334,212,112,5
2023,39,Ondo East,0,WHO_literature,2023-09-25,63.54,25.944285714285716,30.75,22.83,90.86714285714287,198,178,56,44,33,0.334,212,112,5
2023,40,Ondo East,1,WHO_literature,2023-10-02,87.97,25.701428571428572,29.98,23.09,92.08714285714287,198,178,56,44,33,0.334,212,112,5
2023,41,Ondo East,2,WHO_literature,2023-10-09,46.93,25.58285714285714,29.65,23.07,92.82142857142857,198,178,56,44,33,0.334,212,112,5
2023,42,Ondo East,2,WHO_literature,2023-10-16,32.03,25.43285714285714,30.21,21.69,91.98571428571428,198,178,56,44,33,0.334,212,112,5
2023,43,Ondo East,0,WHO_literature,2023-10-23,8.66,25.90857142857143,30.7,22.75,90.42142857142858,198,178,56,44,33,0.334,212,112,5
2023,44,Ondo East,0,WHO_literature,2023-10-30,57.5,25.66142857142857,29.56,23.14,91.65571428571427,198,178,56,44,33,0.334,212,112,5
2023,45,Ondo East,0,WHO_literature,2023-11-06,22.7,25.835714285714285,30.23,23.17,91.45714285714287,198,178,56,44,33,0.334,212,112,5
2023,46,Ondo East,2,WHO_literature,2023-11-13,8.35,25.77285714285714,30.13,21.99,89.59285714285714,198,178,56,44,33,0.334,212,112,5
2023,47,Ondo East,1,WHO_literature,2023-11-20,30.700000000000003,25.744285714285716,31.0,22.61,91.07571428571428,198,178,56,44,33,0.334,212,112,5
2023,48,Ondo East,0,WHO_literature,2023-11-27,5.91,26.175714285714285,31.36,21.93,87.51428571428572,198,178,56,44,33,0.334,212,112,5
2023,49,Ondo East,0,WHO_literature,2023-12-04,0.64,26.27857142857143,31.38,22.12,85.76428571428572,198,178,56,44,33,0.334,212,112,5
2023,50,Ondo East,0,WHO_literature,2023-12-11,0.0,24.24142857142857,30.85,17.2,71.36428571428571,198,178,56,44,33,0.334,212,112,5
2023,51,Ondo East,0,WHO_literature,2023-12-18,0.0,24.83285714285714,30.93,18.11,74.34714285714287,198,178,56,44,33,0.334,212,112,5
2023,52,Ondo East,0,WHO_literature,2023-12-25,0.0,25.032857142857143,31.24,17.75,69.90285714285714,198,178,56,44,33,0.334,212,112,5
2024,1,Ondo East,0,WHO_literature,2024-01-01,1.0,26.45285714285714,32.06,20.28,82.73714285714286,198,178,56,44,33,0.334,212,112,5
2024,2,Ondo East,0,WHO_literature,2024-01-08,2.59,26.169999999999998,32.52,20.59,78.32142857142857,198,178,56,44,33,0.334,212,112,5
2024,3,Ondo East,0,WHO_literature,2024-01-15,0.0,23.692857142857143,31.37,15.53,58.46714285714285,198,178,56,44,33,0.334,212,112,5
2024,4,Ondo East,0,WHO_literature,2024-01-22,6.0,23.92142857142857,32.15,16.66,70.77857142857144,198,178,56,44,33,0.334,212,112,5
2024,5,Ondo East,0,WHO_literature,2024-01-29,0.0,24.87142857142857,31.14,17.68,68.14285714285714,198,178,56,44,33,0.334,212,112,5
2024,6,Ondo East,0,WHO_literature,2024-02-05,0.01,24.43857142857143,32.63,17.63,68.05428571428571,198,178,56,44,33,0.334,212,112,5
2024,7,Ondo East,0,WHO_literature,2024-02-12,0.67,26.867142857142856,33.18,22.56,84.17999999999999,198,178,56,44,33,0.334,212,112,5
2024,8,Ondo East,0,WHO_literature,2024-02-19,27.09,27.027142857142856,33.04,23.19,82.00142857142858,198,178,56,44,33,0.334,212,112,5
2024,9,Ondo East,0,WHO_literature,2024-02-26,1.3599999999999999,27.03,33.54,22.62,86.7057142857143,198,178,56,44,33,0.334,212,112,5
2024,10,Ondo East,0,WHO_literature,2024-03-04,8.5,26.81714285714286,31.55,23.52,88.7757142857143,198,178,56,44,33,0.334,212,112,5
2024,11,Ondo East,0,WHO_literature,2024-03-11,13.319999999999999,27.390000000000004,34.02,23.77,87.28999999999999,198,178,56,44,33,0.334,212,112,5
2024,12,Ondo East,1,WHO_literature,2024-03-18,4.73,27.108571428571427,32.79,24.26,88.17428571428572,198,178,56,44,33,0.334,212,112,5
2024,13,Ondo East,0,WHO_literature,2024-03-25,5.37,27.12,32.64,24.25,89.45142857142856,198,178,56,44,33,0.334,212,112,5
2024,14,Ondo East,0,WHO_literature,2024-04-01,17.68,26.944285714285716,31.66,24.25,90.52428571428571,198,178,56,44,33,0.334,212,112,5
2024,15,Ondo East,0,WHO_literature,2024-04-08,26.07,26.444285714285716,30.3,23.34,91.14714285714285,198,178,56,44,33,0.334,212,112,5
2024,16,Ondo East,1,WHO_literature,2024-04-15,6.28,26.928571428571427,31.03,24.43,90.40714285714286,198,178,56,44,33,0.334,212,112,5
2024,17,Ondo East,0,WHO_literature,2024-04-22,39.56,26.827142857142857,30.63,24.16,91.82714285714285,198,178,56,44,33,0.334,212,112,5
2024,18,Ondo East,0,WHO_literature,2024-04-29,57.19,26.464285714285715,30.59,23.49,92.78571428571429,198,178,56,44,33,0.334,212,112,5
2024,19,Ondo East,2,WHO_literature,2024-05-06,10.58,26.631428571428568,30.06,24.01,91.19428571428571,198,178,56,44,33,0.334,212,112,5
2024,20,Ondo East,0,WHO_literature,2024-05-13,35.849999999999994,26.825714285714287,31.41,23.09,89.89285714285714,198,178,56,44,33,0.334,212,112,5
2024,21,Ondo East,1,WHO_literature,2024-05-20,87.46000000000001,26.222857142857144,30.85,22.62,91.72,198,178,56,44,33,0.334,212,112,5
2024,22,Ondo East,1,WHO_literature,2024-05-27,33.63,26.02285714285714,30.28,22.77,92.61857142857143,198,178,56,44,33,0.334,212,112,5
2024,23,Ondo East,1,WHO_literature,2024-06-03,47.629999999999995,25.771428571428572,29.8,23.05,92.64142857142858,198,178,56,44,33,0.334,212,112,5
2024,24,Ondo East,1,WHO_literature,2024-06-10,55.410000000000004,25.715714285714284,29.96,22.74,91.63142857142859,198,178,56,44,33,0.334,212,112,5
2024,25,Ondo East,0,WHO_literature,2024-06-17,36.64,25.462857142857143,30.59,22.15,92.21714285714286,198,178,56,44,33,0.334,212,112,5
2024,26,Ondo East,1,WHO_literature,2024-06-24,67.02,25.15285714285714,29.08,21.74,91.66857142857143,198,178,56,44,33,0.334,212,112,5
2024,27,Ondo East,2,WHO_literature,2024-07-01,77.02000000000001,25.035714285714285,29.34,22.13,91.07857142857142,198,178,56,44,33,0.334,212,112,5
2024,28,Ondo East,1,WHO_literature,2024-07-08,43.49,25.009999999999998,29.35,21.94,90.48857142857143,198,178,56,44,33,0.334,212,112,5
2024,29,Ondo East,2,WHO_literature,2024-07-15,62.0,24.801428571428573,29.32,22.45,91.8157142857143,198,178,56,44,33,0.334,212,112,5
2024,30,Ondo East,2,WHO_literature,2024-07-22,14.389999999999999,24.8,29.41,21.98,89.89571428571428,198,178,56,44,33,0.334,212,112,5
2024,31,Ondo East,1,WHO_literature,2024-07-29,20.64,24.784285714285716,29.74,21.73,89.41428571428571,198,178,56,44,33,0.334,212,112,5
2024,32,Ondo East,2,WHO_literature,2024-08-05,3.7800000000000002,24.717142857142857,29.75,21.57,87.8157142857143,198,178,56,44,33,0.334,212,112,5
2024,33,Ondo East,2,WHO_literature,2024-08-12,6.83,24.650000000000002,29.24,21.8,88.89142857142858,198,178,56,44,33,0.334,212,112,5
2024,34,Ondo East,3,WHO_literature,2024-08-19,90.77000000000001,24.52285714285714,29.24,22.13,92.27857142857144,198,178,56,44,33,0.334,212,112,5
2024,35,Ondo East,4,WHO_literature,2024-08-26,38.26,24.818571428571428,29.76,22.04,90.71142857142857,198,178,56,44,33,0.334,212,112,5
2024,36,Ondo East,3,WHO_literature,2024-09-02,56.72,24.792857142857144,29.96,21.33,89.49428571428572,198,178,56,44,33,0.334,212,112,5
2024,37,Ondo East,0,WHO_literature,2024-09-09,88.39999999999999,24.88714285714286,29.25,22.28,92.34571428571428,198,178,56,44,33,0.334,212,112,5
2024,38,Ondo East,0,WHO_literature,2024-09-16,43.6,25.087142857142858,29.53,22.26,91.30714285714285,198,178,56,44,33,0.334,212,112,5
2024,39,Ondo East,1,WHO_literature,2024-09-23,39.16,25.065714285714286,29.42,21.83,90.15714285714286,198,178,56,44,33,0.334,212,112,5
2024,40,Ondo East,2,WHO_literature,2024-09-30,60.65,25.017142857142858,29.93,22.2,92.17142857142858,198,178,56,44,33,0.334,212,112,5
2024,41,Ondo East,1,WHO_literature,2024-10-07,43.019999999999996,25.47142857142857,30.08,22.33,89.80857142857143,198,178,56,44,33,0.334,212,112,5
2024,42,Ondo East,0,WHO_literature,2024-10-14,45.92999999999999,24.982857142857142,29.84,21.35,90.69000000000001,198,178,56,44,33,0.334,212,112,5
2024,43,Ondo East,0,WHO_literature,2024-10-21,55.22,25.669999999999998,30.8,21.9,90.92,198,178,56,44,33,0.334,212,112,5
2024,44,Ondo East,4,WHO_literature,2024-10-28,41.31,26.47,31.06,23.15,88.24142857142859,198,178,56,44,33,0.334,212,112,5
2024,45,Ondo East,2,WHO_literature,2024-11-04,11.34,25.84142857142857,30.85,21.68,86.80857142857143,198,178,56,44,33,0.334,212,112,5
2024,46,Ondo East,0,WHO_literature,2024-11-11,1.8900000000000001,26.04,31.2,20.38,82.5442857142857,198,178,56,44,33,0.334,212,112,5
2024,47,Ondo East,0,WHO_literature,2024-11-18,2.77,25.208571428571428,30.6,19.81,79.91285714285713,198,178,56,44,33,0.334,212,112,5
2024,48,Ondo East,2,WHO_literature,2024-11-25,1.0,24.195714285714285,30.09,17.0,74.18999999999998,198,178,56,44,33,0.334,212,112,5
2024,49,Ondo East,0,WHO_literature,2024-12-02,0.02,24.532857142857143,30.66,18.62,77.49142857142859,198,178,56,44,33,0.334,212,112,5
2024,50,Ondo East,1,WHO_literature,2024-12-09,0.09,24.302857142857142,30.85,16.91,73.42857142857143,198,178,56,44,33,0.334,212,112,5
2024,51,Ondo East,0,WHO_literature,2024-12-16,0.0,23.672857142857143,30.27,15.71,68.06571428571428,198,178,56,44,33,0.334,212,112,5
2024,52,Ondo East,1,WHO_literature,2024-12-23,0.0,24.14428571428571,30.93,18.43,76.39142857142858,198,178,56,44,33,0.334,212,112,5
2018,1,Ondo West,0,WHO_literature,2018-01-01,0.0,21.178571428571427,28.07,13.95,64.42,312,287,64,52,25,0.267,234,123,4
2018,2,Ondo West,0,WHO_literature,2018-01-08,0.36000000000000004,23.91857142857143,30.65,17.02,79.42714285714285,312,287,64,52,25,0.267,234,123,4
2018,3,Ondo West,0,WHO_literature,2018-01-15,0.0,24.478571428571428,31.04,18.04,76.7757142857143,312,287,64,52,25,0.267,234,123,4
2018,4,Ondo West,0,WHO_literature,2018-01-22,0.0,23.22142857142857,30.69,16.16,67.51,312,287,64,52,25,0.267,234,123,4
2018,5,Ondo West,0,WHO_literature,2018-01-29,0.5,24.49142857142857,32.81,16.44,73.15857142857143,312,287,64,52,25,0.267,234,123,4
2018,6,Ondo West,0,WHO_literature,2018-02-05,29.33,26.532857142857143,32.82,22.12,87.82857142857142,312,287,64,52,25,0.267,234,123,4
2018,7,Ondo West,1,WHO_literature,2018-02-12,15.35,26.45,32.84,22.56,85.30571428571429,312,287,64,52,25,0.267,234,123,4
2018,8,Ondo West,0,WHO_literature,2018-02-19,28.94,25.324285714285715,30.9,21.56,89.32857142857142,312,287,64,52,25,0.267,234,123,4
2018,9,Ondo West,0,WHO_literature,2018-02-26,7.66,25.75142857142857,32.18,22.45,88.41142857142857,312,287,64,52,25,0.267,234,123,4
2018,10,Ondo West,0,WHO_literature,2018-03-05,12.55,25.984285714285715,31.73,22.36,87.94857142857143,312,287,64,52,25,0.267,234,123,4
2018,11,Ondo West,0,WHO_literature,2018-03-12,28.3,26.00142857142857,30.96,22.63,89.96428571428571,312,287,64,52,25,0.267,234,123,4
2018,12,Ondo West,0,WHO_literature,2018-03-19,20.48,25.607142857142858,31.43,21.68,89.26571428571428,312,287,64,52,25,0.267,234,123,4
2018,13,Ondo West,0,WHO_literature,2018-03-26,5.97,26.13714285714286,30.77,23.26,89.90428571428572,312,287,64,52,25,0.267,234,123,4
2018,14,Ondo West,1,WHO_literature,2018-04-02,11.23,25.852857142857143,30.74,22.53,90.59,312,287,64,52,25,0.267,234,123,4
2018,15,Ondo West,1,WHO_literature,2018-04-09,13.85,25.832857142857144,30.96,22.59,88.76571428571428,312,287,64,52,25,0.267,234,123,4
2018,16,Ondo West,1,WHO_literature,2018-04-16,23.36,25.93857142857143,30.5,23.13,90.39142857142858,312,287,64,52,25,0.267,234,123,4
2018,17,Ondo West,0,WHO_literature,2018-04-23,18.71,25.632857142857144,29.53,22.6,91.42571428571429,312,287,64,52,25,0.267,234,123,4
2018,18,Ondo West,0,WHO_literature,2018-04-30,21.19,26.09714285714286,30.14,22.85,89.99714285714286,312,287,64,52,25,0.267,234,123,4
2018,19,Ondo West,4,WHO_literature,2018-05-07,53.39,24.972857142857144,29.0,22.19,91.93142857142857,312,287,64,52,25,0.267,234,123,4
2018,20,Ondo West,0,WHO_literature,2018-05-14,28.33,25.514285714285712,29.97,22.18,91.11285714285714,312,287,64,52,25,0.267,234,123,4
2018,21,Ondo West,3,WHO_literature,2018-05-21,46.82,25.24142857142857,28.84,22.38,92.99285714285715,312,287,64,52,25,0.267,234,123,4
2018,22,Ondo West,1,WHO_literature,2018-05-28,57.57,25.211428571428574,29.6,22.47,92.20285714285714,312,287,64,52,25,0.267,234,123,4
2018,23,Ondo West,1,WHO_literature,2018-06-04,76.72999999999999,24.919999999999998,29.0,21.87,93.17428571428572,312,287,64,52,25,0.267,234,123,4
2018,24,Ondo West,2,WHO_literature,2018-06-11,44.72,25.087142857142855,29.02,21.58,92.25,312,287,64,52,25,0.267,234,123,4
2018,25,Ondo West,4,WHO_literature,2018-06-18,152.79,23.74857142857143,28.37,21.25,94.07142857142857,312,287,64,52,25,0.267,234,123,4
2018,26,Ondo West,5,WHO_literature,2018-06-25,95.72,24.12285714285714,28.56,20.96,91.7,312,287,64,52,25,0.267,234,123,4
2018,27,Ondo West,1,WHO_literature,2018-07-02,62.53,24.22714285714286,28.58,21.48,92.79142857142857,312,287,64,52,25,0.267,234,123,4
2018,28,Ondo West,1,WHO_literature,2018-07-09,42.46,24.525714285714287,28.96,21.76,91.36285714285714,312,287,64,52,25,0.267,234,123,4
2018,29,Ondo West,3,WHO_literature,2018-07-16,92.2,24.15142857142857,28.7,21.55,93.06285714285714,312,287,64,52,25,0.267,234,123,4
2018,30,Ondo West,2,WHO_literature,2018-07-23,107.52000000000001,24.56857142857143,29.65,21.9,91.99428571428572,312,287,64,52,25,0.267,234,123,4
2018,31,Ondo West,2,WHO_literature,2018-07-30,66.31,23.728571428571428,28.46,20.17,90.69428571428571,312,287,64,52,25,0.267,234,123,4
2018,32,Ondo West,2,WHO_literature,2018-08-06,28.33,24.13,28.88,20.76,91.09142857142857,312,287,64,52,25,0.267,234,123,4
2018,33,Ondo West,1,WHO_literature,2018-08-13,42.519999999999996,23.96,28.55,20.97,92.58,312,287,64,52,25,0.267,234,123,4
2018,34,Ondo West,3,WHO_literature,2018-08-20,105.91,23.599999999999998,29.13,20.89,94.01857142857143,312,287,64,52,25,0.267,234,123,4
2018,35,Ondo West,6,WHO_literature,2018-08-27,166.96,24.53142857142857,28.96,21.31,91.92714285714285,312,287,64,52,25,0.267,234,123,4
2018,36,Ondo West,2,WHO_literature,2018-09-03,186.60999999999999,24.077142857142857,27.73,21.6,94.01571428571428,312,287,64,52,25,0.267,234,123,4
2018,37,Ondo West,3,WHO_literature,2018-09-10,42.12,24.314285714285713,28.84,21.53,92.23714285714286,312,287,64,52,25,0.267,234,123,4
2018,38,Ondo West,2,WHO_literature,2018-09-17,78.9,25.131428571428575,29.02,22.13,91.65428571428572,312,287,64,52,25,0.267,234,123,4
2018,39,Ondo West,2,WHO_literature,2018-09-24,51.88,24.759999999999998,29.38,21.67,91.78,312,287,64,52,25,0.267,234,123,4
2018,40,Ondo West,2,WHO_literature,2018-10-01,37.199999999999996,24.81714285714286,29.06,21.9,92.22142857142856,312,287,64,52,25,0.267,234,123,4
2018,41,Ondo West,3,WHO_literature,2018-10-08,46.980000000000004,24.931428571428572,29.31,21.18,91.54714285714286,312,287,64,52,25,0.267,234,123,4
2018,42,Ondo West,4,WHO_literature,2018-10-15,46.99,25.297142857142855,31.07,20.96,89.87285714285714,312,287,64,52,25,0.267,234,123,4
2018,43,Ondo West,6,WHO_literature,2018-10-22,25.69,25.271428571428572,29.78,21.83,92.57285714285715,312,287,64,52,25,0.267,234,123,4
2018,44,Ondo West,0,WHO_literature,2018-10-29,87.92999999999999,25.389999999999997,29.55,22.62,92.80571428571429,312,287,64,52,25,0.267,234,123,4
2018,45,Ondo West,0,WHO_literature,2018-11-05,24.15,25.624285714285715,30.5,22.72,90.14999999999999,312,287,64,52,25,0.267,234,123,4
2018,46,Ondo West,0,WHO_literature,2018-11-12,32.46,25.90285714285714,31.04,21.93,87.46714285714286,312,287,64,52,25,0.267,234,123,4
2018,47,Ondo West,1,WHO_literature,2018-11-19,18.34,25.65857142857143,31.18,19.98,86.70714285714287,312,287,64,52,25,0.267,234,123,4
2018,48,Ondo West,1,WHO_literature,2018-11-26,0.78,25.801428571428573,31.06,20.74,86.01714285714286,312,287,64,52,25,0.267,234,123,4
2018,49,Ondo West,0,WHO_literature,2018-12-03,0.07,25.017142857142858,30.05,18.31,77.56285714285715,312,287,64,52,25,0.267,234,123,4
2018,50,Ondo West,0,WHO_literature,2018-12-10,0.9400000000000001,25.072857142857142,31.07,18.46,78.28428571428572,312,287,64,52,25,0.267,234,123,4
2018,51,Ondo West,0,WHO_literature,2018-12-17,0.0,24.04,30.99,16.29,72.12857142857142,312,287,64,52,25,0.267,234,123,4
2018,52,Ondo West,0,WHO_literature,2018-12-24,0.0,23.337142857142858,29.57,16.87,68.82714285714286,312,287,64,52,25,0.267,234,123,4
2019,1,Ondo West,0,WHO_literature,2019-01-07,0.0,23.40142857142857,30.4,17.68,72.38714285714285,312,287,64,52,25,0.267,234,123,4
2019,2,Ondo West,0,WHO_literature,2019-01-14,0.0,23.802857142857142,30.34,17.01,76.57857142857142,312,287,64,52,25,0.267,234,123,4
2019,3,Ondo West,0,WHO_literature,2019-01-21,6.41,25.745714285714286,31.51,21.68,87.45714285714287,312,287,64,52,25,0.267,234,123,4
2019,4,Ondo West,0,WHO_literature,2019-01-28,7.42,26.131428571428575,32.06,21.62,85.48,312,287,64,52,25,0.267,234,123,4
2019,5,Ondo West,0,WHO_literature,2019-02-04,33.57,25.67571428571429,31.59,20.58,88.23,312,287,64,52,25,0.267,234,123,4
2019,6,Ondo West,0,WHO_literature,2019-02-11,4.76,25.601428571428574,31.33,20.94,81.21142857142857,312,287,64,52,25,0.267,234,123,4
2019,7,Ondo West,0,WHO_literature,2019-02-18,0.83,24.872857142857146,31.51,18.18,72.06428571428572,312,287,64,52,25,0.267,234,123,4
2019,8,Ondo West,0,WHO_literature,2019-02-25,16.85,25.585714285714285,31.26,21.26,89.83,312,287,64,52,25,0.267,234,123,4
2019,9,Ondo West,0,WHO_literature,2019-03-04,15.79,25.14428571428571,30.09,21.45,88.00571428571428,312,287,64,52,25,0.267,234,123,4
2019,10,Ondo West,0,WHO_literature,2019-03-11,32.26,25.79,29.85,22.62,90.10571428571428,312,287,64,52,25,0.267,234,123,4
2019,11,Ondo West,0,WHO_literature,2019-03-18,6.15,26.425714285714285,32.27,23.1,88.83857142857143,312,287,64,52,25,0.267,234,123,4
2019,12,Ondo West,0,WHO_literature,2019-03-25,11.910000000000002,26.254285714285714,32.31,22.72,89.97571428571429,312,287,64,52,25,0.267,234,123,4
2019,13,Ondo West,0,WHO_literature,2019-04-01,1.22,26.267142857142858,31.35,22.87,90.4342857142857,312,287,64,52,25,0.267,234,123,4
2019,14,Ondo West,0,WHO_literature,2019-04-08,18.96,26.834285714285716,31.91,23.8,89.35714285714286,312,287,64,52,25,0.267,234,123,4
2019,15,Ondo West,0,WHO_literature,2019-04-15,35.68,25.66142857142857,30.56,22.52,91.35714285714286,312,287,64,52,25,0.267,234,123,4
2019,16,Ondo West,0,WHO_literature,2019-04-22,3.63,26.21857142857143,30.83,22.11,90.26571428571428,312,287,64,52,25,0.267,234,123,4
2019,17,Ondo West,0,WHO_literature,2019-04-29,13.75,26.47142857142857,30.76,23.97,91.14999999999999,312,287,64,52,25,0.267,234,123,4
2019,18,Ondo West,1,WHO_literature,2019-05-06,15.58,26.12142857142857,29.47,23.61,92.50571428571428,312,287,64,52,25,0.267,234,123,4
2019,19,Ondo West,0,WHO_literature,2019-05-13,48.86,25.987142857142857,30.51,23.0,91.7957142857143,312,287,64,52,25,0.267,234,123,4
2019,20,Ondo West,1,WHO_literature,2019-05-20,38.37,25.382857142857144,29.58,22.43,91.56857142857143,312,287,64,52,25,0.267,234,123,4
2019,21,Ondo West,0,WHO_literature,2019-05-27,46.25,25.737142857142857,29.94,22.88,92.00142857142858,312,287,64,52,25,0.267,234,123,4
2019,22,Ondo West,1,WHO_literature,2019-06-03,77.58,25.201428571428572,29.21,22.77,92.69428571428571,312,287,64,52,25,0.267,234,123,4
2019,23,Ondo West,2,WHO_literature,2019-06-10,57.82,24.995714285714286,29.45,22.19,93.23857142857142,312,287,64,52,25,0.267,234,123,4
2019,24,Ondo West,3,WHO_literature,2019-06-17,28.53,25.28,29.65,22.41,90.74571428571429,312,287,64,52,25,0.267,234,123,4
2019,25,Ondo West,2,WHO_literature,2019-06-24,35.510000000000005,25.445714285714285,30.01,22.67,91.84714285714286,312,287,64,52,25,0.267,234,123,4
2019,26,Ondo West,1,WHO_literature,2019-07-01,278.93,24.669999999999998,29.2,21.47,91.55714285714285,312,287,64,52,25,0.267,234,123,4
2019,27,Ondo West,1,WHO_literature,2019-07-08,25.33,25.17285714285714,29.79,22.36,91.78428571428572,312,287,64,52,25,0.267,234,123,4
2019,28,Ondo West,2,WHO_literature,2019-07-15,79.96000000000001,24.165714285714284,29.53,20.94,91.63714285714286,312,287,64,52,25,0.267,234,123,4
2019,29,Ondo West,2,WHO_literature,2019-07-22,62.39,24.437142857142856,29.22,21.46,91.42857142857143,312,287,64,52,25,0.267,234,123,4
2019,30,Ondo West,2,WHO_literature,2019-07-29,82.05,24.365714285714287,28.21,21.97,93.25428571428571,312,287,64,52,25,0.267,234,123,4
2019,31,Ondo West,2,WHO_literature,2019-08-05,47.29,24.071428571428573,29.03,21.53,92.48142857142857,312,287,64,52,25,0.267,234,123,4
2019,32,Ondo West,1,WHO_literature,2019-08-12,58.449999999999996,24.118571428571425,28.88,21.63,92.42571428571429,312,287,64,52,25,0.267,234,123,4
2019,33,Ondo West,3,WHO_literature,2019-08-19,35.519999999999996,24.55,28.9,21.76,90.67428571428572,312,287,64,52,25,0.267,234,123,4
2019,34,Ondo West,2,WHO_literature,2019-08-26,115.57000000000001,23.964285714285715,28.79,21.09,92.86142857142856,312,287,64,52,25,0.267,234,123,4
2019,35,Ondo West,2,WHO_literature,2019-09-02,148.24,24.312857142857144,28.27,21.39,91.97285714285714,312,287,64,52,25,0.267,234,123,4
2019,36,Ondo West,3,WHO_literature,2019-09-09,65.38,24.45,29.45,21.84,93.17714285714285,312,287,64,52,25,0.267,234,123,4
2019,37,Ondo West,2,WHO_literature,2019-09-16,114.71000000000001,24.521428571428572,28.39,21.91,92.7042857142857,312,287,64,52,25,0.267,234,123,4
2019,38,Ondo West,2,WHO_literature,2019-09-23,114.22,24.650000000000002,28.82,21.85,93.32857142857142,312,287,64,52,25,0.267,234,123,4
2019,39,Ondo West,2,WHO_literature,2019-09-30,87.11,24.551428571428573,28.59,21.33,92.75857142857141,312,287,64,52,25,0.267,234,123,4
2019,40,Ondo West,2,WHO_literature,2019-10-07,165.98,24.22714285714286,29.19,21.62,92.5942857142857,312,287,64,52,25,0.267,234,123,4
2019,41,Ondo West,3,WHO_literature,2019-10-14,149.97,24.27857142857143,28.46,21.18,93.97428571428573,312,287,64,52,25,0.267,234,123,4
2019,42,Ondo West,1,WHO_literature,2019-10-21,84.26,24.54714285714286,29.57,21.22,92.13285714285713,312,287,64,52,25,0.267,234,123,4
2019,43,Ondo West,0,WHO_literature,2019-10-28,85.62,24.802857142857142,29.45,20.92,91.42142857142858,312,287,64,52,25,0.267,234,123,4
2019,44,Ondo West,0,WHO_literature,2019-11-04,66.36,24.770000000000003,29.15,21.34,91.44714285714285,312,287,64,52,25,0.267,234,123,4
2019,45,Ondo West,0,WHO_literature,2019-11-11,19.42,26.132857142857144,30.98,22.59,88.33714285714287,312,287,64,52,25,0.267,234,123,4
2019,46,Ondo West,1,WHO_literature,2019-11-18,24.35,25.868571428571432,30.28,22.43,90.11142857142856,312,287,64,52,25,0.267,234,123,4
2019,47,Ondo West,0,WHO_literature,2019-11-25,11.34,26.08857142857143,31.07,22.72,89.21142857142857,312,287,64,52,25,0.267,234,123,4
2019,48,Ondo West,0,WHO_literature,2019-12-02,3.3,26.15142857142857,31.43,20.9,85.06714285714285,312,287,64,52,25,0.267,234,123,4
2019,49,Ondo West,0,WHO_literature,2019-12-09,32.36,25.72714285714286,30.66,20.92,85.34857142857143,312,287,64,52,25,0.267,234,123,4
2019,50,Ondo West,0,WHO_literature,2019-12-16,11.31,25.490000000000002,30.92,19.16,78.60000000000001,312,287,64,52,25,0.267,234,123,4
2019,51,Ondo West,0,WHO_literature,2019-12-23,0.33999999999999997,24.97142857142857,31.13,18.2,70.67428571428572,312,287,64,52,25,0.267,234,123,4
2019,52,Ondo West,0,WHO_literature,2019-12-30,0.0,23.551428571428573,30.49,15.87,65.45285714285714,312,287,64,52,25,0.267,234,123,4
2020,1,Ondo West,0,WHO_literature,2020-01-06,0.0,22.085714285714285,29.52,15.54,70.05714285714286,312,287,64,52,25,0.267,234,123,4
2020,2,Ondo West,0,WHO_literature,2020-01-13,0.14,24.555714285714284,30.64,18.13,75.23285714285714,312,287,64,52,25,0.267,234,123,4
2020,3,Ondo West,0,WHO_literature,2020-01-20,0.09,25.004285714285714,32.25,18.18,75.61714285714285,312,287,64,52,25,0.267,234,123,4
2020,4,Ondo West,0,WHO_literature,2020-01-27,0.0,22.777142857142856,30.98,13.07,63.614285714285714,312,287,64,52,25,0.267,234,123,4
2020,5,Ondo West,0,WHO_literature,2020-02-03,0.0,23.111428571428572,30.68,15.0,61.535714285714285,312,287,64,52,25,0.267,234,123,4
2020,6,Ondo West,0,WHO_literature,2020-02-10,0.0,24.744285714285716,31.55,16.48,73.92857142857143,312,287,64,52,25,0.267,234,123,4
2020,7,Ondo West,0,WHO_literature,2020-02-17,0.0,24.25714285714286,32.1,16.73,68.04142857142857,312,287,64,52,25,0.267,234,123,4
2020,8,Ondo West,0,WHO_literature,2020-02-24,0.0,26.62857142857143,33.45,21.84,83.41857142857144,312,287,64,52,25,0.267,234,123,4
2020,9,Ondo West,0,WHO_literature,2020-03-02,0.6799999999999999,26.55,32.05,23.02,83.99571428571429,312,287,64,52,25,0.267,234,123,4
2020,10,Ondo West,0,WHO_literature,2020-03-09,18.71,26.38,32.71,21.37,87.36285714285714,312,287,64,52,25,0.267,234,123,4
2020,11,Ondo West,0,WHO_literature,2020-03-16,43.56,26.431428571428572,31.33,22.71,89.52285714285713,312,287,64,52,25,0.267,234,123,4
2020,12,Ondo West,0,WHO_literature,2020-03-23,14.169999999999998,26.65285714285714,31.18,23.92,89.32285714285715,312,287,64,52,25,0.267,234,123,4
2020,13,Ondo West,0,WHO_literature,2020-03-30,33.23,25.73428571428571,30.8,22.31,90.36,312,287,64,52,25,0.267,234,123,4
2020,14,Ondo West,0,WHO_literature,2020-04-06,17.96,25.985714285714288,31.25,23.32,91.58142857142856,312,287,64,52,25,0.267,234,123,4
2020,15,Ondo West,0,WHO_literature,2020-04-13,30.830000000000002,25.672857142857143,31.59,21.39,88.5,312,287,64,52,25,0.267,234,123,4
2020,16,Ondo West,0,WHO_literature,2020-04-20,1.94,27.247142857142855,32.34,23.61,86.58,312,287,64,52,25,0.267,234,123,4
2020,17,Ondo West,0,WHO_literature,2020-04-27,43.78,25.69142857142857,30.02,22.83,91.54857142857144,312,287,64,52,25,0.267,234,123,4
2020,18,Ondo West,0,WHO_literature,2020-05-04,42.839999999999996,25.90285714285714,30.65,22.39,91.86,312,287,64,52,25,0.267,234,123,4
2020,19,Ondo West,0,WHO_literature,2020-05-11,22.91,26.554285714285715,31.19,23.3,89.36571428571428,312,287,64,52,25,0.267,234,123,4
2020,20,Ondo West,0,WHO_literature,2020-05-18,23.47,25.767142857142858,30.12,22.03,90.63571428571429,312,287,64,52,25,0.267,234,123,4
2020,21,Ondo West,1,WHO_literature,2020-05-25,30.11,25.68142857142857,30.57,22.71,91.49,312,287,64,52,25,0.267,234,123,4
2020,22,Ondo West,0,WHO_literature,2020-06-01,39.72,25.25857142857143,28.77,22.7,92.91571428571429,312,287,64,52,25,0.267,234,123,4
2020,23,Ondo West,0,WHO_literature,2020-06-08,58.94,25.158571428571427,29.32,22.32,92.54857142857144,312,287,64,52,25,0.267,234,123,4
2020,24,Ondo West,0,WHO_literature,2020-06-15,52.260000000000005,24.717142857142857,29.24,21.94,92.25857142857141,312,287,64,52,25,0.267,234,123,4
2020,25,Ondo West,0,WHO_literature,2020-06-22,73.98,24.827142857142857,30.04,20.85,92.44428571428571,312,287,64,52,25,0.267,234,123,4
2020,26,Ondo West,0,WHO_literature,2020-06-29,102.24,24.771428571428572,29.42,21.91,92.30714285714285,312,287,64,52,25,0.267,234,123,4
2020,27,Ondo West,0,WHO_literature,2020-07-06,116.41,24.31,28.95,21.83,92.74,312,287,64,52,25,0.267,234,123,4
2020,28,Ondo West,0,WHO_literature,2020-07-13,96.76,23.958571428571428,28.48,21.59,93.60142857142857,312,287,64,52,25,0.267,234,123,4
2020,29,Ondo West,0,WHO_literature,2020-07-20,60.69,23.602857142857143,27.81,21.32,92.61,312,287,64,52,25,0.267,234,123,4
2020,30,Ondo West,0,WHO_literature,2020-07-27,53.65,23.945714285714285,28.15,21.52,91.99571428571429,312,287,64,52,25,0.267,234,123,4
2020,31,Ondo West,1,WHO_literature,2020-08-03,28.19,23.68285714285714,28.61,20.61,90.69714285714285,312,287,64,52,25,0.267,234,123,4
2020,32,Ondo West,1,WHO_literature,2020-08-10,4.96,22.928571428571427,28.39,18.6,88.69142857142857,312,287,64,52,25,0.267,234,123,4
2020,33,Ondo West,0,WHO_literature,2020-08-17,5.05,23.49285714285714,29.51,18.16,87.96285714285715,312,287,64,52,25,0.267,234,123,4
2020,34,Ondo West,0,WHO_literature,2020-08-24,33.38,24.142857142857142,29.61,21.0,90.48428571428572,312,287,64,52,25,0.267,234,123,4
2020,35,Ondo West,0,WHO_literature,2020-08-31,21.36,23.72,28.77,20.25,90.01571428571428,312,287,64,52,25,0.267,234,123,4
2020,36,Ondo West,1,WHO_literature,2020-09-07,145.26,24.03857142857143,29.53,21.21,91.62857142857142,312,287,64,52,25,0.267,234,123,4
2020,37,Ondo West,0,WHO_literature,2020-09-14,186.18,24.274285714285718,29.83,21.08,91.81714285714285,312,287,64,52,25,0.267,234,123,4
2020,38,Ondo West,0,WHO_literature,2020-09-21,112.53,24.307142857142857,29.34,21.53,92.19428571428571,312,287,64,52,25,0.267,234,123,4
2020,39,Ondo West,2,WHO_literature,2020-09-28,77.9,24.197142857142858,28.87,21.06,92.32000000000001,312,287,64,52,25,0.267,234,123,4
2020,40,Ondo West,0,WHO_literature,2020-10-05,47.41,24.59142857142857,29.05,21.26,91.92571428571429,312,287,64,52,25,0.267,234,123,4
2020,41,Ondo West,0,WHO_literature,2020-10-12,50.66,24.259999999999998,28.68,20.35,91.24857142857142,312,287,64,52,25,0.267,234,123,4
2020,42,Ondo West,0,WHO_literature,2020-10-19,48.91,24.981428571428573,30.0,21.61,90.58857142857143,312,287,64,52,25,0.267,234,123,4
2020,43,Ondo West,0,WHO_literature,2020-10-26,22.23,25.521428571428572,30.18,22.36,90.36285714285714,312,287,64,52,25,0.267,234,123,4
2020,44,Ondo West,0,WHO_literature,2020-11-02,16.7,25.904285714285713,31.2,21.82,87.50142857142858,312,287,64,52,25,0.267,234,123,4
2020,45,Ondo West,0,WHO_literature,2020-11-09,17.919999999999998,25.63714285714286,30.66,20.96,87.26142857142858,312,287,64,52,25,0.267,234,123,4
2020,46,Ondo West,0,WHO_literature,2020-11-16,21.71,24.845714285714283,29.31,20.71,86.61142857142856,312,287,64,52,25,0.267,234,123,4
2020,47,Ondo West,0,WHO_literature,2020-11-23,4.61,25.46,30.41,20.51,83.4557142857143,312,287,64,52,25,0.267,234,123,4
2020,48,Ondo West,0,WHO_literature,2020-11-30,63.4,26.117142857142856,31.37,21.63,86.49000000000001,312,287,64,52,25,0.267,234,123,4
2020,49,Ondo West,0,WHO_literature,2020-12-07,4.05,25.877142857142854,31.42,20.45,83.18571428571428,312,287,64,52,25,0.267,234,123,4
2020,50,Ondo West,0,WHO_literature,2020-12-14,8.56,25.095714285714283,30.68,20.19,89.89,312,287,64,52,25,0.267,234,123,4
2020,51,Ondo West,0,WHO_literature,2020-12-21,13.379999999999999,25.472857142857144,30.88,22.1,89.42142857142858,312,287,64,52,25,0.267,234,123,4
2020,52,Ondo West,0,WHO_literature,2020-12-28,2.5,25.00857142857143,31.2,18.21,84.13142857142857,312,287,64,52,25,0.267,234,123,4
2021,1,Ondo West,0,WHO_literature,2021-01-04,17.94,25.87142857142857,31.68,22.06,87.97285714285714,312,287,64,52,25,0.267,234,123,4
2021,2,Ondo West,0,WHO_literature,2021-01-11,0.42000000000000004,25.665714285714284,32.03,19.54,80.72857142857143,312,287,64,52,25,0.267,234,123,4
2021,3,Ondo West,0,WHO_literature,2021-01-18,0.05,24.175714285714285,31.72,17.17,70.42857142857143,312,287,64,52,25,0.267,234,123,4
2021,4,Ondo West,1,WHO_literature,2021-01-25,2.92,25.15285714285714,31.86,18.24,85.33428571428571,312,287,64,52,25,0.267,234,123,4
2021,5,Ondo West,0,WHO_literature,2021-02-01,2.1999999999999997,25.935714285714287,31.66,21.82,85.36714285714287,312,287,64,52,25,0.267,234,123,4
2021,6,Ondo West,0,WHO_literature,2021-02-08,13.91,26.914285714285715,33.23,22.86,84.87428571428572,312,287,64,52,25,0.267,234,123,4
2021,7,Ondo West,0,WHO_literature,2021-02-15,3.05,24.34857142857143,32.04,16.63,71.33571428571429,312,287,64,52,25,0.267,234,123,4
2021,8,Ondo West,0,WHO_literature,2021-02-22,2.5,25.40142857142857,31.42,19.16,86.17714285714285,312,287,64,52,25,0.267,234,123,4
2021,9,Ondo West,0,WHO_literature,2021-03-01,1.03,26.735714285714288,33.1,22.47,85.68714285714285,312,287,64,52,25,0.267,234,123,4
2021,10,Ondo West,0,WHO_literature,2021-03-08,33.62,25.681428571428572,29.93,23.04,91.54571428571428,312,287,64,52,25,0.267,234,123,4
2021,11,Ondo West,0,WHO_literature,2021-03-15,12.83,25.014285714285712,29.84,22.39,90.80714285714285,312,287,64,52,25,0.267,234,123,4
2021,12,Ondo West,0,WHO_literature,2021-03-22,23.62,25.895714285714288,31.71,22.71,88.65857142857143,312,287,64,52,25,0.267,234,123,4
2021,13,Ondo West,1,WHO_literature,2021-03-29,1.03,26.774285714285714,31.9,23.27,85.93571428571428,312,287,64,52,25,0.267,234,123,4
2021,14,Ondo West,0,WHO_literature,2021-04-05,48.83,26.21,31.4,23.43,90.90714285714286,312,287,64,52,25,0.267,234,123,4
2021,15,Ondo West,0,WHO_literature,2021-04-12,102.19,25.284285714285716,29.6,22.73,91.28428571428572,312,287,64,52,25,0.267,234,123,4
2021,16,Ondo West,5,WHO_literature,2021-04-19,33.57,25.52857142857143,29.95,22.1,92.13571428571429,312,287,64,52,25,0.267,234,123,4
2021,17,Ondo West,0,WHO_literature,2021-04-26,12.360000000000001,26.20285714285714,30.97,23.27,90.34142857142857,312,287,64,52,25,0.267,234,123,4
2021,18,Ondo West,3,WHO_literature,2021-05-03,48.54,25.042857142857144,29.73,21.85,90.57285714285715,312,287,64,52,25,0.267,234,123,4
2021,19,Ondo West,1,WHO_literature,2021-05-10,20.5,25.568571428571428,30.25,20.66,91.41,312,287,64,52,25,0.267,234,123,4
2021,20,Ondo West,3,WHO_literature,2021-05-17,38.26,25.638571428571428,30.17,21.8,91.64,312,287,64,52,25,0.267,234,123,4
2021,21,Ondo West,4,WHO_literature,2021-05-24,38.61,25.96,30.35,23.02,92.58714285714287,312,287,64,52,25,0.267,234,123,4
2021,22,Ondo West,4,WHO_literature,2021-05-31,79.84,25.494285714285716,29.96,22.3,91.47142857142856,312,287,64,52,25,0.267,234,123,4
2021,23,Ondo West,8,WHO_literature,2021-06-07,29.44,25.417142857142856,30.29,22.33,90.3442857142857,312,287,64,52,25,0.267,234,123,4
2021,24,Ondo West,4,WHO_literature,2021-06-14,93.1,24.86285714285714,29.32,22.15,93.38714285714286,312,287,64,52,25,0.267,234,123,4
2021,25,Ondo West,3,WHO_literature,2021-06-21,53.76,24.70285714285714,28.87,21.92,90.83428571428571,312,287,64,52,25,0.267,234,123,4
2021,26,Ondo West,10,WHO_literature,2021-06-28,61.77,24.192857142857143,29.12,20.75,91.98857142857142,312,287,64,52,25,0.267,234,123,4
2021,27,Ondo West,8,WHO_literature,2021-07-05,40.33,24.255714285714287,28.69,21.52,91.8,312,287,64,52,25,0.267,234,123,4
2021,28,Ondo West,7,WHO_literature,2021-07-12,149.04,24.472857142857144,28.4,21.38,91.53571428571429,312,287,64,52,25,0.267,234,123,4
2021,29,Ondo West,9,WHO_literature,2021-07-19,41.089999999999996,24.222857142857144,29.06,20.92,90.2957142857143,312,287,64,52,25,0.267,234,123,4
2021,30,Ondo West,3,WHO_literature,2021-07-26,34.56,23.864285714285717,28.72,20.61,90.82857142857142,312,287,64,52,25,0.267,234,123,4
2021,31,Ondo West,12,WHO_literature,2021-08-02,94.53,23.974285714285713,27.98,21.5,93.60428571428572,312,287,64,52,25,0.267,234,123,4
2021,32,Ondo West,11,WHO_literature,2021-08-09,135.91,24.104285714285712,28.62,21.2,92.46142857142857,312,287,64,52,25,0.267,234,123,4
2021,33,Ondo West,8,WHO_literature,2021-08-16,113.35,23.684285714285714,27.99,21.5,93.52714285714286,312,287,64,52,25,0.267,234,123,4
2021,34,Ondo West,9,WHO_literature,2021-08-23,76.94999999999999,24.747142857142855,28.96,21.61,92.14714285714285,312,287,64,52,25,0.267,234,123,4
2021,35,Ondo West,5,WHO_literature,2021-08-30,136.68,24.541428571428572,28.99,21.67,92.15857142857143,312,287,64,52,25,0.267,234,123,4
2021,36,Ondo West,8,WHO_literature,2021-09-06,52.57,24.577142857142857,28.4,21.83,92.62714285714286,312,287,64,52,25,0.267,234,123,4
2021,37,Ondo West,6,WHO_literature,2021-09-13,45.78,24.56142857142857,28.78,21.34,92.10714285714286,312,287,64,52,25,0.267,234,123,4
2021,38,Ondo West,10,WHO_literature,2021-09-20,122.08,24.478571428571428,28.63,20.88,91.96142857142857,312,287,64,52,25,0.267,234,123,4
2021,39,Ondo West,8,WHO_literature,2021-09-27,49.76,24.822857142857142,29.1,21.87,91.92714285714285,312,287,64,52,25,0.267,234,123,4
2021,40,Ondo West,8,WHO_literature,2021-10-04,57.09,25.38,30.23,22.4,92.59571428571428,312,287,64,52,25,0.267,234,123,4
2021,41,Ondo West,1,WHO_literature,2021-10-11,46.95,25.228571428571428,29.5,22.13,92.34714285714287,312,287,64,52,25,0.267,234,123,4
2021,42,Ondo West,5,WHO_literature,2021-10-18,37.01,25.080000000000002,29.93,21.9,90.5657142857143,312,287,64,52,25,0.267,234,123,4
2021,43,Ondo West,2,WHO_literature,2021-10-25,64.07,25.534285714285716,30.16,22.16,91.12285714285714,312,287,64,52,25,0.267,234,123,4
2021,44,Ondo West,6,WHO_literature,2021-11-01,62.42,25.37,29.86,22.52,91.88428571428572,312,287,64,52,25,0.267,234,123,4
2021,45,Ondo West,2,WHO_literature,2021-11-08,142.11,25.611428571428572,29.84,22.54,91.60857142857142,312,287,64,52,25,0.267,234,123,4
2021,46,Ondo West,1,WHO_literature,2021-11-15,94.42,25.92142857142857,30.22,22.59,89.89428571428572,312,287,64,52,25,0.267,234,123,4
2021,47,Ondo West,0,NCDC_real,2021-11-22,28.29,25.717142857142857,30.33,22.56,89.74571428571429,312,287,64,52,25,0.267,234,123,4
2021,48,Ondo West,5,WHO_literature,2021-11-29,16.22,26.0,30.85,21.87,86.49142857142859,312,287,64,52,25,0.267,234,123,4
2021,49,Ondo West,0,WHO_literature,2021-12-06,4.38,25.325714285714287,30.46,19.88,82.66714285714285,312,287,64,52,25,0.267,234,123,4
2021,50,Ondo West,0,NCDC_real,2021-12-13,62.34,24.275714285714287,31.15,17.37,82.12428571428572,312,287,64,52,25,0.267,234,123,4
2021,51,Ondo West,0,WHO_literature,2021-12-20,1.98,23.645714285714284,31.14,17.07,81.0442857142857,312,287,64,52,25,0.267,234,123,4
2021,52,Ondo West,2,WHO_literature,2021-12-27,21.47,24.551428571428573,30.19,19.12,83.27571428571427,312,287,64,52,25,0.267,234,123,4
2022,1,Ondo West,0,WHO_literature,2022-01-03,16.509999999999998,24.147142857142857,30.77,17.74,78.13571428571429,312,287,64,52,25,0.267,234,123,4
2022,2,Ondo West,0,WHO_literature,2022-01-10,34.33,25.14428571428571,30.68,21.04,86.89142857142858,312,287,64,52,25,0.267,234,123,4
2022,3,Ondo West,0,WHO_literature,2022-01-17,7.239999999999999,22.544285714285714,30.37,16.23,74.93857142857142,312,287,64,52,25,0.267,234,123,4
2022,4,Ondo West,0,WHO_literature,2022-01-24,0.29,21.99285714285714,30.11,14.67,71.67714285714285,312,287,64,52,25,0.267,234,123,4
2022,5,Ondo West,0,WHO_literature,2022-01-31,0.0,22.085714285714285,29.71,13.69,66.85714285714286,312,287,64,52,25,0.267,234,123,4
2022,6,Ondo West,0,WHO_literature,2022-02-07,10.52,24.954285714285714,31.67,17.1,78.14571428571428,312,287,64,52,25,0.267,234,123,4
2022,7,Ondo West,0,WHO_literature,2022-02-14,2.7600000000000002,26.315714285714286,32.63,21.8,85.01285714285713,312,287,64,52,25,0.267,234,123,4
2022,8,Ondo West,0,WHO_literature,2022-02-21,11.28,26.572857142857142,32.29,22.22,84.40428571428572,312,287,64,52,25,0.267,234,123,4
2022,9,Ondo West,0,WHO_literature,2022-02-28,38.01,25.624285714285715,31.54,22.46,90.63285714285715,312,287,64,52,25,0.267,234,123,4
2022,10,Ondo West,1,WHO_literature,2022-03-07,21.89,26.134285714285713,30.65,22.86,90.01857142857143,312,287,64,52,25,0.267,234,123,4
2022,11,Ondo West,0,WHO_literature,2022-03-14,9.87,26.395714285714288,32.25,23.23,89.73142857142857,312,287,64,52,25,0.267,234,123,4
2022,12,Ondo West,0,WHO_literature,2022-03-21,22.75,26.5,32.52,23.43,88.98714285714286,312,287,64,52,25,0.267,234,123,4
2022,13,Ondo West,0,WHO_literature,2022-03-28,22.52,26.360000000000003,32.02,21.82,89.18285714285715,312,287,64,52,25,0.267,234,123,4
2022,14,Ondo West,0,WHO_literature,2022-04-04,36.46,25.657142857142855,30.13,21.66,91.84428571428573,312,287,64,52,25,0.267,234,123,4
2022,15,Ondo West,3,WHO_literature,2022-04-11,22.01,25.437142857142856,30.16,22.23,90.67999999999999,312,287,64,52,25,0.267,234,123,4
2022,16,Ondo West,0,WHO_literature,2022-04-18,40.96,25.494285714285716,30.42,22.66,90.63857142857144,312,287,64,52,25,0.267,234,123,4
2022,17,Ondo West,3,WHO_literature,2022-04-25,79.48,25.175714285714285,29.56,22.13,92.14285714285714,312,287,64,52,25,0.267,234,123,4
2022,18,Ondo West,0,WHO_literature,2022-05-02,22.25,25.58142857142857,29.87,22.75,91.26714285714286,312,287,64,52,25,0.267,234,123,4
2022,19,Ondo West,1,WHO_literature,2022-05-09,26.1,25.97,30.33,22.89,91.20857142857143,312,287,64,52,25,0.267,234,123,4
2022,20,Ondo West,3,WHO_literature,2022-05-16,54.19,25.41857142857143,30.18,22.69,92.85857142857142,312,287,64,52,25,0.267,234,123,4
2022,21,Ondo West,4,WHO_literature,2022-05-23,34.300000000000004,24.801428571428573,29.21,21.17,91.38285714285715,312,287,64,52,25,0.267,234,123,4
2022,22,Ondo West,4,WHO_literature,2022-05-30,60.14,25.334285714285716,29.6,22.46,91.9557142857143,312,287,64,52,25,0.267,234,123,4
2022,23,Ondo West,2,WHO_literature,2022-06-06,160.07999999999998,24.458571428571428,28.05,21.22,93.99571428571429,312,287,64,52,25,0.267,234,123,4
2022,24,Ondo West,2,WHO_literature,2022-06-13,42.16,24.46857142857143,28.62,21.51,93.66285714285713,312,287,64,52,25,0.267,234,123,4
2022,25,Ondo West,6,WHO_literature,2022-06-20,51.269999999999996,24.240000000000002,27.67,21.75,93.71142857142857,312,287,64,52,25,0.267,234,123,4
2022,26,Ondo West,5,WHO_literature,2022-06-27,62.25,24.284285714285716,28.84,21.3,91.66428571428571,312,287,64,52,25,0.267,234,123,4
2022,27,Ondo West,7,WHO_literature,2022-07-04,87.07,24.494285714285716,29.32,21.75,93.03285714285714,312,287,64,52,25,0.267,234,123,4
2022,28,Ondo West,2,WHO_literature,2022-07-11,21.77,24.505714285714284,29.01,21.7,90.83428571428571,312,287,64,52,25,0.267,234,123,4
2022,29,Ondo West,2,WHO_literature,2022-07-18,84.07,23.982857142857142,28.72,20.55,90.68571428571428,312,287,64,52,25,0.267,234,123,4
2022,30,Ondo West,8,WHO_literature,2022-07-25,61.51,23.889999999999997,27.97,21.48,92.95142857142858,312,287,64,52,25,0.267,234,123,4
2022,31,Ondo West,8,WHO_literature,2022-08-01,8.12,23.96142857142857,28.81,20.35,88.88,312,287,64,52,25,0.267,234,123,4
2022,32,Ondo West,5,WHO_literature,2022-08-08,65.5,23.844285714285714,28.34,21.17,92.4742857142857,312,287,64,52,25,0.267,234,123,4
2022,33,Ondo West,7,WHO_literature,2022-08-15,45.59,23.859999999999996,29.17,20.46,90.96142857142857,312,287,64,52,25,0.267,234,123,4
2022,34,Ondo West,5,WHO_literature,2022-08-22,76.96,23.77857142857143,27.99,20.93,92.31142857142858,312,287,64,52,25,0.267,234,123,4
2022,35,Ondo West,3,WHO_literature,2022-08-29,53.98,24.207142857142856,28.72,21.17,91.50142857142858,312,287,64,52,25,0.267,234,123,4
2022,36,Ondo West,5,WHO_literature,2022-09-05,48.32,24.40857142857143,28.98,21.55,91.41428571428571,312,287,64,52,25,0.267,234,123,4
2022,37,Ondo West,8,WHO_literature,2022-09-12,71.05,24.261428571428574,29.2,21.45,93.06428571428572,312,287,64,52,25,0.267,234,123,4
2022,38,Ondo West,7,WHO_literature,2022-09-19,92.49,24.34857142857143,28.72,21.6,92.40285714285713,312,287,64,52,25,0.267,234,123,4
2022,39,Ondo West,9,WHO_literature,2022-09-26,84.77000000000001,23.777142857142856,28.38,21.29,92.68571428571428,312,287,64,52,25,0.267,234,123,4
2022,40,Ondo West,1,WHO_literature,2022-10-03,90.56,24.754285714285714,29.2,21.09,90.83857142857143,312,287,64,52,25,0.267,234,123,4
2022,41,Ondo West,1,WHO_literature,2022-10-10,56.15,24.981428571428573,29.56,21.6,90.55857142857143,312,287,64,52,25,0.267,234,123,4
2022,42,Ondo West,1,WHO_literature,2022-10-17,51.24,25.56142857142857,30.53,22.2,90.02857142857144,312,287,64,52,25,0.267,234,123,4
2022,43,Ondo West,5,WHO_literature,2022-10-24,9.15,25.73428571428571,30.78,22.42,86.75857142857141,312,287,64,52,25,0.267,234,123,4
2022,44,Ondo West,3,WHO_literature,2022-10-31,25.72,25.398571428571426,30.14,20.37,87.16,312,287,64,52,25,0.267,234,123,4
2022,45,Ondo West,1,WHO_literature,2022-11-07,8.7,25.859999999999996,30.95,22.37,87.26714285714286,312,287,64,52,25,0.267,234,123,4
2022,46,Ondo West,1,WHO_literature,2022-11-14,2.33,25.382857142857144,30.35,21.06,85.62,312,287,64,52,25,0.267,234,123,4
2022,47,Ondo West,4,WHO_literature,2022-11-21,3.58,25.05,30.28,19.29,82.66428571428571,312,287,64,52,25,0.267,234,123,4
2022,48,Ondo West,2,WHO_literature,2022-11-28,10.32,25.34857142857143,30.11,21.39,87.10142857142857,312,287,64,52,25,0.267,234,123,4
2022,49,Ondo West,0,WHO_literature,2022-12-05,0.14,24.398571428571426,29.78,17.34,79.48857142857142,312,287,64,52,25,0.267,234,123,4
2022,50,Ondo West,0,WHO_literature,2022-12-12,15.96,24.701428571428572,30.64,20.28,89.41,312,287,64,52,25,0.267,234,123,4
2022,51,Ondo West,1,WHO_literature,2022-12-19,0.0,22.374285714285715,28.85,15.56,71.57857142857144,312,287,64,52,25,0.267,234,123,4
2022,52,Ondo West,0,WHO_literature,2022-12-26,0.0,21.86285714285714,29.29,15.04,69.03428571428572,312,287,64,52,25,0.267,234,123,4
2023,1,Ondo West,0,WHO_literature,2023-01-02,0.04,23.74142857142857,30.38,16.71,69.1542857142857,312,287,64,52,25,0.267,234,123,4
2023,2,Ondo West,0,WHO_literature,2023-01-09,0.01,22.577142857142857,30.18,14.66,64.60142857142857,312,287,64,52,25,0.267,234,123,4
2023,3,Ondo West,0,WHO_literature,2023-01-16,1.2200000000000002,24.65142857142857,31.71,16.78,76.0457142857143,312,287,64,52,25,0.267,234,123,4
2023,4,Ondo West,0,WHO_literature,2023-01-23,3.94,25.55,32.3,21.54,87.91714285714285,312,287,64,52,25,0.267,234,123,4
2023,5,Ondo West,0,WHO_literature,2023-01-30,14.3,25.695714285714285,32.32,21.72,87.45142857142856,312,287,64,52,25,0.267,234,123,4
2023,6,Ondo West,0,WHO_literature,2023-02-06,40.94,26.2,32.83,21.19,81.92714285714285,312,287,64,52,25,0.267,234,123,4
2023,7,Ondo West,0,WHO_literature,2023-02-13,0.0,23.458571428571428,30.52,16.93,65.22142857142858,312,287,64,52,25,0.267,234,123,4
2023,8,Ondo West,0,WHO_literature,2023-02-20,23.66,25.577142857142857,31.41,17.7,81.3157142857143,312,287,64,52,25,0.267,234,123,4
2023,9,Ondo West,0,WHO_literature,2023-02-27,16.96,25.83142857142857,30.07,22.59,90.13285714285715,312,287,64,52,25,0.267,234,123,4
2023,10,Ondo West,0,WHO_literature,2023-03-06,29.28,25.924285714285713,30.45,22.87,90.09714285714287,312,287,64,52,25,0.267,234,123,4
2023,11,Ondo West,0,WHO_literature,2023-03-13,34.83,25.25142857142857,30.04,22.15,89.58714285714287,312,287,64,52,25,0.267,234,123,4
2023,12,Ondo West,0,WHO_literature,2023-03-20,39.97,25.397142857142857,30.73,21.49,88.33285714285715,312,287,64,52,25,0.267,234,123,4
2023,13,Ondo West,0,WHO_literature,2023-03-27,18.48,26.07857142857143,31.06,22.64,88.08714285714287,312,287,64,52,25,0.267,234,123,4
2023,14,Ondo West,2,WHO_literature,2023-04-03,43.459999999999994,25.859999999999996,30.35,22.59,90.54714285714286,312,287,64,52,25,0.267,234,123,4
2023,15,Ondo West,0,WHO_literature,2023-04-10,27.5,25.895714285714288,30.25,22.84,91.94285714285715,312,287,64,52,25,0.267,234,123,4
2023,16,Ondo West,3,WHO_literature,2023-04-17,26.35,26.111428571428572,30.99,23.15,91.31285714285714,312,287,64,52,25,0.267,234,123,4
2023,17,Ondo West,0,WHO_literature,2023-04-24,51.32,25.345714285714283,29.6,22.69,91.63857142857144,312,287,64,52,25,0.267,234,123,4
2023,18,Ondo West,1,WHO_literature,2023-05-01,23.55,25.514285714285712,29.66,21.75,90.48714285714286,312,287,64,52,25,0.267,234,123,4
2023,19,Ondo West,1,WHO_literature,2023-05-08,30.39,25.965714285714284,29.95,23.09,92.32428571428571,312,287,64,52,25,0.267,234,123,4
2023,20,Ondo West,2,WHO_literature,2023-05-15,37.53,26.185714285714287,30.01,23.38,92.49571428571429,312,287,64,52,25,0.267,234,123,4
2023,21,Ondo West,2,WHO_literature,2023-05-22,27.07,26.01142857142857,29.84,22.9,92.50285714285714,312,287,64,52,25,0.267,234,123,4
2023,22,Ondo West,1,WHO_literature,2023-05-29,37.11,26.014285714285712,30.45,22.76,91.42,312,287,64,52,25,0.267,234,123,4
2023,23,Ondo West,1,WHO_literature,2023-06-05,159.01999999999998,24.928571428571427,29.14,22.33,93.64,312,287,64,52,25,0.267,234,123,4
2023,24,Ondo West,2,WHO_literature,2023-06-12,78.59,25.017142857142858,29.39,21.86,92.14999999999999,312,287,64,52,25,0.267,234,123,4
2023,25,Ondo West,2,WHO_literature,2023-06-19,57.879999999999995,24.731428571428573,28.65,21.7,92.13571428571429,312,287,64,52,25,0.267,234,123,4
2023,26,Ondo West,2,WHO_literature,2023-06-26,52.129999999999995,24.68,29.54,22.15,92.26428571428572,312,287,64,52,25,0.267,234,123,4
2023,27,Ondo West,1,WHO_literature,2023-07-03,59.17,24.884285714285713,29.73,22.13,92.50285714285714,312,287,64,52,25,0.267,234,123,4
2023,28,Ondo West,1,WHO_literature,2023-07-10,23.53,25.524285714285714,30.73,21.86,90.28,312,287,64,52,25,0.267,234,123,4
2023,29,Ondo West,3,WHO_literature,2023-07-17,68.42,25.07857142857143,28.95,22.65,92.82857142857142,312,287,64,52,25,0.267,234,123,4
2023,30,Ondo West,3,WHO_literature,2023-07-24,80.66,24.892857142857142,29.78,21.94,91.95285714285714,312,287,64,52,25,0.267,234,123,4
2023,31,Ondo West,3,WHO_literature,2023-07-31,24.82,24.87857142857143,29.82,21.86,90.90285714285714,312,287,64,52,25,0.267,234,123,4
2023,32,Ondo West,5,WHO_literature,2023-08-07,26.97,24.76142857142857,29.06,22.22,90.97857142857143,312,287,64,52,25,0.267,234,123,4
2023,33,Ondo West,2,WHO_literature,2023-08-14,25.8,25.051428571428573,30.18,22.02,90.62571428571428,312,287,64,52,25,0.267,234,123,4
2023,34,Ondo West,2,WHO_literature,2023-08-21,30.310000000000002,25.037142857142857,29.65,22.09,91.62857142857142,312,287,64,52,25,0.267,234,123,4
2023,35,Ondo West,2,WHO_literature,2023-08-28,111.89,24.545714285714286,28.79,21.82,92.69285714285715,312,287,64,52,25,0.267,234,123,4
2023,36,Ondo West,5,WHO_literature,2023-09-04,98.4,24.925714285714285,30.25,21.74,92.14428571428572,312,287,64,52,25,0.267,234,123,4
2023,37,Ondo West,4,WHO_literature,2023-09-11,110.8,24.987142857142857,28.97,22.6,93.3,312,287,64,52,25,0.267,234,123,4
2023,38,Ondo West,8,WHO_literature,2023-09-18,59.39,25.142857142857142,29.67,22.67,91.98571428571428,312,287,64,52,25,0.267,234,123,4
2023,39,Ondo West,1,WHO_literature,2023-09-25,63.54,25.944285714285716,30.75,22.83,90.86714285714287,312,287,64,52,25,0.267,234,123,4
2023,40,Ondo West,0,WHO_literature,2023-10-02,87.97,25.701428571428572,29.98,23.09,92.08714285714287,312,287,64,52,25,0.267,234,123,4
2023,41,Ondo West,1,WHO_literature,2023-10-09,46.93,25.58285714285714,29.65,23.07,92.82142857142857,312,287,64,52,25,0.267,234,123,4
2023,42,Ondo West,2,WHO_literature,2023-10-16,32.03,25.43285714285714,30.21,21.69,91.98571428571428,312,287,64,52,25,0.267,234,123,4
2023,43,Ondo West,2,WHO_literature,2023-10-23,8.66,25.90857142857143,30.7,22.75,90.42142857142858,312,287,64,52,25,0.267,234,123,4
2023,44,Ondo West,1,WHO_literature,2023-10-30,57.5,25.66142857142857,29.56,23.14,91.65571428571427,312,287,64,52,25,0.267,234,123,4
2023,45,Ondo West,0,WHO_literature,2023-11-06,22.7,25.835714285714285,30.23,23.17,91.45714285714287,312,287,64,52,25,0.267,234,123,4
2023,46,Ondo West,1,WHO_literature,2023-11-13,8.35,25.77285714285714,30.13,21.99,89.59285714285714,312,287,64,52,25,0.267,234,123,4
2023,47,Ondo West,2,WHO_literature,2023-11-20,30.700000000000003,25.744285714285716,31.0,22.61,91.07571428571428,312,287,64,52,25,0.267,234,123,4
2023,48,Ondo West,0,WHO_literature,2023-11-27,5.91,26.175714285714285,31.36,21.93,87.51428571428572,312,287,64,52,25,0.267,234,123,4
2023,49,Ondo West,0,WHO_literature,2023-12-04,0.64,26.27857142857143,31.38,22.12,85.76428571428572,312,287,64,52,25,0.267,234,123,4
2023,50,Ondo West,1,WHO_literature,2023-12-11,0.0,24.24142857142857,30.85,17.2,71.36428571428571,312,287,64,52,25,0.267,234,123,4
2023,51,Ondo West,0,WHO_literature,2023-12-18,0.0,24.83285714285714,30.93,18.11,74.34714285714287,312,287,64,52,25,0.267,234,123,4
2023,52,Ondo West,1,WHO_literature,2023-12-25,0.0,25.032857142857143,31.24,17.75,69.90285714285714,312,287,64,52,25,0.267,234,123,4
2024,1,Ondo West,0,WHO_literature,2024-01-01,1.0,26.45285714285714,32.06,20.28,82.73714285714286,312,287,64,52,25,0.267,234,123,4
2024,2,Ondo West,0,WHO_literature,2024-01-08,2.59,26.169999999999998,32.52,20.59,78.32142857142857,312,287,64,52,25,0.267,234,123,4
2024,3,Ondo West,0,WHO_literature,2024-01-15,0.0,23.692857142857143,31.37,15.53,58.46714285714285,312,287,64,52,25,0.267,234,123,4
2024,4,Ondo West,0,WHO_literature,2024-01-22,6.0,23.92142857142857,32.15,16.66,70.77857142857144,312,287,64,52,25,0.267,234,123,4
2024,5,Ondo West,0,WHO_literature,2024-01-29,0.0,24.87142857142857,31.14,17.68,68.14285714285714,312,287,64,52,25,0.267,234,123,4
2024,6,Ondo West,0,WHO_literature,2024-02-05,0.01,24.43857142857143,32.63,17.63,68.05428571428571,312,287,64,52,25,0.267,234,123,4
2024,7,Ondo West,0,WHO_literature,2024-02-12,0.67,26.867142857142856,33.18,22.56,84.17999999999999,312,287,64,52,25,0.267,234,123,4
2024,8,Ondo West,0,WHO_literature,2024-02-19,27.09,27.027142857142856,33.04,23.19,82.00142857142858,312,287,64,52,25,0.267,234,123,4
2024,9,Ondo West,0,WHO_literature,2024-02-26,1.3599999999999999,27.03,33.54,22.62,86.7057142857143,312,287,64,52,25,0.267,234,123,4
2024,10,Ondo West,0,WHO_literature,2024-03-04,8.5,26.81714285714286,31.55,23.52,88.7757142857143,312,287,64,52,25,0.267,234,123,4
2024,11,Ondo West,0,WHO_literature,2024-03-11,13.319999999999999,27.390000000000004,34.02,23.77,87.28999999999999,312,287,64,52,25,0.267,234,123,4
2024,12,Ondo West,0,WHO_literature,2024-03-18,4.73,27.108571428571427,32.79,24.26,88.17428571428572,312,287,64,52,25,0.267,234,123,4
2024,13,Ondo West,0,WHO_literature,2024-03-25,5.37,27.12,32.64,24.25,89.45142857142856,312,287,64,52,25,0.267,234,123,4
2024,14,Ondo West,0,WHO_literature,2024-04-01,17.68,26.944285714285716,31.66,24.25,90.52428571428571,312,287,64,52,25,0.267,234,123,4
2024,15,Ondo West,0,WHO_literature,2024-04-08,26.07,26.444285714285716,30.3,23.34,91.14714285714285,312,287,64,52,25,0.267,234,123,4
2024,16,Ondo West,0,WHO_literature,2024-04-15,6.28,26.928571428571427,31.03,24.43,90.40714285714286,312,287,64,52,25,0.267,234,123,4
2024,17,Ondo West,1,WHO_literature,2024-04-22,39.56,26.827142857142857,30.63,24.16,91.82714285714285,312,287,64,52,25,0.267,234,123,4
2024,18,Ondo West,0,WHO_literature,2024-04-29,57.19,26.464285714285715,30.59,23.49,92.78571428571429,312,287,64,52,25,0.267,234,123,4
2024,19,Ondo West,2,WHO_literature,2024-05-06,10.58,26.631428571428568,30.06,24.01,91.19428571428571,312,287,64,52,25,0.267,234,123,4
2024,20,Ondo West,2,WHO_literature,2024-05-13,35.849999999999994,26.825714285714287,31.41,23.09,89.89285714285714,312,287,64,52,25,0.267,234,123,4
2024,21,Ondo West,0,WHO_literature,2024-05-20,87.46000000000001,26.222857142857144,30.85,22.62,91.72,312,287,64,52,25,0.267,234,123,4
2024,22,Ondo West,1,WHO_literature,2024-05-27,33.63,26.02285714285714,30.28,22.77,92.61857142857143,312,287,64,52,25,0.267,234,123,4
2024,23,Ondo West,2,WHO_literature,2024-06-03,47.629999999999995,25.771428571428572,29.8,23.05,92.64142857142858,312,287,64,52,25,0.267,234,123,4
2024,24,Ondo West,2,WHO_literature,2024-06-10,55.410000000000004,25.715714285714284,29.96,22.74,91.63142857142859,312,287,64,52,25,0.267,234,123,4
2024,25,Ondo West,1,WHO_literature,2024-06-17,36.64,25.462857142857143,30.59,22.15,92.21714285714286,312,287,64,52,25,0.267,234,123,4
2024,26,Ondo West,0,WHO_literature,2024-06-24,67.02,25.15285714285714,29.08,21.74,91.66857142857143,312,287,64,52,25,0.267,234,123,4
2024,27,Ondo West,1,WHO_literature,2024-07-01,77.02000000000001,25.035714285714285,29.34,22.13,91.07857142857142,312,287,64,52,25,0.267,234,123,4
2024,28,Ondo West,3,WHO_literature,2024-07-08,43.49,25.009999999999998,29.35,21.94,90.48857142857143,312,287,64,52,25,0.267,234,123,4
2024,29,Ondo West,2,WHO_literature,2024-07-15,62.0,24.801428571428573,29.32,22.45,91.8157142857143,312,287,64,52,25,0.267,234,123,4
2024,30,Ondo West,2,WHO_literature,2024-07-22,14.389999999999999,24.8,29.41,21.98,89.89571428571428,312,287,64,52,25,0.267,234,123,4
2024,31,Ondo West,3,WHO_literature,2024-07-29,20.64,24.784285714285716,29.74,21.73,89.41428571428571,312,287,64,52,25,0.267,234,123,4
2024,32,Ondo West,2,WHO_literature,2024-08-05,3.7800000000000002,24.717142857142857,29.75,21.57,87.8157142857143,312,287,64,52,25,0.267,234,123,4
2024,33,Ondo West,2,WHO_literature,2024-08-12,6.83,24.650000000000002,29.24,21.8,88.89142857142858,312,287,64,52,25,0.267,234,123,4
2024,34,Ondo West,2,WHO_literature,2024-08-19,90.77000000000001,24.52285714285714,29.24,22.13,92.27857142857144,312,287,64,52,25,0.267,234,123,4
2024,35,Ondo West,5,WHO_literature,2024-08-26,38.26,24.818571428571428,29.76,22.04,90.71142857142857,312,287,64,52,25,0.267,234,123,4
2024,36,Ondo West,4,WHO_literature,2024-09-02,56.72,24.792857142857144,29.96,21.33,89.49428571428572,312,287,64,52,25,0.267,234,123,4
2024,37,Ondo West,4,WHO_literature,2024-09-09,88.39999999999999,24.88714285714286,29.25,22.28,92.34571428571428,312,287,64,52,25,0.267,234,123,4
2024,38,Ondo West,1,WHO_literature,2024-09-16,43.6,25.087142857142858,29.53,22.26,91.30714285714285,312,287,64,52,25,0.267,234,123,4
2024,39,Ondo West,0,WHO_literature,2024-09-23,39.16,25.065714285714286,29.42,21.83,90.15714285714286,312,287,64,52,25,0.267,234,123,4
2024,40,Ondo West,1,WHO_literature,2024-09-30,60.65,25.017142857142858,29.93,22.2,92.17142857142858,312,287,64,52,25,0.267,234,123,4
2024,41,Ondo West,2,WHO_literature,2024-10-07,43.019999999999996,25.47142857142857,30.08,22.33,89.80857142857143,312,287,64,52,25,0.267,234,123,4
2024,42,Ondo West,2,WHO_literature,2024-10-14,45.92999999999999,24.982857142857142,29.84,21.35,90.69000000000001,312,287,64,52,25,0.267,234,123,4
2024,43,Ondo West,0,WHO_literature,2024-10-21,55.22,25.669999999999998,30.8,21.9,90.92,312,287,64,52,25,0.267,234,123,4
2024,44,Ondo West,0,WHO_literature,2024-10-28,41.31,26.47,31.06,23.15,88.24142857142859,312,287,64,52,25,0.267,234,123,4
2024,45,Ondo West,1,WHO_literature,2024-11-04,11.34,25.84142857142857,30.85,21.68,86.80857142857143,312,287,64,52,25,0.267,234,123,4
2024,46,Ondo West,2,WHO_literature,2024-11-11,1.8900000000000001,26.04,31.2,20.38,82.5442857142857,312,287,64,52,25,0.267,234,123,4
2024,47,Ondo West,1,WHO_literature,2024-11-18,2.77,25.208571428571428,30.6,19.81,79.91285714285713,312,287,64,52,25,0.267,234,123,4
2024,48,Ondo West,0,WHO_literature,2024-11-25,1.0,24.195714285714285,30.09,17.0,74.18999999999998,312,287,64,52,25,0.267,234,123,4
2024,49,Ondo West,1,WHO_literature,2024-12-02,0.02,24.532857142857143,30.66,18.62,77.49142857142859,312,287,64,52,25,0.267,234,123,4
2024,50,Ondo West,0,WHO_literature,2024-12-09,0.09,24.302857142857142,30.85,16.91,73.42857142857143,312,287,64,52,25,0.267,234,123,4
2024,51,Ondo West,1,WHO_literature,2024-12-16,0.0,23.672857142857143,30.27,15.71,68.06571428571428,312,287,64,52,25,0.267,234,123,4
2024,52,Ondo West,0,WHO_literature,2024-12-23,0.0,24.14428571428571,30.93,18.43,76.39142857142858,312,287,64,52,25,0.267,234,123,4
2018,1,Ose,0,WHO_literature,2018-01-01,0.0,20.947142857142858,28.54,12.91,54.51714285714286,187,156,57,44,34,0.389,312,167,9
2018,2,Ose,0,WHO_literature,2018-01-08,0.94,23.655714285714286,30.88,15.78,69.81428571428572,187,156,57,44,34,0.389,312,167,9
2018,3,Ose,0,WHO_literature,2018-01-15,0.0,23.397142857142857,31.31,16.21,56.38857142857143,187,156,57,44,34,0.389,312,167,9
2018,4,Ose,0,WHO_literature,2018-01-22,0.0,23.274285714285714,31.32,16.1,52.82142857142857,187,156,57,44,34,0.389,312,167,9
2018,5,Ose,0,WHO_literature,2018-01-29,1.48,24.334285714285716,34.28,16.29,57.041428571428575,187,156,57,44,34,0.389,312,167,9
2018,6,Ose,0,WHO_literature,2018-02-05,33.480000000000004,26.534285714285716,34.15,20.75,81.12428571428572,187,156,57,44,34,0.389,312,167,9
2018,7,Ose,0,WHO_literature,2018-02-12,23.71,26.142857142857142,33.21,20.82,78.99857142857142,187,156,57,44,34,0.389,312,167,9
2018,8,Ose,0,WHO_literature,2018-02-19,27.75,25.071428571428573,31.89,21.24,84.89428571428572,187,156,57,44,34,0.389,312,167,9
2018,9,Ose,0,WHO_literature,2018-02-26,2.88,25.755714285714284,33.49,21.4,81.88571428571429,187,156,57,44,34,0.389,312,167,9
2018,10,Ose,0,WHO_literature,2018-03-05,7.09,25.97142857142857,32.79,21.71,82.28,187,156,57,44,34,0.389,312,167,9
2018,11,Ose,0,WHO_literature,2018-03-12,27.09,26.004285714285714,32.18,22.04,84.39714285714285,187,156,57,44,34,0.389,312,167,9
2018,12,Ose,0,WHO_literature,2018-03-19,12.61,25.592857142857145,33.15,21.28,83.39714285714285,187,156,57,44,34,0.389,312,167,9
2018,13,Ose,0,WHO_literature,2018-03-26,2.59,26.345714285714287,32.93,22.7,83.02571428571427,187,156,57,44,34,0.389,312,167,9
2018,14,Ose,1,WHO_literature,2018-04-02,7.71,25.904285714285713,31.61,21.8,84.37428571428572,187,156,57,44,34,0.389,312,167,9
2018,15,Ose,0,WHO_literature,2018-04-09,13.33,25.715714285714284,31.75,21.68,84.11857142857143,187,156,57,44,34,0.389,312,167,9
2018,16,Ose,2,WHO_literature,2018-04-16,25.92,25.68857142857143,31.31,22.45,86.00857142857141,187,156,57,44,34,0.389,312,167,9
2018,17,Ose,0,WHO_literature,2018-04-23,16.21,25.532857142857143,30.84,21.74,86.23571428571428,187,156,57,44,34,0.389,312,167,9
2018,18,Ose,1,WHO_literature,2018-04-30,21.54,25.919999999999998,30.88,22.32,85.90714285714286,187,156,57,44,34,0.389,312,167,9
2018,19,Ose,1,WHO_literature,2018-05-07,44.160000000000004,24.81714285714286,29.94,21.27,87.39,187,156,57,44,34,0.389,312,167,9
2018,20,Ose,1,WHO_literature,2018-05-14,40.18,25.26571428571429,30.02,21.38,87.69571428571429,187,156,57,44,34,0.389,312,167,9
2018,21,Ose,2,WHO_literature,2018-05-21,20.3,25.00142857142857,29.27,21.48,89.23142857142857,187,156,57,44,34,0.389,312,167,9
2018,22,Ose,0,WHO_literature,2018-05-28,40.22,25.16857142857143,30.65,22.05,88.0257142857143,187,156,57,44,34,0.389,312,167,9
2018,23,Ose,1,WHO_literature,2018-06-04,113.03,24.8,29.12,21.37,90.03571428571429,187,156,57,44,34,0.389,312,167,9
2018,24,Ose,2,WHO_literature,2018-06-11,27.75,24.64428571428571,29.31,20.74,88.97,187,156,57,44,34,0.389,312,167,9
2018,25,Ose,2,WHO_literature,2018-06-18,110.72,23.307142857142857,28.25,20.66,91.76857142857143,187,156,57,44,34,0.389,312,167,9
2018,26,Ose,1,WHO_literature,2018-06-25,101.85000000000001,23.84142857142857,28.28,20.29,88.77714285714286,187,156,57,44,34,0.389,312,167,9
2018,27,Ose,0,WHO_literature,2018-07-02,47.07,23.814285714285713,28.58,20.42,89.36285714285714,187,156,57,44,34,0.389,312,167,9
2018,28,Ose,1,WHO_literature,2018-07-09,28.11,24.27,29.45,20.91,88.56857142857143,187,156,57,44,34,0.389,312,167,9
2018,29,Ose,3,WHO_literature,2018-07-16,129.5,23.715714285714284,28.32,20.2,90.7242857142857,187,156,57,44,34,0.389,312,167,9
2018,30,Ose,2,WHO_literature,2018-07-23,87.44,24.17142857142857,29.38,20.81,89.5942857142857,187,156,57,44,34,0.389,312,167,9
2018,31,Ose,2,WHO_literature,2018-07-30,60.4,23.487142857142857,28.29,19.67,88.91142857142857,187,156,57,44,34,0.389,312,167,9
2018,32,Ose,3,WHO_literature,2018-08-06,25.92,23.928571428571427,28.38,20.38,89.23571428571428,187,156,57,44,34,0.389,312,167,9
2018,33,Ose,2,WHO_literature,2018-08-13,45.18,23.574285714285715,28.62,20.47,90.55999999999999,187,156,57,44,34,0.389,312,167,9
2018,34,Ose,2,WHO_literature,2018-08-20,125.3,23.131428571428575,28.5,20.21,92.65857142857143,187,156,57,44,34,0.389,312,167,9
2018,35,Ose,2,WHO_literature,2018-08-27,125.58,24.131428571428575,29.11,21.16,89.53714285714285,187,156,57,44,34,0.389,312,167,9
2018,36,Ose,4,WHO_literature,2018-09-03,183.88,23.542857142857144,27.78,21.05,92.60142857142857,187,156,57,44,34,0.389,312,167,9
2018,37,Ose,3,WHO_literature,2018-09-10,43.91,23.82,28.45,20.84,90.76285714285714,187,156,57,44,34,0.389,312,167,9
2018,38,Ose,3,WHO_literature,2018-09-17,72.61,24.527142857142856,29.04,21.3,90.23857142857142,187,156,57,44,34,0.389,312,167,9
2018,39,Ose,1,WHO_literature,2018-09-24,53.29,24.37142857142857,28.97,21.14,89.9042857142857,187,156,57,44,34,0.389,312,167,9
2018,40,Ose,0,WHO_literature,2018-10-01,22.61,24.364285714285717,29.42,21.27,90.67285714285715,187,156,57,44,34,0.389,312,167,9
2018,41,Ose,0,WHO_literature,2018-10-08,41.230000000000004,24.49142857142857,29.07,20.68,88.99142857142859,187,156,57,44,34,0.389,312,167,9
2018,42,Ose,2,WHO_literature,2018-10-15,38.84,24.99142857142857,30.55,20.49,86.95,187,156,57,44,34,0.389,312,167,9
2018,43,Ose,2,WHO_literature,2018-10-22,20.65,24.842857142857145,29.92,20.51,89.54285714285713,187,156,57,44,34,0.389,312,167,9
2018,44,Ose,0,WHO_literature,2018-10-29,50.95,25.12,30.16,21.3,88.49000000000001,187,156,57,44,34,0.389,312,167,9
2018,45,Ose,0,WHO_literature,2018-11-05,10.41,25.21857142857143,30.07,21.21,84.89714285714285,187,156,57,44,34,0.389,312,167,9
2018,46,Ose,0,WHO_literature,2018-11-12,10.16,25.47714285714286,30.63,19.87,78.99142857142859,187,156,57,44,34,0.389,312,167,9
2018,47,Ose,2,WHO_literature,2018-11-19,3.78,25.174285714285713,30.93,17.91,78.11,187,156,57,44,34,0.389,312,167,9
2018,48,Ose,1,WHO_literature,2018-11-26,0.07,24.95285714285714,30.73,18.75,78.45142857142856,187,156,57,44,34,0.389,312,167,9
2018,49,Ose,0,WHO_literature,2018-12-03,0.0,24.352857142857143,30.14,17.11,68.85571428571428,187,156,57,44,34,0.389,312,167,9
2018,50,Ose,1,WHO_literature,2018-12-10,0.25,24.34,31.2,17.46,66.71571428571428,187,156,57,44,34,0.389,312,167,9
2018,51,Ose,0,WHO_literature,2018-12-17,0.0,23.34857142857143,30.85,15.56,62.357142857142854,187,156,57,44,34,0.389,312,167,9
2018,52,Ose,0,WHO_literature,2018-12-24,0.0,22.728571428571428,29.25,15.33,61.22428571428571,187,156,57,44,34,0.389,312,167,9
2019,1,Ose,0,WHO_literature,2019-01-07,0.0,23.25857142857143,30.31,16.67,61.230000000000004,187,156,57,44,34,0.389,312,167,9
2019,2,Ose,0,WHO_literature,2019-01-14,0.0,23.322857142857142,31.28,16.85,65.3442857142857,187,156,57,44,34,0.389,312,167,9
2019,3,Ose,0,WHO_literature,2019-01-21,1.45,24.777142857142856,31.3,18.54,78.75285714285714,187,156,57,44,34,0.389,312,167,9
2019,4,Ose,0,WHO_literature,2019-01-28,10.92,25.428571428571427,32.01,19.19,77.12857142857142,187,156,57,44,34,0.389,312,167,9
2019,5,Ose,0,WHO_literature,2019-02-04,19.75,25.240000000000002,31.97,20.33,82.08285714285715,187,156,57,44,34,0.389,312,167,9
2019,6,Ose,0,WHO_literature,2019-02-11,1.72,25.074285714285715,31.45,18.27,70.60714285714286,187,156,57,44,34,0.389,312,167,9
2019,7,Ose,0,WHO_literature,2019-02-18,0.21000000000000002,24.58142857142857,32.56,17.68,59.08142857142857,187,156,57,44,34,0.389,312,167,9
2019,8,Ose,0,WHO_literature,2019-02-25,5.96,25.31714285714286,32.14,20.53,80.94142857142857,187,156,57,44,34,0.389,312,167,9
2019,9,Ose,0,WHO_literature,2019-03-04,8.81,24.91142857142857,31.96,20.19,80.11,187,156,57,44,34,0.389,312,167,9
2019,10,Ose,0,WHO_literature,2019-03-11,21.78,25.56142857142857,31.01,21.53,84.82285714285715,187,156,57,44,34,0.389,312,167,9
2019,11,Ose,0,WHO_literature,2019-03-18,3.5300000000000002,26.43,32.85,22.46,82.2942857142857,187,156,57,44,34,0.389,312,167,9
2019,12,Ose,0,WHO_literature,2019-03-25,9.37,26.292857142857144,33.31,22.22,83.51428571428572,187,156,57,44,34,0.389,312,167,9
2019,13,Ose,0,WHO_literature,2019-04-01,2.36,26.21,32.02,22.34,84.4057142857143,187,156,57,44,34,0.389,312,167,9
2019,14,Ose,0,WHO_literature,2019-04-08,7.449999999999999,27.165714285714284,34.36,22.91,81.38428571428572,187,156,57,44,34,0.389,312,167,9
2019,15,Ose,0,WHO_literature,2019-04-15,18.16,25.771428571428572,32.6,21.43,83.41142857142857,187,156,57,44,34,0.389,312,167,9
2019,16,Ose,0,WHO_literature,2019-04-22,4.8,26.398571428571426,33.1,21.41,83.13142857142857,187,156,57,44,34,0.389,312,167,9
2019,17,Ose,1,WHO_literature,2019-04-29,14.580000000000002,26.615714285714287,32.85,23.2,84.48428571428572,187,156,57,44,34,0.389,312,167,9
2019,18,Ose,0,WHO_literature,2019-05-06,12.48,26.235714285714288,30.68,23.14,86.2,187,156,57,44,34,0.389,312,167,9
2019,19,Ose,0,WHO_literature,2019-05-13,55.03,25.89428571428571,30.77,22.41,86.78714285714285,187,156,57,44,34,0.389,312,167,9
2019,20,Ose,0,WHO_literature,2019-05-20,37.25,25.215714285714284,30.69,21.84,87.01857142857143,187,156,57,44,34,0.389,312,167,9
2019,21,Ose,0,WHO_literature,2019-05-27,25.96,25.611428571428572,30.71,22.37,87.39571428571428,187,156,57,44,34,0.389,312,167,9
2019,22,Ose,1,WHO_literature,2019-06-03,55.589999999999996,25.07857142857143,29.33,21.98,88.57142857142857,187,156,57,44,34,0.389,312,167,9
2019,23,Ose,2,WHO_literature,2019-06-10,63.730000000000004,24.754285714285714,29.84,21.51,89.74285714285715,187,156,57,44,34,0.389,312,167,9
2019,24,Ose,1,WHO_literature,2019-06-17,18.57,24.99142857142857,29.68,21.79,87.87714285714286,187,156,57,44,34,0.389,312,167,9
2019,25,Ose,1,WHO_literature,2019-06-24,32.4,25.322857142857142,30.36,22.12,88.27285714285713,187,156,57,44,34,0.389,312,167,9
2019,26,Ose,0,WHO_literature,2019-07-01,161.19,24.41857142857143,29.06,20.48,88.11,187,156,57,44,34,0.389,312,167,9
2019,27,Ose,1,WHO_literature,2019-07-08,17.68,24.905714285714286,29.84,21.36,88.96000000000001,187,156,57,44,34,0.389,312,167,9
2019,28,Ose,1,WHO_literature,2019-07-15,62.25,23.78142857142857,29.55,19.97,89.08571428571429,187,156,57,44,34,0.389,312,167,9
2019,29,Ose,1,WHO_literature,2019-07-22,46.57,24.11285714285714,28.95,20.7,88.64428571428572,187,156,57,44,34,0.389,312,167,9
2019,30,Ose,2,WHO_literature,2019-07-29,86.44,24.087142857142858,28.16,21.44,90.13571428571427,187,156,57,44,34,0.389,312,167,9
2019,31,Ose,2,WHO_literature,2019-08-05,44.68,23.801428571428573,29.34,20.76,89.81428571428572,187,156,57,44,34,0.389,312,167,9
2019,32,Ose,1,WHO_literature,2019-08-12,53.8,23.771428571428572,28.59,21.19,90.37142857142858,187,156,57,44,34,0.389,312,167,9
2019,33,Ose,2,WHO_literature,2019-08-19,35.43,24.18285714285714,28.2,21.2,89.03999999999999,187,156,57,44,34,0.389,312,167,9
2019,34,Ose,2,WHO_literature,2019-08-26,107.44,23.36285714285714,28.54,20.28,90.58,187,156,57,44,34,0.389,312,167,9
2019,35,Ose,3,WHO_literature,2019-09-02,92.57,23.821428571428573,27.88,20.66,89.42571428571429,187,156,57,44,34,0.389,312,167,9
2019,36,Ose,3,WHO_literature,2019-09-09,57.36,24.06142857142857,29.48,21.12,90.72571428571429,187,156,57,44,34,0.389,312,167,9
2019,37,Ose,2,WHO_literature,2019-09-16,127.30000000000001,24.03,28.08,20.75,90.58285714285715,187,156,57,44,34,0.389,312,167,9
2019,38,Ose,0,WHO_literature,2019-09-23,110.67,24.351428571428574,28.72,21.09,90.33428571428571,187,156,57,44,34,0.389,312,167,9
2019,39,Ose,0,WHO_literature,2019-09-30,92.94,24.207142857142856,28.93,20.69,90.71714285714286,187,156,57,44,34,0.389,312,167,9
2019,40,Ose,0,WHO_literature,2019-10-07,114.86,23.599999999999998,28.44,20.46,90.65714285714286,187,156,57,44,34,0.389,312,167,9
2019,41,Ose,1,WHO_literature,2019-10-14,217.92000000000002,23.768571428571427,27.78,20.81,92.75142857142858,187,156,57,44,34,0.389,312,167,9
2019,42,Ose,0,WHO_literature,2019-10-21,104.07,24.217142857142857,29.16,20.6,90.35142857142857,187,156,57,44,34,0.389,312,167,9
2019,43,Ose,0,WHO_literature,2019-10-28,81.0,24.254285714285714,29.62,19.98,89.12571428571428,187,156,57,44,34,0.389,312,167,9
2019,44,Ose,0,WHO_literature,2019-11-04,42.2,24.22142857142857,28.29,20.52,89.26142857142858,187,156,57,44,34,0.389,312,167,9
2019,45,Ose,0,WHO_literature,2019-11-11,6.390000000000001,25.801428571428573,30.43,21.54,80.51428571428572,187,156,57,44,34,0.389,312,167,9
2019,46,Ose,1,WHO_literature,2019-11-18,30.06,25.34714285714286,30.38,21.51,85.58571428571429,187,156,57,44,34,0.389,312,167,9
2019,47,Ose,0,WHO_literature,2019-11-25,6.39,25.767142857142858,30.91,21.28,83.29714285714286,187,156,57,44,34,0.389,312,167,9
2019,48,Ose,0,WHO_literature,2019-12-02,1.87,25.3,30.96,19.67,76.94285714285715,187,156,57,44,34,0.389,312,167,9
2019,49,Ose,1,WHO_literature,2019-12-09,71.79,24.827142857142857,30.36,18.89,78.38142857142857,187,156,57,44,34,0.389,312,167,9
2019,50,Ose,0,WHO_literature,2019-12-16,2.75,24.494285714285716,30.33,18.25,69.05285714285715,187,156,57,44,34,0.389,312,167,9
2019,51,Ose,0,WHO_literature,2019-12-23,0.01,24.368571428571432,31.09,17.44,61.55571428571428,187,156,57,44,34,0.389,312,167,9
2019,52,Ose,0,WHO_literature,2019-12-30,0.0,23.247142857142858,30.45,15.37,56.88714285714286,187,156,57,44,34,0.389,312,167,9
2020,1,Ose,0,WHO_literature,2020-01-06,0.0,21.391428571428573,29.52,14.59,64.28142857142858,187,156,57,44,34,0.389,312,167,9
2020,2,Ose,0,WHO_literature,2020-01-13,0.06,24.118571428571432,30.82,17.57,68.11,187,156,57,44,34,0.389,312,167,9
2020,3,Ose,0,WHO_literature,2020-01-20,0.02,24.434285714285714,31.9,16.6,61.1,187,156,57,44,34,0.389,312,167,9
2020,4,Ose,0,WHO_literature,2020-01-27,0.0,22.462857142857143,30.85,12.22,53.221428571428575,187,156,57,44,34,0.389,312,167,9
2020,5,Ose,0,WHO_literature,2020-02-03,0.0,23.03142857142857,31.09,15.1,49.19285714285714,187,156,57,44,34,0.389,312,167,9
2020,6,Ose,0,WHO_literature,2020-02-10,0.0,24.212857142857143,31.82,15.73,60.54571428571428,187,156,57,44,34,0.389,312,167,9
2020,7,Ose,0,WHO_literature,2020-02-17,0.0,24.157142857142855,32.71,16.02,57.01285714285715,187,156,57,44,34,0.389,312,167,9
2020,8,Ose,0,WHO_literature,2020-02-24,0.0,25.84714285714286,33.65,19.52,74.64142857142858,187,156,57,44,34,0.389,312,167,9
2020,9,Ose,0,WHO_literature,2020-03-02,0.38,25.75714285714286,32.73,20.43,72.74142857142857,187,156,57,44,34,0.389,312,167,9
2020,10,Ose,0,WHO_literature,2020-03-09,8.26,26.31714285714286,34.49,20.18,80.45285714285716,187,156,57,44,34,0.389,312,167,9
2020,11,Ose,0,WHO_literature,2020-03-16,20.6,26.292857142857144,32.75,20.39,81.08,187,156,57,44,34,0.389,312,167,9
2020,12,Ose,0,WHO_literature,2020-03-23,8.299999999999999,26.537142857142857,32.29,22.76,83.99714285714286,187,156,57,44,34,0.389,312,167,9
2020,13,Ose,0,WHO_literature,2020-03-30,22.0,25.648571428571426,31.69,21.62,84.95857142857143,187,156,57,44,34,0.389,312,167,9
2020,14,Ose,0,WHO_literature,2020-04-06,19.18,25.835714285714285,31.08,22.87,86.94714285714285,187,156,57,44,34,0.389,312,167,9
2020,15,Ose,0,WHO_literature,2020-04-13,44.73,25.15142857142857,31.6,20.28,83.17285714285715,187,156,57,44,34,0.389,312,167,9
2020,16,Ose,1,WHO_literature,2020-04-20,2.11,27.068571428571428,33.45,21.91,81.92714285714285,187,156,57,44,34,0.389,312,167,9
2020,17,Ose,0,WHO_literature,2020-04-27,35.57,25.437142857142856,29.65,22.04,87.18999999999998,187,156,57,44,34,0.389,312,167,9
2020,18,Ose,0,WHO_literature,2020-05-04,42.57,25.541428571428572,31.04,21.8,88.71571428571428,187,156,57,44,34,0.389,312,167,9
2020,19,Ose,0,WHO_literature,2020-05-11,19.53,26.255714285714284,31.57,22.54,85.78142857142858,187,156,57,44,34,0.389,312,167,9
2020,20,Ose,0,WHO_literature,2020-05-18,19.48,25.611428571428572,30.72,21.76,86.26285714285714,187,156,57,44,34,0.389,312,167,9
2020,21,Ose,0,WHO_literature,2020-05-25,35.05,25.275714285714287,31.15,21.23,87.81428571428572,187,156,57,44,34,0.389,312,167,9
2020,22,Ose,0,WHO_literature,2020-06-01,54.93,24.958571428571428,29.09,21.67,89.49714285714286,187,156,57,44,34,0.389,312,167,9
2020,23,Ose,0,WHO_literature,2020-06-08,74.68,24.787142857142857,28.97,22.03,90.20428571428572,187,156,57,44,34,0.389,312,167,9
2020,24,Ose,0,WHO_literature,2020-06-15,64.32000000000001,24.46,29.32,21.26,89.60285714285715,187,156,57,44,34,0.389,312,167,9
2020,25,Ose,0,WHO_literature,2020-06-22,50.21,24.59,30.11,20.29,88.87857142857142,187,156,57,44,34,0.389,312,167,9
2020,26,Ose,1,WHO_literature,2020-06-29,68.91,24.451428571428572,28.87,21.53,89.31857142857143,187,156,57,44,34,0.389,312,167,9
2020,27,Ose,1,WHO_literature,2020-07-06,75.9,23.99142857142857,28.51,21.03,89.97857142857143,187,156,57,44,34,0.389,312,167,9
2020,28,Ose,0,WHO_literature,2020-07-13,74.05,23.805714285714284,28.28,20.9,90.71571428571428,187,156,57,44,34,0.389,312,167,9
2020,29,Ose,0,WHO_literature,2020-07-20,69.06,23.134285714285713,27.84,20.52,90.57285714285715,187,156,57,44,34,0.389,312,167,9
2020,30,Ose,0,WHO_literature,2020-07-27,61.839999999999996,23.54,28.15,20.89,90.19428571428571,187,156,57,44,34,0.389,312,167,9
2020,31,Ose,1,WHO_literature,2020-08-03,27.95,23.495714285714286,28.45,20.11,89.26142857142858,187,156,57,44,34,0.389,312,167,9
2020,32,Ose,0,WHO_literature,2020-08-10,6.25,22.55857142857143,28.28,18.13,88.01428571428572,187,156,57,44,34,0.389,312,167,9
2020,33,Ose,0,WHO_literature,2020-08-17,4.78,23.259999999999998,29.69,18.28,86.67428571428572,187,156,57,44,34,0.389,312,167,9
2020,34,Ose,2,WHO_literature,2020-08-24,35.73,23.87857142857143,29.64,20.65,89.48571428571428,187,156,57,44,34,0.389,312,167,9
2020,35,Ose,0,WHO_literature,2020-08-31,19.62,23.407142857142855,28.5,19.94,88.47142857142858,187,156,57,44,34,0.389,312,167,9
2020,36,Ose,0,WHO_literature,2020-09-07,165.73000000000002,23.58857142857143,28.82,20.51,90.41142857142857,187,156,57,44,34,0.389,312,167,9
2020,37,Ose,0,WHO_literature,2020-09-14,138.67000000000002,23.96857142857143,29.49,20.33,89.10000000000001,187,156,57,44,34,0.389,312,167,9
2020,38,Ose,0,WHO_literature,2020-09-21,88.53999999999999,24.011428571428574,28.43,20.78,89.77142857142857,187,156,57,44,34,0.389,312,167,9
2020,39,Ose,0,WHO_literature,2020-09-28,65.22,23.68,27.82,20.44,89.72142857142856,187,156,57,44,34,0.389,312,167,9
2020,40,Ose,1,WHO_literature,2020-10-05,58.769999999999996,24.002857142857142,28.56,20.63,90.09285714285714,187,156,57,44,34,0.389,312,167,9
2020,41,Ose,0,WHO_literature,2020-10-12,70.25,23.431428571428572,27.81,19.16,89.37,187,156,57,44,34,0.389,312,167,9
2020,42,Ose,0,WHO_literature,2020-10-19,50.07,24.544285714285714,29.91,20.65,88.85000000000001,187,156,57,44,34,0.389,312,167,9
2020,43,Ose,0,WHO_literature,2020-10-26,22.29,25.118571428571432,30.35,21.26,86.88142857142857,187,156,57,44,34,0.389,312,167,9
2020,44,Ose,0,WHO_literature,2020-11-02,4.87,25.287142857142857,30.88,19.91,82.40857142857143,187,156,57,44,34,0.389,312,167,9
2020,45,Ose,0,WHO_literature,2020-11-09,4.87,24.907142857142855,30.04,19.39,81.44285714285715,187,156,57,44,34,0.389,312,167,9
2020,46,Ose,0,WHO_literature,2020-11-16,6.92,24.38714285714286,29.79,19.46,79.14999999999999,187,156,57,44,34,0.389,312,167,9
2020,47,Ose,0,WHO_literature,2020-11-23,1.06,24.518571428571427,30.05,18.67,74.19714285714285,187,156,57,44,34,0.389,312,167,9
2020,48,Ose,1,WHO_literature,2020-11-30,23.4,25.444285714285716,31.03,19.97,79.44285714285715,187,156,57,44,34,0.389,312,167,9
2020,49,Ose,0,WHO_literature,2020-12-07,0.09,24.792857142857144,31.38,18.17,74.84142857142857,187,156,57,44,34,0.389,312,167,9
2020,50,Ose,0,WHO_literature,2020-12-14,4.49,24.69142857142857,31.0,20.27,85.02428571428571,187,156,57,44,34,0.389,312,167,9
2020,51,Ose,0,WHO_literature,2020-12-21,4.9,24.900000000000002,30.84,19.18,82.94857142857143,187,156,57,44,34,0.389,312,167,9
2020,52,Ose,0,WHO_literature,2020-12-28,0.5,24.345714285714283,31.35,16.81,77.33,187,156,57,44,34,0.389,312,167,9
2021,1,Ose,0,WHO_literature,2021-01-04,7.3100000000000005,25.174285714285713,32.02,19.18,80.01142857142858,187,156,57,44,34,0.389,312,167,9
2021,2,Ose,0,WHO_literature,2021-01-11,0.12000000000000001,24.827142857142857,32.24,16.67,69.20285714285714,187,156,57,44,34,0.389,312,167,9
2021,3,Ose,0,WHO_literature,2021-01-18,0.0,23.935714285714287,31.75,16.01,59.29857142857143,187,156,57,44,34,0.389,312,167,9
2021,4,Ose,0,WHO_literature,2021-01-25,0.98,24.608571428571427,32.52,17.06,73.89428571428572,187,156,57,44,34,0.389,312,167,9
2021,5,Ose,0,WHO_literature,2021-02-01,0.72,25.34142857142857,32.47,19.35,75.33142857142857,187,156,57,44,34,0.389,312,167,9
2021,6,Ose,0,WHO_literature,2021-02-08,6.78,26.74857142857143,33.93,21.88,77.25142857142858,187,156,57,44,34,0.389,312,167,9
2021,7,Ose,0,WHO_literature,2021-02-15,1.2,25.111428571428572,32.83,15.79,57.284285714285716,187,156,57,44,34,0.389,312,167,9
2021,8,Ose,0,WHO_literature,2021-02-22,0.88,25.822857142857142,34.01,18.9,74.5,187,156,57,44,34,0.389,312,167,9
2021,9,Ose,0,WHO_literature,2021-03-01,0.41000000000000003,27.172857142857143,35.37,21.49,73.96000000000001,187,156,57,44,34,0.389,312,167,9
2021,10,Ose,0,WHO_literature,2021-03-08,19.810000000000002,25.891428571428573,32.43,22.74,84.31857142857143,187,156,57,44,34,0.389,312,167,9
2021,11,Ose,0,WHO_literature,2021-03-15,17.96,24.824285714285715,29.74,21.9,85.75857142857141,187,156,57,44,34,0.389,312,167,9
2021,12,Ose,0,WHO_literature,2021-03-22,23.24,25.812857142857144,32.21,21.66,82.49428571428572,187,156,57,44,34,0.389,312,167,9
2021,13,Ose,1,WHO_literature,2021-03-29,0.33,26.94,33.81,21.84,75.55857142857143,187,156,57,44,34,0.389,312,167,9
2021,14,Ose,0,WHO_literature,2021-04-05,47.699999999999996,26.25857142857143,31.79,23.02,84.23714285714286,187,156,57,44,34,0.389,312,167,9
2021,15,Ose,1,WHO_literature,2021-04-12,86.68,24.94857142857143,29.99,21.93,87.27857142857144,187,156,57,44,34,0.389,312,167,9
2021,16,Ose,1,WHO_literature,2021-04-19,25.51,25.215714285714284,30.49,21.6,87.89142857142858,187,156,57,44,34,0.389,312,167,9
2021,17,Ose,1,WHO_literature,2021-04-26,9.31,25.955714285714286,31.34,22.48,86.18142857142857,187,156,57,44,34,0.389,312,167,9
2021,18,Ose,2,WHO_literature,2021-05-03,37.76,24.942857142857143,30.73,21.26,85.98428571428572,187,156,57,44,34,0.389,312,167,9
2021,19,Ose,1,WHO_literature,2021-05-10,22.689999999999998,25.571428571428573,30.83,20.55,86.51428571428572,187,156,57,44,34,0.389,312,167,9
2021,20,Ose,1,WHO_literature,2021-05-17,39.53,25.33142857142857,30.32,21.1,88.12571428571428,187,156,57,44,34,0.389,312,167,9
2021,21,Ose,3,WHO_literature,2021-05-24,38.82,25.602857142857143,30.5,22.38,89.27857142857144,187,156,57,44,34,0.389,312,167,9
2021,22,Ose,3,WHO_literature,2021-05-31,107.2,25.024285714285718,30.16,21.79,88.7,187,156,57,44,34,0.389,312,167,9
2021,23,Ose,4,WHO_literature,2021-06-07,39.21,25.117142857142856,30.68,21.26,87.24571428571429,187,156,57,44,34,0.389,312,167,9
2021,24,Ose,2,WHO_literature,2021-06-14,59.31,24.54714285714286,29.32,20.91,90.03714285714285,187,156,57,44,34,0.389,312,167,9
2021,25,Ose,2,WHO_literature,2021-06-21,47.9,24.464285714285715,30.57,20.98,87.97714285714287,187,156,57,44,34,0.389,312,167,9
2021,26,Ose,8,WHO_literature,2021-06-28,52.83,23.990000000000002,29.0,20.27,88.40428571428572,187,156,57,44,34,0.389,312,167,9
2021,27,Ose,7,WHO_literature,2021-07-05,31.63,23.792857142857144,28.36,20.92,89.75428571428571,187,156,57,44,34,0.389,312,167,9
2021,28,Ose,5,WHO_literature,2021-07-12,88.17,24.101428571428574,28.37,21.0,89.14999999999999,187,156,57,44,34,0.389,312,167,9
2021,29,Ose,6,WHO_literature,2021-07-19,41.01,23.895714285714284,28.9,20.7,88.98714285714287,187,156,57,44,34,0.389,312,167,9
2021,30,Ose,5,WHO_literature,2021-07-26,33.5,23.654285714285717,28.52,20.22,88.69428571428571,187,156,57,44,34,0.389,312,167,9
2021,31,Ose,3,WHO_literature,2021-08-02,115.19,23.382857142857144,28.26,20.43,91.6557142857143,187,156,57,44,34,0.389,312,167,9
2021,32,Ose,5,WHO_literature,2021-08-09,123.91,23.624285714285715,28.29,19.96,90.83,187,156,57,44,34,0.389,312,167,9
2021,33,Ose,8,WHO_literature,2021-08-16,106.76,23.00142857142857,27.07,20.48,91.92142857142858,187,156,57,44,34,0.389,312,167,9
2021,34,Ose,7,WHO_literature,2021-08-23,63.269999999999996,24.202857142857145,28.5,20.76,90.22142857142856,187,156,57,44,34,0.389,312,167,9
2021,35,Ose,8,WHO_literature,2021-08-30,108.0,24.024285714285714,29.32,20.6,90.12428571428572,187,156,57,44,34,0.389,312,167,9
2021,36,Ose,1,WHO_literature,2021-09-06,64.03999999999999,23.95285714285714,29.04,20.5,90.32285714285715,187,156,57,44,34,0.389,312,167,9
2021,37,Ose,1,WHO_literature,2021-09-13,39.72,24.102857142857143,28.35,20.83,90.42428571428572,187,156,57,44,34,0.389,312,167,9
2021,38,Ose,2,WHO_literature,2021-09-20,101.46000000000001,23.97142857142857,28.16,20.12,90.59285714285714,187,156,57,44,34,0.389,312,167,9
2021,39,Ose,5,WHO_literature,2021-09-27,63.01,24.310000000000002,28.92,21.07,90.23428571428572,187,156,57,44,34,0.389,312,167,9
2021,40,Ose,2,WHO_literature,2021-10-04,75.97,24.884285714285713,29.58,21.17,90.48,187,156,57,44,34,0.389,312,167,9
2021,41,Ose,2,WHO_literature,2021-10-11,39.8,24.98428571428571,29.13,21.31,89.63285714285713,187,156,57,44,34,0.389,312,167,9
2021,42,Ose,1,WHO_literature,2021-10-18,37.28,24.43857142857143,29.17,21.22,89.13428571428572,187,156,57,44,34,0.389,312,167,9
2021,43,Ose,5,WHO_literature,2021-10-25,67.38,25.155714285714286,30.15,21.39,87.55,187,156,57,44,34,0.389,312,167,9
2021,44,Ose,6,WHO_literature,2021-11-01,49.15,24.88714285714286,29.75,21.1,88.17571428571429,187,156,57,44,34,0.389,312,167,9
2021,45,Ose,1,WHO_literature,2021-11-08,181.51,25.542857142857144,29.98,21.68,85.80571428571429,187,156,57,44,34,0.389,312,167,9
2021,46,Ose,0,WHO_literature,2021-11-15,244.17,25.145714285714288,29.87,20.1,85.29857142857144,187,156,57,44,34,0.389,312,167,9
2021,47,Ose,1,NCDC_real,2021-11-22,14.450000000000001,25.035714285714285,29.87,19.45,81.55857142857143,187,156,57,44,34,0.389,312,167,9
2021,48,Ose,0,WHO_literature,2021-11-29,29.439999999999998,25.195714285714285,30.44,19.8,79.35571428571428,187,156,57,44,34,0.389,312,167,9
2021,49,Ose,1,WHO_literature,2021-12-06,13.18,24.47142857142857,29.84,18.09,74.74857142857142,187,156,57,44,34,0.389,312,167,9
2021,50,Ose,0,NCDC_real,2021-12-13,254.01,23.08857142857143,30.1,16.1,75.93571428571428,187,156,57,44,34,0.389,312,167,9
2021,51,Ose,1,WHO_literature,2021-12-20,1.24,22.771428571428572,30.61,16.17,73.97714285714287,187,156,57,44,34,0.389,312,167,9
2021,52,Ose,0,WHO_literature,2021-12-27,46.620000000000005,23.57857142857143,29.88,17.94,76.85571428571428,187,156,57,44,34,0.389,312,167,9
2022,1,Ose,0,WHO_literature,2022-01-03,21.97,23.392857142857142,30.44,16.85,71.08428571428571,187,156,57,44,34,0.389,312,167,9
2022,2,Ose,0,WHO_literature,2022-01-10,71.84,24.685714285714287,30.13,19.94,80.97285714285714,187,156,57,44,34,0.389,312,167,9
2022,3,Ose,0,WHO_literature,2022-01-17,6.98,21.722857142857144,29.08,15.0,69.34714285714286,187,156,57,44,34,0.389,312,167,9
2022,4,Ose,0,WHO_literature,2022-01-24,0.18,21.235714285714288,28.94,13.74,66.51571428571428,187,156,57,44,34,0.389,312,167,9
2022,5,Ose,0,WHO_literature,2022-01-31,0.0,21.662857142857142,29.2,12.86,59.58142857142857,187,156,57,44,34,0.389,312,167,9
2022,6,Ose,0,WHO_literature,2022-02-07,28.29,23.964285714285715,30.92,16.33,62.75142857142857,187,156,57,44,34,0.389,312,167,9
2022,7,Ose,0,WHO_literature,2022-02-14,8.29,25.46857142857143,32.62,19.52,78.35142857142857,187,156,57,44,34,0.389,312,167,9
2022,8,Ose,0,WHO_literature,2022-02-21,31.919999999999998,25.439999999999998,31.82,18.99,75.67571428571429,187,156,57,44,34,0.389,312,167,9
2022,9,Ose,0,WHO_literature,2022-02-28,52.99,25.07857142857143,31.29,20.78,87.35714285714286,187,156,57,44,34,0.389,312,167,9
2022,10,Ose,0,WHO_literature,2022-03-07,15.77,25.794285714285714,30.6,22.35,87.25857142857144,187,156,57,44,34,0.389,312,167,9
2022,11,Ose,0,WHO_literature,2022-03-14,16.049999999999997,25.864285714285717,31.89,22.28,86.08571428571429,187,156,57,44,34,0.389,312,167,9
2022,12,Ose,0,WHO_literature,2022-03-21,50.65,25.922857142857143,31.8,21.34,85.51857142857143,187,156,57,44,34,0.389,312,167,9
2022,13,Ose,0,WHO_literature,2022-03-28,46.26,25.627142857142854,30.8,18.76,85.02285714285713,187,156,57,44,34,0.389,312,167,9
2022,14,Ose,1,WHO_literature,2022-04-04,38.79,25.315714285714282,30.17,20.62,89.03714285714285,187,156,57,44,34,0.389,312,167,9
2022,15,Ose,1,WHO_literature,2022-04-11,29.18,24.8,29.82,21.84,89.23285714285714,187,156,57,44,34,0.389,312,167,9
2022,16,Ose,1,WHO_literature,2022-04-18,33.29,25.069999999999997,30.29,21.94,88.2057142857143,187,156,57,44,34,0.389,312,167,9
2022,17,Ose,1,WHO_literature,2022-04-25,51.83,24.701428571428572,29.48,21.39,89.41999999999999,187,156,57,44,34,0.389,312,167,9
2022,18,Ose,0,WHO_literature,2022-05-02,15.83,25.235714285714288,29.77,21.98,88.37,187,156,57,44,34,0.389,312,167,9
2022,19,Ose,1,WHO_literature,2022-05-09,36.92,25.59857142857143,30.32,21.58,88.80428571428571,187,156,57,44,34,0.389,312,167,9
2022,20,Ose,2,WHO_literature,2022-05-16,49.81,25.14428571428571,30.49,21.66,89.21285714285715,187,156,57,44,34,0.389,312,167,9
2022,21,Ose,2,WHO_literature,2022-05-23,25.22,24.52285714285714,29.05,21.12,89.26714285714286,187,156,57,44,34,0.389,312,167,9
2022,22,Ose,1,WHO_literature,2022-05-30,49.13,24.84142857142857,30.05,21.5,88.9557142857143,187,156,57,44,34,0.389,312,167,9
2022,23,Ose,2,WHO_literature,2022-06-06,128.0,24.044285714285714,28.2,20.28,91.00285714285714,187,156,57,44,34,0.389,312,167,9
2022,24,Ose,1,WHO_literature,2022-06-13,41.160000000000004,23.93285714285714,28.43,20.98,91.95428571428572,187,156,57,44,34,0.389,312,167,9
2022,25,Ose,5,WHO_literature,2022-06-20,63.589999999999996,23.888571428571428,28.46,21.04,91.45714285714287,187,156,57,44,34,0.389,312,167,9
2022,26,Ose,6,WHO_literature,2022-06-27,43.300000000000004,23.571428571428573,28.18,19.96,90.64285714285714,187,156,57,44,34,0.389,312,167,9
2022,27,Ose,5,WHO_literature,2022-07-04,48.57,24.071428571428573,28.99,20.22,91.13857142857144,187,156,57,44,34,0.389,312,167,9
2022,28,Ose,5,WHO_literature,2022-07-11,15.24,24.184285714285714,28.62,21.12,89.25142857142858,187,156,57,44,34,0.389,312,167,9
2022,29,Ose,4,WHO_literature,2022-07-18,26.78,23.57857142857143,27.96,20.37,89.36,187,156,57,44,34,0.389,312,167,9
2022,30,Ose,2,WHO_literature,2022-07-25,56.230000000000004,23.497142857142855,28.05,20.51,91.09,187,156,57,44,34,0.389,312,167,9
2022,31,Ose,2,WHO_literature,2022-08-01,10.89,23.66142857142857,28.62,19.46,88.23285714285714,187,156,57,44,34,0.389,312,167,9
2022,32,Ose,6,WHO_literature,2022-08-08,68.74,23.557142857142857,27.93,20.76,91.11571428571428,187,156,57,44,34,0.389,312,167,9
2022,33,Ose,5,WHO_literature,2022-08-15,43.9,23.49142857142857,28.83,19.33,89.20428571428572,187,156,57,44,34,0.389,312,167,9
2022,34,Ose,8,WHO_literature,2022-08-22,80.73,23.228571428571428,27.55,20.26,91.01,187,156,57,44,34,0.389,312,167,9
2022,35,Ose,1,WHO_literature,2022-08-29,60.71,23.54,28.06,20.13,90.44857142857143,187,156,57,44,34,0.389,312,167,9
2022,36,Ose,1,WHO_literature,2022-09-05,45.83,23.98857142857143,28.23,20.82,89.90285714285714,187,156,57,44,34,0.389,312,167,9
2022,37,Ose,1,WHO_literature,2022-09-12,65.3,23.774285714285714,28.55,20.53,91.60857142857142,187,156,57,44,34,0.389,312,167,9
2022,38,Ose,4,WHO_literature,2022-09-19,59.83,23.818571428571428,28.3,20.27,90.82714285714285,187,156,57,44,34,0.389,312,167,9
2022,39,Ose,2,WHO_literature,2022-09-26,116.46,23.051428571428573,28.08,20.38,91.63,187,156,57,44,34,0.389,312,167,9
2022,40,Ose,1,WHO_literature,2022-10-03,167.92000000000002,24.114285714285717,28.93,20.26,89.80999999999999,187,156,57,44,34,0.389,312,167,9
2022,41,Ose,1,WHO_literature,2022-10-10,76.85,24.534285714285716,29.44,20.59,87.60285714285715,187,156,57,44,34,0.389,312,167,9
2022,42,Ose,5,WHO_literature,2022-10-17,20.7,24.872857142857146,29.75,21.01,85.62857142857142,187,156,57,44,34,0.389,312,167,9
2022,43,Ose,5,WHO_literature,2022-10-24,2.44,25.12857142857143,29.94,19.63,78.84142857142857,187,156,57,44,34,0.389,312,167,9
2022,44,Ose,1,WHO_literature,2022-10-31,8.29,24.725714285714286,29.83,18.57,78.17571428571429,187,156,57,44,34,0.389,312,167,9
2022,45,Ose,0,WHO_literature,2022-11-07,8.26,25.172857142857143,30.52,20.89,80.48857142857143,187,156,57,44,34,0.389,312,167,9
2022,46,Ose,2,WHO_literature,2022-11-14,0.56,24.62857142857143,30.04,18.31,75.86714285714287,187,156,57,44,34,0.389,312,167,9
2022,47,Ose,0,WHO_literature,2022-11-21,0.6799999999999999,24.201428571428572,29.99,17.42,72.11571428571429,187,156,57,44,34,0.389,312,167,9
2022,48,Ose,1,WHO_literature,2022-11-28,2.31,24.625714285714285,29.71,19.74,77.55142857142857,187,156,57,44,34,0.389,312,167,9
2022,49,Ose,0,WHO_literature,2022-12-05,0.02,23.82857142857143,30.13,16.4,66.12571428571428,187,156,57,44,34,0.389,312,167,9
2022,50,Ose,1,WHO_literature,2022-12-12,6.49,23.955714285714286,30.29,18.41,81.16285714285713,187,156,57,44,34,0.389,312,167,9
2022,51,Ose,0,WHO_literature,2022-12-19,0.0,21.97,28.62,14.71,62.53857142857142,187,156,57,44,34,0.389,312,167,9
2022,52,Ose,0,WHO_literature,2022-12-26,0.0,21.327142857142857,28.9,14.2,62.59571428571429,187,156,57,44,34,0.389,312,167,9
2023,1,Ose,0,WHO_literature,2023-01-02,0.0,23.155714285714286,30.33,16.07,61.40714285714286,187,156,57,44,34,0.389,312,167,9
2023,2,Ose,0,WHO_literature,2023-01-09,0.03,22.305714285714284,30.46,13.96,54.792857142857144,187,156,57,44,34,0.389,312,167,9
2023,3,Ose,0,WHO_literature,2023-01-16,0.7,24.142857142857142,31.86,16.29,64.66571428571429,187,156,57,44,34,0.389,312,167,9
2023,4,Ose,0,WHO_literature,2023-01-23,2.2,24.985714285714288,33.07,18.9,80.05857142857143,187,156,57,44,34,0.389,312,167,9
2023,5,Ose,0,WHO_literature,2023-01-30,35.17,25.47714285714286,32.58,20.87,79.12571428571428,187,156,57,44,34,0.389,312,167,9
2023,6,Ose,0,WHO_literature,2023-02-06,116.48,25.169999999999998,31.8,18.04,72.58142857142857,187,156,57,44,34,0.389,312,167,9
2023,7,Ose,0,WHO_literature,2023-02-13,0.0,23.11285714285714,30.45,16.34,55.04714285714285,187,156,57,44,34,0.389,312,167,9
2023,8,Ose,0,WHO_literature,2023-02-20,22.33,25.261428571428574,31.61,17.06,73.71571428571428,187,156,57,44,34,0.389,312,167,9
2023,9,Ose,0,WHO_literature,2023-02-27,12.719999999999999,25.554285714285715,30.73,21.9,85.92285714285715,187,156,57,44,34,0.389,312,167,9
2023,10,Ose,0,WHO_literature,2023-03-06,25.39,25.532857142857143,30.45,21.93,86.74571428571429,187,156,57,44,34,0.389,312,167,9
2023,11,Ose,0,WHO_literature,2023-03-13,21.89,24.935714285714287,30.64,21.06,84.48714285714286,187,156,57,44,34,0.389,312,167,9
2023,12,Ose,0,WHO_literature,2023-03-20,23.95,24.988571428571426,30.46,21.04,84.57571428571428,187,156,57,44,34,0.389,312,167,9
2023,13,Ose,1,WHO_literature,2023-03-27,35.91,25.69,30.6,21.92,83.67142857142858,187,156,57,44,34,0.389,312,167,9
2023,14,Ose,1,WHO_literature,2023-04-03,47.64,25.43285714285714,30.56,22.05,87.44142857142857,187,156,57,44,34,0.389,312,167,9
2023,15,Ose,0,WHO_literature,2023-04-10,31.04,25.648571428571426,31.25,21.76,87.96571428571428,187,156,57,44,34,0.389,312,167,9
2023,16,Ose,0,WHO_literature,2023-04-17,21.82,25.752857142857142,31.22,22.35,88.01142857142858,187,156,57,44,34,0.389,312,167,9
2023,17,Ose,0,WHO_literature,2023-04-24,38.1,24.981428571428573,29.49,22.07,88.23857142857142,187,156,57,44,34,0.389,312,167,9
2023,18,Ose,0,WHO_literature,2023-05-01,46.730000000000004,25.217142857142857,30.07,21.5,87.73857142857143,187,156,57,44,34,0.389,312,167,9
2023,19,Ose,1,WHO_literature,2023-05-08,33.8,25.63714285714286,30.74,22.18,88.49428571428572,187,156,57,44,34,0.389,312,167,9
2023,20,Ose,0,WHO_literature,2023-05-15,58.71,25.827142857142857,29.8,22.99,90.08428571428571,187,156,57,44,34,0.389,312,167,9
2023,21,Ose,1,WHO_literature,2023-05-22,30.33,25.611428571428572,31.11,22.2,90.16142857142857,187,156,57,44,34,0.389,312,167,9
2023,22,Ose,0,WHO_literature,2023-05-29,40.650000000000006,25.56714285714286,29.74,22.4,89.03714285714285,187,156,57,44,34,0.389,312,167,9
2023,23,Ose,1,WHO_literature,2023-06-05,157.31,24.464285714285715,28.82,21.46,91.64285714285714,187,156,57,44,34,0.389,312,167,9
2023,24,Ose,3,WHO_literature,2023-06-12,62.05,24.698571428571427,29.5,21.23,88.98714285714286,187,156,57,44,34,0.389,312,167,9
2023,25,Ose,1,WHO_literature,2023-06-19,55.25,24.204285714285714,28.68,21.19,90.90714285714286,187,156,57,44,34,0.389,312,167,9
2023,26,Ose,1,WHO_literature,2023-06-26,44.21,24.464285714285715,29.02,21.41,89.34714285714286,187,156,57,44,34,0.389,312,167,9
2023,27,Ose,2,WHO_literature,2023-07-03,59.98,24.43,29.88,20.98,89.94285714285715,187,156,57,44,34,0.389,312,167,9
2023,28,Ose,2,WHO_literature,2023-07-10,41.160000000000004,25.037142857142857,30.26,21.08,88.32857142857142,187,156,57,44,34,0.389,312,167,9
2023,29,Ose,2,WHO_literature,2023-07-17,81.77,24.845714285714287,28.35,22.21,90.9342857142857,187,156,57,44,34,0.389,312,167,9
2023,30,Ose,2,WHO_literature,2023-07-24,71.97,24.625714285714285,29.89,21.32,90.23714285714286,187,156,57,44,34,0.389,312,167,9
2023,31,Ose,5,WHO_literature,2023-07-31,23.35,24.514285714285712,29.02,21.25,90.39571428571428,187,156,57,44,34,0.389,312,167,9
2023,32,Ose,4,WHO_literature,2023-08-07,35.59,24.28,28.35,21.58,90.54428571428572,187,156,57,44,34,0.389,312,167,9
2023,33,Ose,3,WHO_literature,2023-08-14,40.230000000000004,24.632857142857144,29.16,21.15,89.01142857142858,187,156,57,44,34,0.389,312,167,9
2023,34,Ose,0,WHO_literature,2023-08-21,29.32,24.728571428571428,29.15,21.59,89.8157142857143,187,156,57,44,34,0.389,312,167,9
2023,35,Ose,0,WHO_literature,2023-08-28,144.87,24.17142857142857,28.31,21.0,91.18571428571428,187,156,57,44,34,0.389,312,167,9
2023,36,Ose,1,WHO_literature,2023-09-04,96.62,24.66,30.3,20.91,89.59714285714286,187,156,57,44,34,0.389,312,167,9
2023,37,Ose,2,WHO_literature,2023-09-11,80.91,24.604285714285716,28.72,21.75,91.22571428571429,187,156,57,44,34,0.389,312,167,9
2023,38,Ose,2,WHO_literature,2023-09-18,38.72,24.657142857142855,28.55,21.71,89.66714285714286,187,156,57,44,34,0.389,312,167,9
2023,39,Ose,1,WHO_literature,2023-09-25,54.78,25.594285714285714,30.21,21.7,87.87285714285714,187,156,57,44,34,0.389,312,167,9
2023,40,Ose,0,WHO_literature,2023-10-02,57.01,25.21142857142857,29.88,22.23,89.75428571428571,187,156,57,44,34,0.389,312,167,9
2023,41,Ose,2,WHO_literature,2023-10-09,51.71,25.135714285714283,29.27,22.4,90.64428571428572,187,156,57,44,34,0.389,312,167,9
2023,42,Ose,2,WHO_literature,2023-10-16,29.87,25.0,29.43,21.19,88.84571428571428,187,156,57,44,34,0.389,312,167,9
2023,43,Ose,1,WHO_literature,2023-10-23,2.41,25.537142857142857,30.16,21.9,87.82571428571428,187,156,57,44,34,0.389,312,167,9
2023,44,Ose,0,WHO_literature,2023-10-30,49.33,25.15857142857143,29.72,22.02,88.31428571428572,187,156,57,44,34,0.389,312,167,9
2023,45,Ose,1,WHO_literature,2023-11-06,19.130000000000003,25.425714285714285,30.13,21.57,87.5257142857143,187,156,57,44,34,0.389,312,167,9
2023,46,Ose,0,WHO_literature,2023-11-13,3.65,24.925714285714285,29.91,20.86,85.28857142857143,187,156,57,44,34,0.389,312,167,9
2023,47,Ose,1,WHO_literature,2023-11-20,27.85,25.06714285714286,30.64,21.24,87.57000000000001,187,156,57,44,34,0.389,312,167,9
2023,48,Ose,0,WHO_literature,2023-11-27,1.95,25.562857142857144,31.1,20.28,81.71857142857142,187,156,57,44,34,0.389,312,167,9
2023,49,Ose,0,WHO_literature,2023-12-04,0.11,25.66,31.32,20.71,78.89285714285714,187,156,57,44,34,0.389,312,167,9
2023,50,Ose,0,WHO_literature,2023-12-11,0.0,23.712857142857143,30.71,15.89,63.42714285714286,187,156,57,44,34,0.389,312,167,9
2023,51,Ose,0,WHO_literature,2023-12-18,0.0,24.542857142857144,31.19,17.38,65.10428571428572,187,156,57,44,34,0.389,312,167,9
2023,52,Ose,0,WHO_literature,2023-12-25,0.0,24.584285714285716,31.04,16.51,58.362857142857145,187,156,57,44,34,0.389,312,167,9
2024,1,Ose,0,WHO_literature,2024-01-01,0.22,25.502857142857142,31.68,18.73,70.39428571428572,187,156,57,44,34,0.389,312,167,9
2024,2,Ose,0,WHO_literature,2024-01-08,0.61,24.768571428571427,31.83,18.62,63.07285714285714,187,156,57,44,34,0.389,312,167,9
2024,3,Ose,0,WHO_literature,2024-01-15,0.0,23.62142857142857,31.67,14.71,44.44857142857143,187,156,57,44,34,0.389,312,167,9
2024,4,Ose,0,WHO_literature,2024-01-22,5.1,23.367142857142856,31.63,15.58,61.91142857142857,187,156,57,44,34,0.389,312,167,9
2024,5,Ose,0,WHO_literature,2024-01-29,0.0,24.917142857142856,31.39,17.0,52.065714285714286,187,156,57,44,34,0.389,312,167,9
2024,6,Ose,0,WHO_literature,2024-02-05,0.0,24.708571428571428,32.97,16.95,56.300000000000004,187,156,57,44,34,0.389,312,167,9
2024,7,Ose,0,WHO_literature,2024-02-12,0.41,26.307142857142857,33.71,20.01,75.73285714285714,187,156,57,44,34,0.389,312,167,9
2024,8,Ose,0,WHO_literature,2024-02-19,9.39,27.205714285714286,33.63,22.48,73.15285714285714,187,156,57,44,34,0.389,312,167,9
2024,9,Ose,0,WHO_literature,2024-02-26,0.32,27.08285714285714,34.6,21.21,78.72,187,156,57,44,34,0.389,312,167,9
2024,10,Ose,0,WHO_literature,2024-03-04,1.9700000000000002,27.077142857142857,33.97,22.63,81.05142857142857,187,156,57,44,34,0.389,312,167,9
2024,11,Ose,0,WHO_literature,2024-03-11,25.78,27.384285714285713,35.02,23.15,81.75999999999999,187,156,57,44,34,0.389,312,167,9
2024,12,Ose,1,WHO_literature,2024-03-18,2.94,26.987142857142857,33.62,22.76,80.05142857142857,187,156,57,44,34,0.389,312,167,9
2024,13,Ose,0,WHO_literature,2024-03-25,4.3,27.28142857142857,34.6,23.61,82.57285714285715,187,156,57,44,34,0.389,312,167,9
2024,14,Ose,0,WHO_literature,2024-04-01,18.48,26.895714285714284,33.54,23.8,84.94285714285715,187,156,57,44,34,0.389,312,167,9
2024,15,Ose,0,WHO_literature,2024-04-08,17.76,26.12142857142857,31.57,22.85,86.23571428571428,187,156,57,44,34,0.389,312,167,9
2024,16,Ose,0,WHO_literature,2024-04-15,5.86,26.915714285714284,32.33,23.81,83.53428571428572,187,156,57,44,34,0.389,312,167,9
2024,17,Ose,0,WHO_literature,2024-04-22,31.27,26.842857142857145,32.07,23.28,86.28571428571429,187,156,57,44,34,0.389,312,167,9
2024,18,Ose,0,WHO_literature,2024-04-29,42.1,26.240000000000002,31.06,23.04,88.46571428571428,187,156,57,44,34,0.389,312,167,9
2024,19,Ose,0,WHO_literature,2024-05-06,12.66,26.79,31.95,23.58,85.42999999999999,187,156,57,44,34,0.389,312,167,9
2024,20,Ose,0,WHO_literature,2024-05-13,24.94,26.875714285714285,32.51,22.43,84.10571428571428,187,156,57,44,34,0.389,312,167,9
2024,21,Ose,0,WHO_literature,2024-05-20,61.27,25.967142857142857,30.78,21.56,87.82714285714285,187,156,57,44,34,0.389,312,167,9
2024,22,Ose,1,WHO_literature,2024-05-27,31.99,25.957142857142856,30.35,22.5,88.36571428571428,187,156,57,44,34,0.389,312,167,9
2024,23,Ose,2,WHO_literature,2024-06-03,45.77,25.434285714285714,29.85,22.5,90.13,187,156,57,44,34,0.389,312,167,9
2024,24,Ose,1,WHO_literature,2024-06-10,49.47,25.472857142857144,30.1,21.72,88.10714285714286,187,156,57,44,34,0.389,312,167,9
2024,25,Ose,1,WHO_literature,2024-06-17,28.88,25.111428571428572,31.09,21.36,88.63,187,156,57,44,34,0.389,312,167,9
2024,26,Ose,2,WHO_literature,2024-06-24,49.54,24.59857142857143,28.99,20.49,89.52,187,156,57,44,34,0.389,312,167,9
2024,27,Ose,1,WHO_literature,2024-07-01,46.8,24.685714285714287,28.98,21.2,88.93142857142857,187,156,57,44,34,0.389,312,167,9
2024,28,Ose,2,WHO_literature,2024-07-08,34.51,24.610000000000003,29.42,21.32,88.61142857142856,187,156,57,44,34,0.389,312,167,9
2024,29,Ose,2,WHO_literature,2024-07-15,62.370000000000005,24.53142857142857,29.05,21.67,89.77857142857144,187,156,57,44,34,0.389,312,167,9
2024,30,Ose,2,WHO_literature,2024-07-22,13.59,24.43857142857143,29.39,21.43,88.17428571428572,187,156,57,44,34,0.389,312,167,9
2024,31,Ose,3,WHO_literature,2024-07-29,15.13,24.53,29.43,21.23,87.34285714285714,187,156,57,44,34,0.389,312,167,9
2024,32,Ose,2,WHO_literature,2024-08-05,5.57,24.572857142857142,29.56,21.17,85.92571428571429,187,156,57,44,34,0.389,312,167,9
2024,33,Ose,0,WHO_literature,2024-08-12,7.73,24.28,29.35,21.1,86.72428571428573,187,156,57,44,34,0.389,312,167,9
2024,34,Ose,0,WHO_literature,2024-08-19,81.45,24.041428571428572,28.74,21.33,90.53999999999999,187,156,57,44,34,0.389,312,167,9
2024,35,Ose,1,WHO_literature,2024-08-26,28.349999999999998,24.45285714285714,29.19,21.42,88.91857142857144,187,156,57,44,34,0.389,312,167,9
2024,36,Ose,2,WHO_literature,2024-09-02,57.17,24.415714285714284,30.08,20.41,86.86714285714287,187,156,57,44,34,0.389,312,167,9
2024,37,Ose,1,WHO_literature,2024-09-09,71.92,24.662857142857145,29.55,21.49,89.71285714285715,187,156,57,44,34,0.389,312,167,9
2024,38,Ose,0,WHO_literature,2024-09-16,38.769999999999996,24.731428571428573,29.75,20.75,87.64285714285714,187,156,57,44,34,0.389,312,167,9
2024,39,Ose,0,WHO_literature,2024-09-23,74.13,24.755714285714284,29.33,20.93,86.59571428571428,187,156,57,44,34,0.389,312,167,9
2024,40,Ose,4,WHO_literature,2024-09-30,69.19,24.611428571428572,30.12,21.31,89.89714285714285,187,156,57,44,34,0.389,312,167,9
2024,41,Ose,2,WHO_literature,2024-10-07,47.22,24.90285714285714,30.14,20.88,86.95857142857143,187,156,57,44,34,0.389,312,167,9
2024,42,Ose,1,WHO_literature,2024-10-14,24.91,24.641428571428573,29.4,20.31,85.66285714285713,187,156,57,44,34,0.389,312,167,9
2024,43,Ose,0,WHO_literature,2024-10-21,52.36,25.34,30.44,21.36,86.11285714285714,187,156,57,44,34,0.389,312,167,9
2024,44,Ose,2,WHO_literature,2024-10-28,27.59,26.03857142857143,31.07,21.76,79.97,187,156,57,44,34,0.389,312,167,9
2024,45,Ose,0,WHO_literature,2024-11-04,3.16,25.114285714285717,30.88,19.44,76.66142857142857,187,156,57,44,34,0.389,312,167,9
2024,46,Ose,1,WHO_literature,2024-11-11,0.31,25.49142857142857,31.48,19.09,66.06857142857143,187,156,57,44,34,0.389,312,167,9
2024,47,Ose,0,WHO_literature,2024-11-18,0.44000000000000006,24.83142857142857,31.08,18.12,66.90857142857143,187,156,57,44,34,0.389,312,167,9
2024,48,Ose,1,WHO_literature,2024-11-25,0.12,23.73428571428571,30.77,15.84,64.59,187,156,57,44,34,0.389,312,167,9
2024,49,Ose,0,WHO_literature,2024-12-02,0.0,24.13,31.25,16.73,64.59285714285714,187,156,57,44,34,0.389,312,167,9
2024,50,Ose,0,WHO_literature,2024-12-09,0.04,24.602857142857143,32.36,16.28,57.73714285714285,187,156,57,44,34,0.389,312,167,9
2024,51,Ose,0,WHO_literature,2024-12-16,0.0,23.547142857142855,31.59,15.15,58.38857142857143,187,156,57,44,34,0.389,312,167,9
2024,52,Ose,0,WHO_literature,2024-12-23,0.0,24.76571428571429,32.59,17.28,55.94857142857143,187,156,57,44,34,0.389,312,167,9
2018,1,Owo,0,WHO_literature,2018-01-01,0.0,21.264285714285712,28.36,13.51,59.38428571428572,423,298,68,55,22,0.234,423,187,7
2018,2,Owo,0,WHO_literature,2018-01-08,0.65,24.448571428571427,30.91,16.57,76.95,423,298,68,55,22,0.234,423,187,7
2018,3,Owo,0,WHO_literature,2018-01-15,0.0,24.22,31.11,17.13,64.28428571428572,423,298,68,55,22,0.234,423,187,7
2018,4,Owo,0,WHO_literature,2018-01-22,0.0,23.437142857142856,31.09,15.72,60.23714285714285,423,298,68,55,22,0.234,423,187,7
2018,5,Owo,0,WHO_literature,2018-01-29,1.23,24.63714285714286,33.14,15.91,66.42142857142856,423,298,68,55,22,0.234,423,187,7
2018,6,Owo,0,WHO_literature,2018-02-05,27.91,26.62857142857143,32.94,21.86,86.7942857142857,423,298,68,55,22,0.234,423,187,7
2018,7,Owo,0,WHO_literature,2018-02-12,10.969999999999999,26.464285714285715,32.88,21.85,84.45142857142856,423,298,68,55,22,0.234,423,187,7
2018,8,Owo,0,WHO_literature,2018-02-19,30.73,25.417142857142856,31.55,21.73,88.09142857142857,423,298,68,55,22,0.234,423,187,7
2018,9,Owo,0,WHO_literature,2018-02-26,5.09,25.965714285714284,32.41,22.44,86.93142857142857,423,298,68,55,22,0.234,423,187,7
2018,10,Owo,0,WHO_literature,2018-03-05,12.01,26.074285714285715,31.75,22.25,87.10000000000001,423,298,68,55,22,0.234,423,187,7
2018,11,Owo,0,WHO_literature,2018-03-12,30.63,26.114285714285717,31.52,22.56,88.99571428571429,423,298,68,55,22,0.234,423,187,7
2018,12,Owo,0,WHO_literature,2018-03-19,24.59,25.708571428571425,31.35,21.85,88.11428571428571,423,298,68,55,22,0.234,423,187,7
2018,13,Owo,0,WHO_literature,2018-03-26,6.61,26.23428571428571,30.88,23.24,89.16714285714285,423,298,68,55,22,0.234,423,187,7
2018,14,Owo,0,WHO_literature,2018-04-02,8.690000000000001,25.88,30.54,22.41,90.01714285714286,423,298,68,55,22,0.234,423,187,7
2018,15,Owo,1,WHO_literature,2018-04-09,11.68,25.81714285714286,30.4,22.21,88.53857142857143,423,298,68,55,22,0.234,423,187,7
2018,16,Owo,0,WHO_literature,2018-04-16,24.51,26.05,30.57,22.99,89.33285714285714,423,298,68,55,22,0.234,423,187,7
2018,17,Owo,1,WHO_literature,2018-04-23,21.5,25.814285714285713,30.37,22.44,89.91285714285713,423,298,68,55,22,0.234,423,187,7
2018,18,Owo,0,WHO_literature,2018-04-30,15.43,26.178571428571427,30.08,22.57,89.14571428571428,423,298,68,55,22,0.234,423,187,7
2018,19,Owo,1,WHO_literature,2018-05-07,45.059999999999995,25.084285714285716,29.45,21.99,91.05857142857143,423,298,68,55,22,0.234,423,187,7
2018,20,Owo,2,WHO_literature,2018-05-14,24.759999999999998,25.648571428571426,30.15,22.04,90.03857142857143,423,298,68,55,22,0.234,423,187,7
2018,21,Owo,0,WHO_literature,2018-05-21,34.05,25.392857142857142,29.21,22.06,91.37,423,298,68,55,22,0.234,423,187,7
2018,22,Owo,1,WHO_literature,2018-05-28,58.8,25.358571428571427,29.73,22.5,91.14142857142858,423,298,68,55,22,0.234,423,187,7
2018,23,Owo,2,WHO_literature,2018-06-04,60.78,25.139999999999997,29.34,21.84,91.75,423,298,68,55,22,0.234,423,187,7
2018,24,Owo,2,WHO_literature,2018-06-11,46.64,25.207142857142856,29.16,21.58,90.47857142857143,423,298,68,55,22,0.234,423,187,7
2018,25,Owo,1,WHO_literature,2018-06-18,159.78,23.914285714285715,28.92,21.21,92.93857142857142,423,298,68,55,22,0.234,423,187,7
2018,26,Owo,1,WHO_literature,2018-06-25,128.32999999999998,24.259999999999998,28.64,20.84,90.55142857142857,423,298,68,55,22,0.234,423,187,7
2018,27,Owo,1,WHO_literature,2018-07-02,52.34,24.39428571428571,28.91,21.22,90.90714285714286,423,298,68,55,22,0.234,423,187,7
2018,28,Owo,3,WHO_literature,2018-07-09,38.56,24.63714285714286,29.29,21.55,90.44285714285715,423,298,68,55,22,0.234,423,187,7
2018,29,Owo,2,WHO_literature,2018-07-16,89.47999999999999,24.27285714285714,28.49,21.12,91.8442857142857,423,298,68,55,22,0.234,423,187,7
2018,30,Owo,2,WHO_literature,2018-07-23,126.76,24.745714285714286,29.69,21.79,91.00857142857141,423,298,68,55,22,0.234,423,187,7
2018,31,Owo,3,WHO_literature,2018-07-30,61.23,23.924285714285713,28.66,20.21,90.07714285714285,423,298,68,55,22,0.234,423,187,7
2018,32,Owo,2,WHO_literature,2018-08-06,28.18,24.425714285714285,28.85,20.8,90.21285714285715,423,298,68,55,22,0.234,423,187,7
2018,33,Owo,2,WHO_literature,2018-08-13,46.120000000000005,24.054285714285715,28.82,20.82,92.08,423,298,68,55,22,0.234,423,187,7
2018,34,Owo,2,WHO_literature,2018-08-20,104.61,23.729999999999997,29.14,20.72,93.19714285714285,423,298,68,55,22,0.234,423,187,7
2018,35,Owo,5,WHO_literature,2018-08-27,161.32,24.68285714285714,29.43,21.24,90.87714285714286,423,298,68,55,22,0.234,423,187,7
2018,36,Owo,3,WHO_literature,2018-09-03,174.62,24.107142857142858,28.08,21.63,93.61571428571428,423,298,68,55,22,0.234,423,187,7
2018,37,Owo,2,WHO_literature,2018-09-10,42.75,24.374285714285715,28.89,21.49,91.74571428571429,423,298,68,55,22,0.234,423,187,7
2018,38,Owo,0,WHO_literature,2018-09-17,83.55,25.301428571428573,30.12,21.87,90.66857142857144,423,298,68,55,22,0.234,423,187,7
2018,39,Owo,0,WHO_literature,2018-09-24,51.129999999999995,24.898571428571426,29.28,21.68,90.90142857142857,423,298,68,55,22,0.234,423,187,7
2018,40,Owo,1,WHO_literature,2018-10-01,34.010000000000005,24.917142857142856,29.67,21.87,91.48857142857143,423,298,68,55,22,0.234,423,187,7
2018,41,Owo,1,WHO_literature,2018-10-08,39.0,25.00857142857143,29.48,21.19,90.35857142857142,423,298,68,55,22,0.234,423,187,7
2018,42,Owo,2,WHO_literature,2018-10-15,49.25,25.464285714285715,31.11,20.98,88.72285714285714,423,298,68,55,22,0.234,423,187,7
2018,43,Owo,1,WHO_literature,2018-10-22,19.009999999999998,25.424285714285713,30.31,21.95,91.01285714285714,423,298,68,55,22,0.234,423,187,7
2018,44,Owo,0,WHO_literature,2018-10-29,70.65,25.5,29.8,22.22,91.51857142857143,423,298,68,55,22,0.234,423,187,7
2018,45,Owo,1,WHO_literature,2018-11-05,22.93,25.8,30.77,22.15,87.91285714285713,423,298,68,55,22,0.234,423,187,7
2018,46,Owo,1,WHO_literature,2018-11-12,22.79,26.29,31.17,21.98,83.85857142857142,423,298,68,55,22,0.234,423,187,7
2018,47,Owo,0,WHO_literature,2018-11-19,13.15,25.96,31.41,19.91,82.94714285714285,423,298,68,55,22,0.234,423,187,7
2018,48,Owo,0,WHO_literature,2018-11-26,0.21000000000000002,25.88714285714286,31.23,20.22,83.34714285714286,423,298,68,55,22,0.234,423,187,7
2018,49,Owo,1,WHO_literature,2018-12-03,0.02,25.189999999999998,30.47,18.22,73.67285714285715,423,298,68,55,22,0.234,423,187,7
2018,50,Owo,0,WHO_literature,2018-12-10,0.5700000000000001,25.16,31.46,18.55,72.62,423,298,68,55,22,0.234,423,187,7
2018,51,Owo,0,WHO_literature,2018-12-17,0.0,24.06714285714286,31.44,16.44,65.87428571428572,423,298,68,55,22,0.234,423,187,7
2018,52,Owo,0,WHO_literature,2018-12-24,0.0,23.537142857142857,29.72,16.6,63.30285714285714,423,298,68,55,22,0.234,423,187,7
2019,1,Owo,0,WHO_literature,2019-01-07,0.0,23.59,30.13,17.48,65.74571428571429,423,298,68,55,22,0.234,423,187,7
2019,2,Owo,0,WHO_literature,2019-01-14,0.0,23.83142857142857,31.09,17.3,70.55142857142857,423,298,68,55,22,0.234,423,187,7
2019,3,Owo,0,WHO_literature,2019-01-21,3.2199999999999998,25.511428571428574,31.24,20.03,83.02428571428571,423,298,68,55,22,0.234,423,187,7
2019,4,Owo,0,WHO_literature,2019-01-28,10.74,26.201428571428572,32.3,21.67,83.65428571428572,423,298,68,55,22,0.234,423,187,7
2019,5,Owo,0,WHO_literature,2019-02-04,19.87,25.802857142857142,31.87,20.7,86.72285714285715,423,298,68,55,22,0.234,423,187,7
2019,6,Owo,0,WHO_literature,2019-02-11,3.91,25.57,30.83,19.46,74.14999999999999,423,298,68,55,22,0.234,423,187,7
2019,7,Owo,0,WHO_literature,2019-02-18,0.43000000000000005,24.954285714285714,32.27,18.66,66.83714285714287,423,298,68,55,22,0.234,423,187,7
2019,8,Owo,0,WHO_literature,2019-02-25,10.530000000000001,25.770000000000003,31.94,20.93,86.47285714285714,423,298,68,55,22,0.234,423,187,7
2019,9,Owo,0,WHO_literature,2019-03-04,11.84,25.417142857142856,30.98,21.38,85.63571428571429,423,298,68,55,22,0.234,423,187,7
2019,10,Owo,0,WHO_literature,2019-03-11,34.730000000000004,25.935714285714287,30.49,22.73,88.78999999999999,423,298,68,55,22,0.234,423,187,7
2019,11,Owo,0,WHO_literature,2019-03-18,6.04,26.592857142857145,32.26,23.06,87.54571428571428,423,298,68,55,22,0.234,423,187,7
2019,12,Owo,0,WHO_literature,2019-03-25,14.89,26.391428571428573,32.28,22.74,88.87,423,298,68,55,22,0.234,423,187,7
2019,13,Owo,0,WHO_literature,2019-04-01,1.51,26.357142857142858,31.18,23.06,89.18142857142857,423,298,68,55,22,0.234,423,187,7
2019,14,Owo,0,WHO_literature,2019-04-08,11.43,27.004285714285714,32.05,23.59,87.79714285714286,423,298,68,55,22,0.234,423,187,7
2019,15,Owo,0,WHO_literature,2019-04-15,31.58,25.76571428571429,30.56,22.44,89.95,423,298,68,55,22,0.234,423,187,7
2019,16,Owo,1,WHO_literature,2019-04-22,4.67,26.28142857142857,30.64,21.95,89.5257142857143,423,298,68,55,22,0.234,423,187,7
2019,17,Owo,1,WHO_literature,2019-04-29,11.0,26.66142857142857,31.88,23.88,89.72285714285714,423,298,68,55,22,0.234,423,187,7
2019,18,Owo,0,WHO_literature,2019-05-06,11.55,26.391428571428573,29.97,23.75,90.61285714285714,423,298,68,55,22,0.234,423,187,7
2019,19,Owo,0,WHO_literature,2019-05-13,36.99,26.27,31.0,23.03,89.67142857142858,423,298,68,55,22,0.234,423,187,7
2019,20,Owo,0,WHO_literature,2019-05-20,26.64,25.575714285714287,30.04,22.33,89.84714285714287,423,298,68,55,22,0.234,423,187,7
2019,21,Owo,1,WHO_literature,2019-05-27,42.72,25.822857142857142,30.13,22.87,90.9057142857143,423,298,68,55,22,0.234,423,187,7
2019,22,Owo,1,WHO_literature,2019-06-03,73.32,25.435714285714283,29.4,22.74,91.14571428571428,423,298,68,55,22,0.234,423,187,7
2019,23,Owo,1,WHO_literature,2019-06-10,54.400000000000006,25.169999999999998,29.84,22.15,91.79285714285713,423,298,68,55,22,0.234,423,187,7
2019,24,Owo,1,WHO_literature,2019-06-17,19.57,25.521428571428572,29.8,22.36,89.22,423,298,68,55,22,0.234,423,187,7
2019,25,Owo,0,WHO_literature,2019-06-24,32.16,25.594285714285714,30.35,22.44,90.78571428571429,423,298,68,55,22,0.234,423,187,7
2019,26,Owo,1,WHO_literature,2019-07-01,294.02,24.90142857142857,29.56,21.5,90.02142857142857,423,298,68,55,22,0.234,423,187,7
2019,27,Owo,1,WHO_literature,2019-07-08,22.33,25.315714285714286,29.95,22.32,90.65285714285713,423,298,68,55,22,0.234,423,187,7
2019,28,Owo,0,WHO_literature,2019-07-15,84.13,24.247142857142855,29.76,20.65,90.76428571428572,423,298,68,55,22,0.234,423,187,7
2019,29,Owo,1,WHO_literature,2019-07-22,56.13,24.568571428571428,29.38,21.24,90.39,423,298,68,55,22,0.234,423,187,7
2019,30,Owo,2,WHO_literature,2019-07-29,75.7,24.551428571428573,28.48,21.94,91.83142857142856,423,298,68,55,22,0.234,423,187,7
2019,31,Owo,2,WHO_literature,2019-08-05,52.379999999999995,24.259999999999998,29.67,21.4,91.62142857142858,423,298,68,55,22,0.234,423,187,7
2019,32,Owo,2,WHO_literature,2019-08-12,62.0,24.178571428571427,29.09,21.71,91.89714285714285,423,298,68,55,22,0.234,423,187,7
2019,33,Owo,2,WHO_literature,2019-08-19,45.42,24.638571428571428,28.77,21.71,90.37428571428572,423,298,68,55,22,0.234,423,187,7
2019,34,Owo,3,WHO_literature,2019-08-26,139.41,23.98428571428571,28.93,20.87,92.07571428571428,423,298,68,55,22,0.234,423,187,7
2019,35,Owo,3,WHO_literature,2019-09-02,133.62,24.398571428571426,28.24,21.24,90.89857142857143,423,298,68,55,22,0.234,423,187,7
2019,36,Owo,2,WHO_literature,2019-09-09,59.52,24.502857142857145,29.59,21.84,92.84714285714287,423,298,68,55,22,0.234,423,187,7
2019,37,Owo,0,WHO_literature,2019-09-16,145.98,24.602857142857143,28.44,21.55,92.18857142857144,423,298,68,55,22,0.234,423,187,7
2019,38,Owo,0,WHO_literature,2019-09-23,112.52000000000001,24.754285714285714,29.16,21.9,92.33714285714287,423,298,68,55,22,0.234,423,187,7
2019,39,Owo,1,WHO_literature,2019-09-30,86.81,24.607142857142858,29.03,20.97,92.19428571428571,423,298,68,55,22,0.234,423,187,7
2019,40,Owo,1,WHO_literature,2019-10-07,176.75,24.381428571428568,29.16,21.46,91.03,423,298,68,55,22,0.234,423,187,7
2019,41,Owo,0,WHO_literature,2019-10-14,145.8,24.389999999999997,28.56,21.21,93.19142857142857,423,298,68,55,22,0.234,423,187,7
2019,42,Owo,0,WHO_literature,2019-10-21,71.2,24.702857142857145,29.49,21.15,91.43285714285715,423,298,68,55,22,0.234,423,187,7
2019,43,Owo,0,WHO_literature,2019-10-28,76.65,24.99142857142857,30.12,21.24,89.78714285714285,423,298,68,55,22,0.234,423,187,7
2019,44,Owo,1,WHO_literature,2019-11-04,58.19,24.974285714285713,28.86,21.18,89.97714285714287,423,298,68,55,22,0.234,423,187,7
2019,45,Owo,1,WHO_literature,2019-11-11,16.72,26.294285714285714,31.1,22.23,85.21000000000001,423,298,68,55,22,0.234,423,187,7
2019,46,Owo,0,WHO_literature,2019-11-18,24.18,25.99142857142857,30.92,22.63,88.35000000000001,423,298,68,55,22,0.234,423,187,7
2019,47,Owo,0,WHO_literature,2019-11-25,9.32,26.43142857142857,31.49,22.64,86.26285714285714,423,298,68,55,22,0.234,423,187,7
2019,48,Owo,1,WHO_literature,2019-12-02,1.83,26.294285714285714,31.62,20.84,80.90142857142857,423,298,68,55,22,0.234,423,187,7
2019,49,Owo,0,WHO_literature,2019-12-09,43.410000000000004,25.785714285714285,31.03,20.29,81.48285714285714,423,298,68,55,22,0.234,423,187,7
2019,50,Owo,0,WHO_literature,2019-12-16,5.22,25.41,31.13,18.91,73.19285714285715,423,298,68,55,22,0.234,423,187,7
2019,51,Owo,0,WHO_literature,2019-12-23,0.08,24.93285714285714,31.51,17.64,64.93857142857142,423,298,68,55,22,0.234,423,187,7
2019,52,Owo,1,WHO_literature,2019-12-30,0.0,23.7,30.77,16.25,61.207142857142856,423,298,68,55,22,0.234,423,187,7
2020,1,Owo,0,WHO_literature,2020-01-06,0.0,22.205714285714286,29.7,15.82,65.95285714285714,423,298,68,55,22,0.234,423,187,7
2020,2,Owo,0,WHO_literature,2020-01-13,0.09,24.685714285714287,31.34,18.12,71.68142857142857,423,298,68,55,22,0.234,423,187,7
2020,3,Owo,0,WHO_literature,2020-01-20,0.05,25.074285714285715,32.54,17.85,68.95285714285714,423,298,68,55,22,0.234,423,187,7
2020,4,Owo,0,WHO_literature,2020-01-27,0.0,22.91857142857143,31.45,13.2,57.90428571428571,423,298,68,55,22,0.234,423,187,7
2020,5,Owo,0,WHO_literature,2020-02-03,0.0,23.34857142857143,30.91,15.26,54.43142857142857,423,298,68,55,22,0.234,423,187,7
2020,6,Owo,0,WHO_literature,2020-02-10,0.0,24.864285714285717,31.77,16.27,68.18142857142857,423,298,68,55,22,0.234,423,187,7
2020,7,Owo,0,WHO_literature,2020-02-17,0.0,24.604285714285712,31.92,16.96,62.385714285714286,423,298,68,55,22,0.234,423,187,7
2020,8,Owo,0,WHO_literature,2020-02-24,0.0,26.53857142857143,33.72,21.16,80.60571428571428,423,298,68,55,22,0.234,423,187,7
2020,9,Owo,0,WHO_literature,2020-03-02,0.73,26.407142857142855,31.67,21.87,78.91714285714285,423,298,68,55,22,0.234,423,187,7
2020,10,Owo,0,WHO_literature,2020-03-09,15.89,26.415714285714284,33.02,20.93,85.75285714285714,423,298,68,55,22,0.234,423,187,7
2020,11,Owo,0,WHO_literature,2020-03-16,31.32,26.560000000000002,32.32,21.96,86.62714285714286,423,298,68,55,22,0.234,423,187,7
2020,12,Owo,0,WHO_literature,2020-03-23,16.08,26.67142857142857,31.43,23.59,88.75285714285714,423,298,68,55,22,0.234,423,187,7
2020,13,Owo,0,WHO_literature,2020-03-30,33.730000000000004,25.865714285714287,31.03,22.27,89.35142857142857,423,298,68,55,22,0.234,423,187,7
2020,14,Owo,0,WHO_literature,2020-04-06,21.41,26.212857142857143,31.39,23.37,90.17428571428572,423,298,68,55,22,0.234,423,187,7
2020,15,Owo,0,WHO_literature,2020-04-13,35.56,25.752857142857145,31.68,21.29,86.30285714285715,423,298,68,55,22,0.234,423,187,7
2020,16,Owo,0,WHO_literature,2020-04-20,1.33,27.24285714285714,32.6,23.2,86.44285714285715,423,298,68,55,22,0.234,423,187,7
2020,17,Owo,0,WHO_literature,2020-04-27,37.75,25.68857142857143,29.5,22.5,90.89857142857143,423,298,68,55,22,0.234,423,187,7
2020,18,Owo,0,WHO_literature,2020-05-04,43.71,26.06,30.78,22.14,90.71285714285715,423,298,68,55,22,0.234,423,187,7
2020,19,Owo,0,WHO_literature,2020-05-11,20.95,26.627142857142854,31.52,23.18,88.37428571428572,423,298,68,55,22,0.234,423,187,7
2020,20,Owo,0,WHO_literature,2020-05-18,20.39,25.94142857142857,30.42,22.38,89.41857142857144,423,298,68,55,22,0.234,423,187,7
2020,21,Owo,0,WHO_literature,2020-05-25,26.980000000000004,25.560000000000002,30.83,21.64,90.53857142857143,423,298,68,55,22,0.234,423,187,7
2020,22,Owo,0,WHO_literature,2020-06-01,35.75,25.405714285714286,28.89,22.67,91.32857142857142,423,298,68,55,22,0.234,423,187,7
2020,23,Owo,0,WHO_literature,2020-06-08,56.7,25.22142857142857,29.39,22.3,91.67428571428572,423,298,68,55,22,0.234,423,187,7
2020,24,Owo,0,WHO_literature,2020-06-15,56.34,24.91142857142857,29.6,21.74,91.05428571428571,423,298,68,55,22,0.234,423,187,7
2020,25,Owo,1,WHO_literature,2020-06-22,51.69,25.042857142857144,30.32,21.27,90.80142857142857,423,298,68,55,22,0.234,423,187,7
2020,26,Owo,1,WHO_literature,2020-06-29,93.8,24.872857142857146,29.49,21.81,91.05999999999999,423,298,68,55,22,0.234,423,187,7
2020,27,Owo,0,WHO_literature,2020-07-06,124.12,24.50714285714286,29.0,21.89,91.53428571428572,423,298,68,55,22,0.234,423,187,7
2020,28,Owo,0,WHO_literature,2020-07-13,108.97999999999999,24.162857142857142,28.41,21.53,92.46142857142857,423,298,68,55,22,0.234,423,187,7
2020,29,Owo,0,WHO_literature,2020-07-20,66.4,23.705714285714286,27.81,21.14,91.82428571428571,423,298,68,55,22,0.234,423,187,7
2020,30,Owo,1,WHO_literature,2020-07-27,57.17,24.005714285714284,28.54,21.42,91.53285714285714,423,298,68,55,22,0.234,423,187,7
2020,31,Owo,0,WHO_literature,2020-08-03,32.089999999999996,23.951428571428572,28.86,20.7,90.17285714285715,423,298,68,55,22,0.234,423,187,7
2020,32,Owo,0,WHO_literature,2020-08-10,5.06,23.05,28.69,18.54,88.67,423,298,68,55,22,0.234,423,187,7
2020,33,Owo,2,WHO_literature,2020-08-17,5.04,23.647142857142857,29.89,18.44,87.63571428571429,423,298,68,55,22,0.234,423,187,7
2020,34,Owo,0,WHO_literature,2020-08-24,43.29,24.30857142857143,29.89,21.05,90.21571428571428,423,298,68,55,22,0.234,423,187,7
2020,35,Owo,0,WHO_literature,2020-08-31,26.580000000000002,23.861428571428572,28.93,20.25,89.59714285714287,423,298,68,55,22,0.234,423,187,7
2020,36,Owo,0,WHO_literature,2020-09-07,148.9,24.185714285714287,29.23,21.21,91.14428571428572,423,298,68,55,22,0.234,423,187,7
2020,37,Owo,0,WHO_literature,2020-09-14,179.04000000000002,24.392857142857142,29.8,21.04,90.89,423,298,68,55,22,0.234,423,187,7
2020,38,Owo,0,WHO_literature,2020-09-21,92.74,24.542857142857144,29.15,21.39,91.04714285714286,423,298,68,55,22,0.234,423,187,7
2020,39,Owo,1,WHO_literature,2020-09-28,87.17,24.268571428571427,28.93,21.31,91.10571428571428,423,298,68,55,22,0.234,423,187,7
2020,40,Owo,0,WHO_literature,2020-10-05,50.08,24.61285714285714,28.93,21.08,90.98857142857142,423,298,68,55,22,0.234,423,187,7
2020,41,Owo,0,WHO_literature,2020-10-12,48.089999999999996,24.21857142857143,28.17,19.97,90.49,423,298,68,55,22,0.234,423,187,7
2020,42,Owo,0,WHO_literature,2020-10-19,58.550000000000004,25.037142857142857,30.46,21.31,89.90857142857143,423,298,68,55,22,0.234,423,187,7
2020,43,Owo,0,WHO_literature,2020-10-26,22.62,25.62142857142857,30.68,22.08,88.88142857142857,423,298,68,55,22,0.234,423,187,7
2020,44,Owo,0,WHO_literature,2020-11-02,14.93,26.052857142857142,31.43,21.7,85.30714285714285,423,298,68,55,22,0.234,423,187,7
2020,45,Owo,0,WHO_literature,2020-11-09,12.83,25.705714285714286,30.76,20.68,84.01428571428572,423,298,68,55,22,0.234,423,187,7
2020,46,Owo,0,WHO_literature,2020-11-16,15.03,25.358571428571427,30.4,20.39,80.83285714285715,423,298,68,55,22,0.234,423,187,7
2020,47,Owo,1,WHO_literature,2020-11-23,4.75,25.454285714285714,30.23,20.15,76.92285714285715,423,298,68,55,22,0.234,423,187,7
2020,48,Owo,0,WHO_literature,2020-11-30,70.35000000000001,26.285714285714285,31.64,20.5,82.02714285714286,423,298,68,55,22,0.234,423,187,7
2020,49,Owo,0,WHO_literature,2020-12-07,1.04,25.774285714285714,31.74,19.52,78.54142857142857,423,298,68,55,22,0.234,423,187,7
2020,50,Owo,0,WHO_literature,2020-12-14,9.129999999999999,25.09714285714286,31.08,20.91,88.63,423,298,68,55,22,0.234,423,187,7
2020,51,Owo,0,WHO_literature,2020-12-21,10.51,25.572857142857142,31.22,21.1,86.45,423,298,68,55,22,0.234,423,187,7
2020,52,Owo,0,WHO_literature,2020-12-28,1.1099999999999999,25.19,31.48,18.3,81.01285714285714,423,298,68,55,22,0.234,423,187,7
2021,1,Owo,0,WHO_literature,2021-01-04,20.63,25.934285714285714,31.97,21.85,85.44285714285715,423,298,68,55,22,0.234,423,187,7
2021,2,Owo,0,WHO_literature,2021-01-11,0.41,25.74142857142857,32.35,19.04,77.57571428571428,423,298,68,55,22,0.234,423,187,7
2021,3,Owo,0,WHO_literature,2021-01-18,0.02,24.458571428571428,31.86,17.05,64.34571428571428,423,298,68,55,22,0.234,423,187,7
2021,4,Owo,0,WHO_literature,2021-01-25,2.72,25.139999999999997,31.53,18.15,81.36142857142856,423,298,68,55,22,0.234,423,187,7
2021,5,Owo,0,WHO_literature,2021-02-01,1.18,25.694285714285716,31.78,20.55,81.89571428571428,423,298,68,55,22,0.234,423,187,7
2021,6,Owo,0,WHO_literature,2021-02-08,15.129999999999999,26.82857142857143,33.4,22.61,83.73285714285714,423,298,68,55,22,0.234,423,187,7
2021,7,Owo,0,WHO_literature,2021-02-15,1.9100000000000001,24.835714285714285,31.96,16.51,65.69714285714285,423,298,68,55,22,0.234,423,187,7
2021,8,Owo,0,WHO_literature,2021-02-22,2.54,25.505714285714284,32.12,19.4,84.45285714285714,423,298,68,55,22,0.234,423,187,7
2021,9,Owo,0,WHO_literature,2021-03-01,0.99,26.792857142857144,33.34,22.27,84.0942857142857,423,298,68,55,22,0.234,423,187,7
2021,10,Owo,1,WHO_literature,2021-03-08,37.29,25.872857142857146,30.74,23.22,90.48428571428572,423,298,68,55,22,0.234,423,187,7
2021,11,Owo,0,WHO_literature,2021-03-15,13.959999999999999,25.108571428571427,29.37,22.23,89.79857142857144,423,298,68,55,22,0.234,423,187,7
2021,12,Owo,0,WHO_literature,2021-03-22,25.39,26.080000000000002,32.02,22.45,86.28999999999999,423,298,68,55,22,0.234,423,187,7
2021,13,Owo,0,WHO_literature,2021-03-29,0.75,26.702857142857145,31.94,22.58,84.24285714285715,423,298,68,55,22,0.234,423,187,7
2021,14,Owo,1,WHO_literature,2021-04-05,53.18,26.13714285714286,30.41,23.3,90.70428571428572,423,298,68,55,22,0.234,423,187,7
2021,15,Owo,1,WHO_literature,2021-04-12,102.02,25.485714285714288,30.13,22.18,89.33428571428571,423,298,68,55,22,0.234,423,187,7
2021,16,Owo,2,WHO_literature,2021-04-19,41.94,25.66142857142857,30.4,22.49,90.88571428571429,423,298,68,55,22,0.234,423,187,7
2021,17,Owo,1,WHO_literature,2021-04-26,14.940000000000001,26.225714285714282,31.02,22.95,89.71714285714286,423,298,68,55,22,0.234,423,187,7
2021,18,Owo,0,WHO_literature,2021-05-03,47.349999999999994,25.222857142857144,29.95,22.28,89.3157142857143,423,298,68,55,22,0.234,423,187,7
2021,19,Owo,1,WHO_literature,2021-05-10,22.05,25.80857142857143,30.42,21.0,89.98571428571428,423,298,68,55,22,0.234,423,187,7
2021,20,Owo,3,WHO_literature,2021-05-17,39.06,25.604285714285712,29.62,21.72,91.03142857142858,423,298,68,55,22,0.234,423,187,7
2021,21,Owo,3,WHO_literature,2021-05-24,38.65,25.962857142857143,30.3,22.93,91.82714285714285,423,298,68,55,22,0.234,423,187,7
2021,22,Owo,3,WHO_literature,2021-05-31,69.36,25.544285714285714,30.32,22.36,90.32142857142857,423,298,68,55,22,0.234,423,187,7
2021,23,Owo,2,WHO_literature,2021-06-07,30.05,25.71,30.89,22.21,88.50571428571428,423,298,68,55,22,0.234,423,187,7
2021,24,Owo,2,WHO_literature,2021-06-14,92.98,24.942857142857143,29.43,22.02,92.12571428571428,423,298,68,55,22,0.234,423,187,7
2021,25,Owo,8,WHO_literature,2021-06-21,46.77,24.87,30.58,21.34,89.7757142857143,423,298,68,55,22,0.234,423,187,7
2021,26,Owo,10,WHO_literature,2021-06-28,57.78,24.435714285714287,29.32,21.03,90.4557142857143,423,298,68,55,22,0.234,423,187,7
2021,27,Owo,5,WHO_literature,2021-07-05,46.3,24.261428571428574,28.85,21.54,91.71000000000001,423,298,68,55,22,0.234,423,187,7
2021,28,Owo,6,WHO_literature,2021-07-12,103.83,24.58142857142857,28.5,21.77,90.94428571428571,423,298,68,55,22,0.234,423,187,7
2021,29,Owo,4,WHO_literature,2021-07-19,34.3,24.335714285714285,29.26,20.82,89.94571428571429,423,298,68,55,22,0.234,423,187,7
2021,30,Owo,2,WHO_literature,2021-07-26,36.72,24.037142857142857,28.76,20.5,90.05428571428571,423,298,68,55,22,0.234,423,187,7
2021,31,Owo,5,WHO_literature,2021-08-02,95.42,23.988571428571426,28.23,21.1,92.74428571428572,423,298,68,55,22,0.234,423,187,7
2021,32,Owo,8,WHO_literature,2021-08-09,138.53,24.145714285714288,28.78,20.73,91.92999999999999,423,298,68,55,22,0.234,423,187,7
2021,33,Owo,7,WHO_literature,2021-08-16,115.73,23.722857142857144,27.82,21.32,92.91142857142857,423,298,68,55,22,0.234,423,187,7
2021,34,Owo,8,WHO_literature,2021-08-23,67.58,24.764285714285712,29.27,21.74,91.63857142857144,423,298,68,55,22,0.234,423,187,7
2021,35,Owo,1,WHO_literature,2021-08-30,121.9,24.584285714285716,29.35,21.47,91.63857142857144,423,298,68,55,22,0.234,423,187,7
2021,36,Owo,3,WHO_literature,2021-09-06,53.84,24.56142857142857,28.47,21.69,91.84142857142857,423,298,68,55,22,0.234,423,187,7
2021,37,Owo,2,WHO_literature,2021-09-13,42.6,24.715714285714284,28.71,21.35,91.26714285714286,423,298,68,55,22,0.234,423,187,7
2021,38,Owo,6,WHO_literature,2021-09-20,108.28999999999999,24.497142857142855,28.9,20.54,91.38428571428572,423,298,68,55,22,0.234,423,187,7
2021,39,Owo,3,WHO_literature,2021-09-27,43.1,24.791428571428572,29.17,21.79,91.79714285714286,423,298,68,55,22,0.234,423,187,7
2021,40,Owo,2,WHO_literature,2021-10-04,53.440000000000005,25.43857142857143,30.28,22.25,91.45,423,298,68,55,22,0.234,423,187,7
2021,41,Owo,1,WHO_literature,2021-10-11,33.84,25.37,29.47,21.92,91.43142857142857,423,298,68,55,22,0.234,423,187,7
2021,42,Owo,5,WHO_literature,2021-10-18,38.27,25.108571428571427,29.63,22.19,89.82857142857142,423,298,68,55,22,0.234,423,187,7
2021,43,Owo,6,WHO_literature,2021-10-25,58.89,25.69857142857143,30.55,22.34,89.5657142857143,423,298,68,55,22,0.234,423,187,7
2021,44,Owo,2,WHO_literature,2021-11-01,52.519999999999996,25.584285714285716,30.11,22.19,89.82714285714285,423,298,68,55,22,0.234,423,187,7
2021,45,Owo,0,WHO_literature,2021-11-08,118.16,25.898571428571426,30.16,22.55,89.25999999999999,423,298,68,55,22,0.234,423,187,7
2021,46,Owo,3,WHO_literature,2021-11-15,96.19,26.062857142857144,30.14,22.3,87.58714285714287,423,298,68,55,22,0.234,423,187,7
2021,47,Owo,0,NCDC_real,2021-11-22,26.63,25.97714285714286,30.6,22.07,86.17428571428572,423,298,68,55,22,0.234,423,187,7
2021,48,Owo,1,WHO_literature,2021-11-29,14.829999999999998,26.132857142857144,31.11,20.91,82.52285714285713,423,298,68,55,22,0.234,423,187,7
2021,49,Owo,0,WHO_literature,2021-12-06,11.61,25.509999999999998,30.27,19.13,77.98571428571428,423,298,68,55,22,0.234,423,187,7
2021,50,Owo,1,NCDC_real,2021-12-13,118.44,23.990000000000002,30.86,17.33,77.98428571428572,423,298,68,55,22,0.234,423,187,7
2021,51,Owo,0,WHO_literature,2021-12-20,2.73,23.435714285714287,30.99,17.02,76.74142857142856,423,298,68,55,22,0.234,423,187,7
2021,52,Owo,1,WHO_literature,2021-12-27,15.18,24.482857142857142,30.19,18.59,78.76428571428572,423,298,68,55,22,0.234,423,187,7
2022,1,Owo,0,WHO_literature,2022-01-03,21.03,24.085714285714285,30.87,17.7,74.87285714285714,423,298,68,55,22,0.234,423,187,7
2022,2,Owo,0,WHO_literature,2022-01-10,37.71,25.407142857142855,30.47,21.56,85.14,423,298,68,55,22,0.234,423,187,7
2022,3,Owo,0,WHO_literature,2022-01-17,10.18,22.389999999999997,30.23,16.18,71.92571428571429,423,298,68,55,22,0.234,423,187,7
2022,4,Owo,0,WHO_literature,2022-01-24,0.060000000000000005,21.68285714285714,29.38,14.61,69.12285714285714,423,298,68,55,22,0.234,423,187,7
2022,5,Owo,0,WHO_literature,2022-01-31,0.0,21.995714285714286,29.09,13.46,62.692857142857136,423,298,68,55,22,0.234,423,187,7
2022,6,Owo,0,WHO_literature,2022-02-07,12.92,24.724285714285713,31.76,17.14,67.01428571428572,423,298,68,55,22,0.234,423,187,7
2022,7,Owo,0,WHO_literature,2022-02-14,4.64,26.342857142857145,33.01,21.36,82.61142857142856,423,298,68,55,22,0.234,423,187,7
2022,8,Owo,0,WHO_literature,2022-02-21,14.27,26.34,32.17,20.72,79.50571428571428,423,298,68,55,22,0.234,423,187,7
2022,9,Owo,0,WHO_literature,2022-02-28,38.86,25.69142857142857,31.65,22.16,89.65857142857143,423,298,68,55,22,0.234,423,187,7
2022,10,Owo,0,WHO_literature,2022-03-07,20.23,26.212857142857143,30.79,22.89,89.09,423,298,68,55,22,0.234,423,187,7
2022,11,Owo,0,WHO_literature,2022-03-14,9.98,26.485714285714288,32.27,23.06,88.28,423,298,68,55,22,0.234,423,187,7
2022,12,Owo,0,WHO_literature,2022-03-21,20.11,26.62142857142857,32.49,22.2,87.36857142857143,423,298,68,55,22,0.234,423,187,7
2022,13,Owo,1,WHO_literature,2022-03-28,22.12,26.327142857142857,31.72,20.33,87.11571428571428,423,298,68,55,22,0.234,423,187,7
2022,14,Owo,1,WHO_literature,2022-04-04,37.72,25.91,30.75,21.66,90.24857142857142,423,298,68,55,22,0.234,423,187,7
2022,15,Owo,0,WHO_literature,2022-04-11,15.16,25.631428571428568,30.38,22.47,89.36,423,298,68,55,22,0.234,423,187,7
2022,16,Owo,2,WHO_literature,2022-04-18,30.34,25.677142857142858,30.95,22.67,89.23714285714286,423,298,68,55,22,0.234,423,187,7
2022,17,Owo,0,WHO_literature,2022-04-25,66.53999999999999,25.368571428571432,29.72,22.23,90.35000000000001,423,298,68,55,22,0.234,423,187,7
2022,18,Owo,1,WHO_literature,2022-05-02,17.509999999999998,25.774285714285718,30.24,22.72,89.86428571428571,423,298,68,55,22,0.234,423,187,7
2022,19,Owo,2,WHO_literature,2022-05-09,25.580000000000002,26.060000000000002,30.6,22.55,90.23857142857142,423,298,68,55,22,0.234,423,187,7
2022,20,Owo,2,WHO_literature,2022-05-16,53.7,25.53857142857143,30.71,22.55,91.33571428571429,423,298,68,55,22,0.234,423,187,7
2022,21,Owo,1,WHO_literature,2022-05-23,33.28,24.815714285714286,29.38,21.43,90.82285714285715,423,298,68,55,22,0.234,423,187,7
2022,22,Owo,0,WHO_literature,2022-05-30,65.52,25.357142857142858,29.72,22.29,90.75,423,298,68,55,22,0.234,423,187,7
2022,23,Owo,1,WHO_literature,2022-06-06,165.57,24.50857142857143,28.42,21.3,92.88,423,298,68,55,22,0.234,423,187,7
2022,24,Owo,4,WHO_literature,2022-06-13,33.11,24.497142857142858,28.99,21.53,92.49428571428572,423,298,68,55,22,0.234,423,187,7
2022,25,Owo,6,WHO_literature,2022-06-20,41.29,24.385714285714283,28.49,21.63,92.57285714285715,423,298,68,55,22,0.234,423,187,7
2022,26,Owo,3,WHO_literature,2022-06-27,39.62,24.362857142857145,29.09,20.88,90.67714285714285,423,298,68,55,22,0.234,423,187,7
2022,27,Owo,6,WHO_literature,2022-07-04,74.65,24.62857142857143,29.55,21.27,92.02285714285713,423,298,68,55,22,0.234,423,187,7
2022,28,Owo,3,WHO_literature,2022-07-11,12.95,24.759999999999998,29.15,21.7,89.78999999999999,423,298,68,55,22,0.234,423,187,7
2022,29,Owo,2,WHO_literature,2022-07-18,47.769999999999996,24.108571428571427,28.79,20.86,90.10285714285715,423,298,68,55,22,0.234,423,187,7
2022,30,Owo,4,WHO_literature,2022-07-25,60.13,24.14428571428571,28.58,21.5,91.59285714285714,423,298,68,55,22,0.234,423,187,7
2022,31,Owo,5,WHO_literature,2022-08-01,7.98,24.162857142857145,29.0,19.95,88.60428571428572,423,298,68,55,22,0.234,423,187,7
2022,32,Owo,5,WHO_literature,2022-08-08,73.86,24.02,28.55,21.13,92.02,423,298,68,55,22,0.234,423,187,7
2022,33,Owo,8,WHO_literature,2022-08-15,36.66,24.08142857142857,29.33,19.82,89.95142857142856,423,298,68,55,22,0.234,423,187,7
2022,34,Owo,1,WHO_literature,2022-08-22,84.13,23.857142857142858,27.91,20.9,91.65428571428572,423,298,68,55,22,0.234,423,187,7
2022,35,Owo,1,WHO_literature,2022-08-29,47.98,24.354285714285712,28.7,21.15,90.72714285714287,423,298,68,55,22,0.234,423,187,7
2022,36,Owo,1,WHO_literature,2022-09-05,43.43,24.582857142857144,28.87,21.51,90.42,423,298,68,55,22,0.234,423,187,7
2022,37,Owo,4,WHO_literature,2022-09-12,66.03999999999999,24.445714285714285,29.48,21.39,91.94714285714285,423,298,68,55,22,0.234,423,187,7
2022,38,Owo,3,WHO_literature,2022-09-19,73.13,24.462857142857143,28.92,21.21,91.42999999999999,423,298,68,55,22,0.234,423,187,7
2022,39,Owo,3,WHO_literature,2022-09-26,85.01,23.731428571428573,28.52,21.08,92.1842857142857,423,298,68,55,22,0.234,423,187,7
2022,40,Owo,1,WHO_literature,2022-10-03,98.65,24.75714285714286,29.16,20.9,89.97714285714287,423,298,68,55,22,0.234,423,187,7
2022,41,Owo,5,WHO_literature,2022-10-10,56.78,25.15142857142857,30.04,21.65,88.78428571428572,423,298,68,55,22,0.234,423,187,7
2022,42,Owo,3,WHO_literature,2022-10-17,21.55,25.650000000000002,30.67,22.02,87.52714285714286,423,298,68,55,22,0.234,423,187,7
2022,43,Owo,2,WHO_literature,2022-10-24,3.99,25.912857142857145,30.91,21.06,81.38571428571429,423,298,68,55,22,0.234,423,187,7
2022,44,Owo,4,WHO_literature,2022-10-31,22.78,25.64428571428571,30.49,19.9,81.26571428571428,423,298,68,55,22,0.234,423,187,7
2022,45,Owo,2,WHO_literature,2022-11-07,7.52,26.02857142857143,31.12,21.77,82.93285714285715,423,298,68,55,22,0.234,423,187,7
2022,46,Owo,0,WHO_literature,2022-11-14,1.48,25.599999999999998,30.67,19.57,78.7,423,298,68,55,22,0.234,423,187,7
2022,47,Owo,1,WHO_literature,2022-11-21,1.68,25.181428571428572,30.36,18.17,75.60714285714286,423,298,68,55,22,0.234,423,187,7
2022,48,Owo,0,WHO_literature,2022-11-28,4.57,25.505714285714284,30.18,21.04,80.91714285714285,423,298,68,55,22,0.234,423,187,7
2022,49,Owo,1,WHO_literature,2022-12-05,0.04,24.53142857142857,30.46,17.3,71.71000000000001,423,298,68,55,22,0.234,423,187,7
2022,50,Owo,0,WHO_literature,2022-12-12,18.630000000000003,24.928571428571427,30.91,19.48,85.12857142857142,423,298,68,55,22,0.234,423,187,7
2022,51,Owo,0,WHO_literature,2022-12-19,0.0,22.50142857142857,29.07,15.44,66.08714285714287,423,298,68,55,22,0.234,423,187,7
2022,52,Owo,0,WHO_literature,2022-12-26,0.0,21.84714285714286,29.13,15.3,66.20142857142856,423,298,68,55,22,0.234,423,187,7
2023,1,Owo,0,WHO_literature,2023-01-02,0.01,23.634285714285713,30.32,16.82,64.97714285714285,423,298,68,55,22,0.234,423,187,7
2023,2,Owo,0,WHO_literature,2023-01-09,0.02,22.614285714285717,30.36,14.8,59.50142857142857,423,298,68,55,22,0.234,423,187,7
2023,3,Owo,0,WHO_literature,2023-01-16,1.16,24.857142857142858,31.99,17.04,69.66857142857143,423,298,68,55,22,0.234,423,187,7
2023,4,Owo,0,WHO_literature,2023-01-23,3.93,25.514285714285712,32.8,20.39,85.38857142857144,423,298,68,55,22,0.234,423,187,7
2023,5,Owo,0,WHO_literature,2023-01-30,20.06,25.851428571428574,32.21,21.79,85.12857142857142,423,298,68,55,22,0.234,423,187,7
2023,6,Owo,0,WHO_literature,2023-02-06,50.199999999999996,26.25142857142857,32.76,19.74,76.52,423,298,68,55,22,0.234,423,187,7
2023,7,Owo,0,WHO_literature,2023-02-13,0.0,23.437142857142856,30.57,17.19,58.37571428571429,423,298,68,55,22,0.234,423,187,7
2023,8,Owo,0,WHO_literature,2023-02-20,25.41,25.647142857142857,31.76,17.73,78.25571428571428,423,298,68,55,22,0.234,423,187,7
2023,9,Owo,0,WHO_literature,2023-02-27,15.36,25.885714285714283,29.93,22.49,89.29428571428572,423,298,68,55,22,0.234,423,187,7
2023,10,Owo,0,WHO_literature,2023-03-06,31.240000000000002,26.005714285714284,30.53,22.53,89.08142857142856,423,298,68,55,22,0.234,423,187,7
2023,11,Owo,0,WHO_literature,2023-03-13,31.73,25.24857142857143,30.47,21.92,88.23857142857142,423,298,68,55,22,0.234,423,187,7
2023,12,Owo,0,WHO_literature,2023-03-20,31.86,25.57857142857143,30.92,21.33,86.32714285714285,423,298,68,55,22,0.234,423,187,7
2023,13,Owo,0,WHO_literature,2023-03-27,23.13,26.207142857142856,31.12,22.83,86.54714285714284,423,298,68,55,22,0.234,423,187,7
2023,14,Owo,0,WHO_literature,2023-04-03,35.76,25.939999999999998,30.46,22.51,89.35428571428572,423,298,68,55,22,0.234,423,187,7
2023,15,Owo,0,WHO_literature,2023-04-10,20.94,26.115714285714287,31.51,22.75,90.13428571428572,423,298,68,55,22,0.234,423,187,7
2023,16,Owo,0,WHO_literature,2023-04-17,20.02,26.24857142857143,31.22,23.11,89.74571428571429,423,298,68,55,22,0.234,423,187,7
2023,17,Owo,0,WHO_literature,2023-04-24,35.349999999999994,25.388571428571428,29.91,22.6,90.40142857142857,423,298,68,55,22,0.234,423,187,7
2023,18,Owo,0,WHO_literature,2023-05-01,22.009999999999998,25.725714285714282,30.23,22.08,89.16714285714285,423,298,68,55,22,0.234,423,187,7
2023,19,Owo,0,WHO_literature,2023-05-08,25.84,26.25714285714286,31.81,23.01,89.86142857142856,423,298,68,55,22,0.234,423,187,7
2023,20,Owo,0,WHO_literature,2023-05-15,37.1,26.310000000000002,30.23,23.14,91.22857142857143,423,298,68,55,22,0.234,423,187,7
2023,21,Owo,0,WHO_literature,2023-05-22,23.41,26.15285714285714,30.58,22.54,91.06714285714285,423,298,68,55,22,0.234,423,187,7
2023,22,Owo,1,WHO_literature,2023-05-29,34.82,26.07857142857143,30.57,22.96,90.21857142857142,423,298,68,55,22,0.234,423,187,7
2023,23,Owo,3,WHO_literature,2023-06-05,133.97,25.07,29.32,22.21,92.4057142857143,423,298,68,55,22,0.234,423,187,7
2023,24,Owo,1,WHO_literature,2023-06-12,65.67,25.224285714285713,29.65,21.7,90.41857142857143,423,298,68,55,22,0.234,423,187,7
2023,25,Owo,2,WHO_literature,2023-06-19,44.52,24.864285714285717,29.24,21.76,91.23285714285714,423,298,68,55,22,0.234,423,187,7
2023,26,Owo,2,WHO_literature,2023-06-26,44.540000000000006,24.874285714285715,29.83,22.14,90.60142857142857,423,298,68,55,22,0.234,423,187,7
2023,27,Owo,1,WHO_literature,2023-07-03,57.24,24.927142857142858,30.24,21.82,91.32714285714285,423,298,68,55,22,0.234,423,187,7
2023,28,Owo,2,WHO_literature,2023-07-10,20.73,25.71,30.76,21.82,88.69571428571429,423,298,68,55,22,0.234,423,187,7
2023,29,Owo,2,WHO_literature,2023-07-17,54.59,25.255714285714284,29.13,22.68,91.64714285714285,423,298,68,55,22,0.234,423,187,7
2023,30,Owo,3,WHO_literature,2023-07-24,82.18,25.055714285714284,30.3,21.74,90.96285714285715,423,298,68,55,22,0.234,423,187,7
2023,31,Owo,4,WHO_literature,2023-07-31,19.21,25.018571428571427,29.96,21.75,90.22428571428573,423,298,68,55,22,0.234,423,187,7
2023,32,Owo,4,WHO_literature,2023-08-07,28.81,24.934285714285714,29.12,22.25,90.22714285714285,423,298,68,55,22,0.234,423,187,7
2023,33,Owo,0,WHO_literature,2023-08-14,20.36,25.27857142857143,30.44,21.83,89.06285714285715,423,298,68,55,22,0.234,423,187,7
2023,34,Owo,0,WHO_literature,2023-08-21,23.36,25.222857142857144,29.92,22.25,90.42,423,298,68,55,22,0.234,423,187,7
2023,35,Owo,1,WHO_literature,2023-08-28,111.52,24.689999999999998,28.86,21.55,91.67999999999999,423,298,68,55,22,0.234,423,187,7
2023,36,Owo,2,WHO_literature,2023-09-04,87.5,25.05857142857143,30.47,21.47,90.75857142857141,423,298,68,55,22,0.234,423,187,7
2023,37,Owo,2,WHO_literature,2023-09-11,102.97,25.084285714285716,29.2,22.51,92.23857142857143,423,298,68,55,22,0.234,423,187,7
2023,38,Owo,1,WHO_literature,2023-09-18,41.92,25.238571428571426,29.19,22.6,90.73,423,298,68,55,22,0.234,423,187,7
2023,39,Owo,0,WHO_literature,2023-09-25,61.709999999999994,26.11285714285714,31.07,22.2,89.44285714285715,423,298,68,55,22,0.234,423,187,7
2023,40,Owo,2,WHO_literature,2023-10-02,72.89,25.818571428571428,29.98,23.09,90.84857142857142,423,298,68,55,22,0.234,423,187,7
2023,41,Owo,2,WHO_literature,2023-10-09,42.58,25.81714285714286,30.12,23.16,91.12857142857142,423,298,68,55,22,0.234,423,187,7
2023,42,Owo,1,WHO_literature,2023-10-16,27.53,25.695714285714285,30.63,21.76,89.77571428571427,423,298,68,55,22,0.234,423,187,7
2023,43,Owo,0,WHO_literature,2023-10-23,4.18,26.021428571428572,30.94,22.57,89.47857142857143,423,298,68,55,22,0.234,423,187,7
2023,44,Owo,2,WHO_literature,2023-10-30,48.019999999999996,25.77857142857143,30.06,22.91,89.94285714285715,423,298,68,55,22,0.234,423,187,7
2023,45,Owo,0,WHO_literature,2023-11-06,19.6,25.967142857142857,30.62,22.75,89.72571428571428,423,298,68,55,22,0.234,423,187,7
2023,46,Owo,1,WHO_literature,2023-11-13,7.37,25.81714285714286,30.31,22.03,87.03285714285714,423,298,68,55,22,0.234,423,187,7
2023,47,Owo,0,WHO_literature,2023-11-20,24.27,25.865714285714287,31.47,22.67,89.26142857142858,423,298,68,55,22,0.234,423,187,7
2023,48,Owo,1,WHO_literature,2023-11-27,5.4,26.428571428571427,31.89,22.08,85.07142857142857,423,298,68,55,22,0.234,423,187,7
2023,49,Owo,0,WHO_literature,2023-12-04,0.24,26.56714285714286,31.93,22.39,82.97571428571428,423,298,68,55,22,0.234,423,187,7
2023,50,Owo,0,WHO_literature,2023-12-11,0.0,24.27,31.28,17.43,68.28142857142858,423,298,68,55,22,0.234,423,187,7
2023,51,Owo,0,WHO_literature,2023-12-18,0.0,25.217142857142857,31.55,18.37,70.66714285714286,423,298,68,55,22,0.234,423,187,7
2023,52,Owo,0,WHO_literature,2023-12-25,0.0,25.145714285714288,31.51,17.91,63.32571428571429,423,298,68,55,22,0.234,423,187,7
2024,1,Owo,0,WHO_literature,2024-01-01,0.77,26.487142857142857,32.27,19.55,75.76428571428572,423,298,68,55,22,0.234,423,187,7
2024,2,Owo,0,WHO_literature,2024-01-08,1.83,25.928571428571427,32.36,19.82,68.96000000000001,423,298,68,55,22,0.234,423,187,7
2024,3,Owo,0,WHO_literature,2024-01-15,0.0,23.90857142857143,31.65,15.0,50.06142857142857,423,298,68,55,22,0.234,423,187,7
2024,4,Owo,0,WHO_literature,2024-01-22,6.109999999999999,24.037142857142857,32.37,16.56,67.47571428571429,423,298,68,55,22,0.234,423,187,7
2024,5,Owo,0,WHO_literature,2024-01-29,0.0,25.15285714285714,31.6,18.07,59.59571428571429,423,298,68,55,22,0.234,423,187,7
2024,6,Owo,0,WHO_literature,2024-02-05,0.0,24.747142857142855,32.74,17.52,62.66428571428571,423,298,68,55,22,0.234,423,187,7
2024,7,Owo,0,WHO_literature,2024-02-12,0.37,27.117142857142856,33.27,22.43,81.4342857142857,423,298,68,55,22,0.234,423,187,7
2024,8,Owo,0,WHO_literature,2024-02-19,16.03,27.357142857142858,33.71,22.76,78.33428571428571,423,298,68,55,22,0.234,423,187,7
2024,9,Owo,0,WHO_literature,2024-02-26,0.55,27.12714285714286,33.62,21.53,84.74571428571429,423,298,68,55,22,0.234,423,187,7
2024,10,Owo,0,WHO_literature,2024-03-04,3.92,27.084285714285716,32.83,23.59,86.77428571428571,423,298,68,55,22,0.234,423,187,7
2024,11,Owo,0,WHO_literature,2024-03-11,10.65,27.467142857142857,34.33,23.83,86.17428571428572,423,298,68,55,22,0.234,423,187,7
2024,12,Owo,0,WHO_literature,2024-03-18,4.88,27.43,33.59,23.75,85.03714285714285,423,298,68,55,22,0.234,423,187,7
2024,13,Owo,0,WHO_literature,2024-03-25,4.77,27.349999999999998,32.67,24.31,87.64285714285714,423,298,68,55,22,0.234,423,187,7
2024,14,Owo,0,WHO_literature,2024-04-01,14.870000000000001,27.108571428571427,32.05,24.31,88.86285714285714,423,298,68,55,22,0.234,423,187,7
2024,15,Owo,0,WHO_literature,2024-04-08,24.96,26.564285714285713,31.4,23.4,89.32142857142857,423,298,68,55,22,0.234,423,187,7
2024,16,Owo,0,WHO_literature,2024-04-15,5.67,27.099999999999998,31.91,24.29,88.7057142857143,423,298,68,55,22,0.234,423,187,7
2024,17,Owo,0,WHO_literature,2024-04-22,37.4,27.048571428571428,31.56,23.98,90.10571428571428,423,298,68,55,22,0.234,423,187,7
2024,18,Owo,0,WHO_literature,2024-04-29,51.13,26.615714285714287,30.91,23.47,91.3,423,298,68,55,22,0.234,423,187,7
2024,19,Owo,1,WHO_literature,2024-05-06,8.629999999999999,26.985714285714288,30.98,24.11,89.21000000000001,423,298,68,55,22,0.234,423,187,7
2024,20,Owo,0,WHO_literature,2024-05-13,34.43,27.09142857142857,31.82,23.35,88.04714285714286,423,298,68,55,22,0.234,423,187,7
2024,21,Owo,1,WHO_literature,2024-05-20,72.75,26.424285714285713,30.61,23.02,90.38571428571429,423,298,68,55,22,0.234,423,187,7
2024,22,Owo,1,WHO_literature,2024-05-27,31.86,26.27857142857143,30.35,23.19,91.10142857142857,423,298,68,55,22,0.234,423,187,7
2024,23,Owo,0,WHO_literature,2024-06-03,39.88,25.94142857142857,29.9,23.01,91.52,423,298,68,55,22,0.234,423,187,7
2024,24,Owo,1,WHO_literature,2024-06-10,47.39,25.987142857142857,30.43,22.65,89.93285714285715,423,298,68,55,22,0.234,423,187,7
2024,25,Owo,2,WHO_literature,2024-06-17,38.019999999999996,25.59,31.06,22.35,90.93857142857142,423,298,68,55,22,0.234,423,187,7
2024,26,Owo,1,WHO_literature,2024-06-24,46.62,25.16857142857143,29.27,21.55,90.77285714285713,423,298,68,55,22,0.234,423,187,7
2024,27,Owo,1,WHO_literature,2024-07-01,58.57,25.238571428571426,29.56,22.14,90.0457142857143,423,298,68,55,22,0.234,423,187,7
2024,28,Owo,2,WHO_literature,2024-07-08,33.440000000000005,25.187142857142856,29.61,22.02,89.55999999999999,423,298,68,55,22,0.234,423,187,7
2024,29,Owo,2,WHO_literature,2024-07-15,77.06,24.981428571428573,29.48,22.3,91.11285714285714,423,298,68,55,22,0.234,423,187,7
2024,30,Owo,3,WHO_literature,2024-07-22,15.45,24.975714285714282,29.93,22.1,89.34285714285714,423,298,68,55,22,0.234,423,187,7
2024,31,Owo,1,WHO_literature,2024-07-29,22.38,24.978571428571428,29.87,21.8,88.76571428571428,423,298,68,55,22,0.234,423,187,7
2024,32,Owo,0,WHO_literature,2024-08-05,3.71,24.865714285714287,30.0,21.7,87.46857142857142,423,298,68,55,22,0.234,423,187,7
2024,33,Owo,0,WHO_literature,2024-08-12,7.73,24.762857142857143,29.44,21.74,88.42428571428572,423,298,68,55,22,0.234,423,187,7
2024,34,Owo,1,WHO_literature,2024-08-19,84.86,24.715714285714284,29.45,22.14,91.21142857142857,423,298,68,55,22,0.234,423,187,7
2024,35,Owo,2,WHO_literature,2024-08-26,36.21,24.978571428571428,29.5,22.01,89.98285714285714,423,298,68,55,22,0.234,423,187,7
2024,36,Owo,2,WHO_literature,2024-09-02,58.919999999999995,24.882857142857144,30.27,21.02,89.0,423,298,68,55,22,0.234,423,187,7
2024,37,Owo,0,WHO_literature,2024-09-09,76.25,25.042857142857144,29.64,22.02,91.3,423,298,68,55,22,0.234,423,187,7
2024,38,Owo,0,WHO_literature,2024-09-16,42.61,25.31857142857143,30.0,21.89,89.37142857142858,423,298,68,55,22,0.234,423,187,7
2024,39,Owo,4,WHO_literature,2024-09-23,36.230000000000004,25.21857142857143,29.48,22.08,88.41714285714285,423,298,68,55,22,0.234,423,187,7
2024,40,Owo,2,WHO_literature,2024-09-30,60.160000000000004,25.147142857142857,30.39,22.02,90.78857142857143,423,298,68,55,22,0.234,423,187,7
2024,41,Owo,1,WHO_literature,2024-10-07,39.92,25.47,30.41,22.1,88.8442857142857,423,298,68,55,22,0.234,423,187,7
2024,42,Owo,0,WHO_literature,2024-10-14,38.39,25.12142857142857,29.59,20.83,88.30142857142857,423,298,68,55,22,0.234,423,187,7
2024,43,Owo,2,WHO_literature,2024-10-21,42.02,25.904285714285713,30.86,22.05,88.37142857142858,423,298,68,55,22,0.234,423,187,7
2024,44,Owo,0,WHO_literature,2024-10-28,32.93,26.764285714285712,31.61,22.87,83.62428571428572,423,298,68,55,22,0.234,423,187,7
2024,45,Owo,1,WHO_literature,2024-11-04,4.92,25.842857142857145,31.31,21.14,80.99428571428572,423,298,68,55,22,0.234,423,187,7
2024,46,Owo,0,WHO_literature,2024-11-11,0.54,26.29,32.08,19.98,71.96428571428571,423,298,68,55,22,0.234,423,187,7
2024,47,Owo,1,WHO_literature,2024-11-18,1.2799999999999998,25.594285714285714,31.38,19.6,72.00857142857143,423,298,68,55,22,0.234,423,187,7
2024,48,Owo,0,WHO_literature,2024-11-25,0.47,24.654285714285713,31.23,17.08,67.1842857142857,423,298,68,55,22,0.234,423,187,7
2024,49,Owo,0,WHO_literature,2024-12-02,0.01,24.965714285714284,31.5,18.84,70.72428571428571,423,298,68,55,22,0.234,423,187,7
2024,50,Owo,0,WHO_literature,2024-12-09,0.05,25.060000000000002,32.59,17.11,64.30857142857143,423,298,68,55,22,0.234,423,187,7
2024,51,Owo,0,WHO_literature,2024-12-16,0.0,24.257142857142856,31.77,16.46,59.26428571428572,423,298,68,55,22,0.234,423,187,7
2024,52,Owo,0,WHO_literature,2024-12-23,0.0,24.798571428571428,32.12,18.32,65.11142857142858,423,298,68,55,22,0.234,423,187,7
